filename,folder,extracted_text
1c89969c27b6f7ea57d47a74f579b5cc-2-_jpg.rf.9d5c1e6937480c31664d77f0f5a9a924.jpg,/kaggle/input/datasets/nagendra048/aadhar-dataset/valid/images,Error: C:\Program Files\Tesseract-OCR\tesseract.exe is not installed or it's not in your PATH. See README file for more information.
15702284b04c27864e819ad89483b80d_jpg.rf.752bb9941849bb6e97eaab763d908513.jpg,/kaggle/input/datasets/nagendra048/aadhar-dataset/valid/images,Error: C:\Program Files\Tesseract-OCR\tesseract.exe is not installed or it's not in your PATH. See README file for more information.
e46c99152bf3cfd347cc7ba27eb6ecd2_jpg.rf.66722eb407a4b8dcfd173151132796c9.jpg,/kaggle/input/datasets/nagendra048/aadhar-dataset/valid/images,Error: C:\Program Files\Tesseract-OCR\tesseract.exe is not installed or it's not in your PATH. See README file for more information.
images-14-_jpg.rf.61b631ace830e5b8158af2d2c89092bf.jpg,/kaggle/input/datasets/nagendra048/aadhar-dataset/valid/images,Error: C:\Program Files\Tesseract-OCR\tesseract.exe is not installed or it's not in your PATH. See README file for more information.
c06a8a5d5214f4545a91b5c35eb7aa43_jpg.rf.a630bfadc1c743a2d80e82d63d70ddc2.jpg,/kaggle/input/datasets/nagendra048/aadhar-dataset/valid/images,Error: C:\Program Files\Tesseract-OCR\tesseract.exe is not installed or it's not in your PATH. See README file for more information.
sp-42095176-5v4rgi-thumbnail_jpg.rf.ef6351ae45d64ef70c861ea642c9d169.jpg,/kaggle/input/datasets/nagendra048/aadhar-dataset/valid/images,Error: C:\Program Files\Tesseract-OCR\tesseract.exe is not installed or it's not in your PATH. See README file for more information.
a1e3125efaa4eebd8efc907ae48b69a1-1-_jpg.rf.277554f82838d870f138da2262a621a7.jpg,/kaggle/input/datasets/nagendra048/aadhar-dataset/valid/images,Error: C:\Program Files\Tesseract-OCR\tesseract.exe is not installed or it's not in your PATH. See README file for more information.
9ccffeac84c5b19e14bab96b9177b18b_jpg.rf.11af8259bcbd392666e0457c89c08e53.jpg,/kaggle/input/datasets/nagendra048/aadhar-dataset/valid/images,Error: C:\Program Files\Tesseract-OCR\tesseract.exe is not installed or it's not in your PATH. See README file for more information.
EWlRgN0UMAEhp1u_jpg.rf.1338d0a020b0f6af248300a6b9fbc9d7.jpg,/kaggle/input/datasets/nagendra048/aadhar-dataset/valid/images,Error: C:\Program Files\Tesseract-OCR\tesseract.exe is not installed or it's not in your PATH. See README file for more information.
images-7-_jpg.rf.92783853653a74d456cebe47182d6569.jpg,/kaggle/input/datasets/nagendra048/aadhar-dataset/valid/images,Error: C:\Program Files\Tesseract-OCR\tesseract.exe is not installed or it's not in your PATH. See README file for more information.
images-7-_jpg.rf.97f3c194fd16c32e9d5e8260c54f7c49.jpg,/kaggle/input/datasets/nagendra048/aadhar-dataset/valid/images,Error: C:\Program Files\Tesseract-OCR\tesseract.exe is not installed or it's not in your PATH. See README file for more information.
94eb12c96f2d79889f4856eb47ae25a4_jpg.rf.c1f77bf97ee71bb2ee767482d069704a.jpg,/kaggle/input/datasets/nagendra048/aadhar-dataset/valid/images,Error: C:\Program Files\Tesseract-OCR\tesseract.exe is not installed or it's not in your PATH. See README file for more information.
cfd6db78024aa90c6166e6873945fa56_jpg.rf.26c6f8957146d9e794035d226ff709c5.jpg,/kaggle/input/datasets/nagendra048/aadhar-dataset/valid/images,Error: C:\Program Files\Tesseract-OCR\tesseract.exe is not installed or it's not in your PATH. See README file for more information.
Ee-U7_SVAAIKkKh_jpg.rf.49a2d2dca4a817916d1fa679ed34250f.jpg,/kaggle/input/datasets/nagendra048/aadhar-dataset/valid/images,Error: C:\Program Files\Tesseract-OCR\tesseract.exe is not installed or it's not in your PATH. See README file for more information.
card_jpg.rf.724924c6de9804b9f92598093e56f78a.jpg,/kaggle/input/datasets/nagendra048/aadhar-dataset/valid/images,Error: C:\Program Files\Tesseract-OCR\tesseract.exe is not installed or it's not in your PATH. See README file for more information.
images-4-_jpg.rf.6b16aa67771ef57e9abbccaa2f842170.jpg,/kaggle/input/datasets/nagendra048/aadhar-dataset/valid/images,Error: C:\Program Files\Tesseract-OCR\tesseract.exe is not installed or it's not in your PATH. See README file for more information.
c69b7f40144bf1cd4051251754af93ed-2-_jpg.rf.060a53826290bbe89d8722231bc27016.jpg,/kaggle/input/datasets/nagendra048/aadhar-dataset/valid/images,Error: C:\Program Files\Tesseract-OCR\tesseract.exe is not installed or it's not in your PATH. See README file for more information.
adhar_card_6402313_835x547-m_jpg.rf.a8438e4e24504c0cded8f14c2875d89a.jpg,/kaggle/input/datasets/nagendra048/aadhar-dataset/valid/images,Error: C:\Program Files\Tesseract-OCR\tesseract.exe is not installed or it's not in your PATH. See README file for more information.
19b620ad00aeb2885f0f0a1ccb337919_jpg.rf.6bb2d3949362ff637f6bc7e7813dfe20.jpg,/kaggle/input/datasets/nagendra048/aadhar-dataset/valid/images,Error: C:\Program Files\Tesseract-OCR\tesseract.exe is not installed or it's not in your PATH. See README file for more information.
e383ea165dd6f41b69ef72df10c4c473-1-_jpg.rf.2617a8caa5bc242b6e38382e553a2153.jpg,/kaggle/input/datasets/nagendra048/aadhar-dataset/valid/images,Error: C:\Program Files\Tesseract-OCR\tesseract.exe is not installed or it's not in your PATH. See README file for more information.
images-10-_jpg.rf.a19590ed18e9e19ac2715ca6ecf22ca1.jpg,/kaggle/input/datasets/nagendra048/aadhar-dataset/valid/images,Error: C:\Program Files\Tesseract-OCR\tesseract.exe is not installed or it's not in your PATH. See README file for more information.
ershad-adhar-centre-dinajpur-aadhaar-card-agents-gqwff0s4do_jpg.rf.740fc6e48b19c6154e9317926cf83e4f.jpg,/kaggle/input/datasets/nagendra048/aadhar-dataset/valid/images,Error: C:\Program Files\Tesseract-OCR\tesseract.exe is not installed or it's not in your PATH. See README file for more information.
26e69450edbd8716ee253bd7ec9b7607_jpg.rf.8bb263fbdccd39efda6e532a385f48aa.jpg,/kaggle/input/datasets/nagendra048/aadhar-dataset/valid/images,Error: C:\Program Files\Tesseract-OCR\tesseract.exe is not installed or it's not in your PATH. See README file for more information.
meerut-news_1591527061_jpg.rf.ec312382e42943c618b7667acf83f7e5.jpg,/kaggle/input/datasets/nagendra048/aadhar-dataset/valid/images,Error: C:\Program Files\Tesseract-OCR\tesseract.exe is not installed or it's not in your PATH. See README file for more information.
images-8-_jpg.rf.9cf0175c0e91701b25e6c911ff8a2c9a.jpg,/kaggle/input/datasets/nagendra048/aadhar-dataset/valid/images,Error: C:\Program Files\Tesseract-OCR\tesseract.exe is not installed or it's not in your PATH. See README file for more information.
2b923b9c9b526e45022e18d0493946ba_jpg.rf.ab5e0526d0ebee55ffc7ecaf5d6304ba.jpg,/kaggle/input/datasets/nagendra048/aadhar-dataset/valid/images,Error: C:\Program Files\Tesseract-OCR\tesseract.exe is not installed or it's not in your PATH. See README file for more information.
images-19-_jpg.rf.701ff30746a5496a4b24649755c70181.jpg,/kaggle/input/datasets/nagendra048/aadhar-dataset/valid/images,Error: C:\Program Files\Tesseract-OCR\tesseract.exe is not installed or it's not in your PATH. See README file for more information.
94fc829f3e5abeea915fd790fba1ca4f_jpg.rf.4ae4e959eb0613c3e7fc541daa613bc5.jpg,/kaggle/input/datasets/nagendra048/aadhar-dataset/valid/images,Error: C:\Program Files\Tesseract-OCR\tesseract.exe is not installed or it's not in your PATH. See README file for more information.
2b923b9c9b526e45022e18d0493946ba-1-_jpg.rf.b52cc1c08954929f238bbd737c646089.jpg,/kaggle/input/datasets/nagendra048/aadhar-dataset/valid/images,Error: C:\Program Files\Tesseract-OCR\tesseract.exe is not installed or it's not in your PATH. See README file for more information.
aadhar_jpg.rf.4ed2363ab993e99adf554fb789745cb0.jpg,/kaggle/input/datasets/nagendra048/aadhar-dataset/valid/images,Error: C:\Program Files\Tesseract-OCR\tesseract.exe is not installed or it's not in your PATH. See README file for more information.
f99b3efadece9bde10e251760cc71b1c_jpg.rf.6f4755d2739204c2f026307432192024.jpg,/kaggle/input/datasets/nagendra048/aadhar-dataset/valid/images,Error: C:\Program Files\Tesseract-OCR\tesseract.exe is not installed or it's not in your PATH. See README file for more information.
14171f7e3e906f9bb9cbee0e44b183ab_jpg.rf.71e709025c8bfaadd757780db48a7bfa.jpg,/kaggle/input/datasets/nagendra048/aadhar-dataset/valid/images,Error: C:\Program Files\Tesseract-OCR\tesseract.exe is not installed or it's not in your PATH. See README file for more information.
102_509409293_jpg.rf.d17a8bbbfd7d297d0fbb69ce8f63199c.jpg,/kaggle/input/datasets/nagendra048/aadhar-dataset/valid/images,Error: C:\Program Files\Tesseract-OCR\tesseract.exe is not installed or it's not in your PATH. See README file for more information.
b4ec339af5996addce61a9c73b7162f3-1-_jpg.rf.815549ec623d1933eca735f7d44fc702.jpg,/kaggle/input/datasets/nagendra048/aadhar-dataset/valid/images,Error: C:\Program Files\Tesseract-OCR\tesseract.exe is not installed or it's not in your PATH. See README file for more information.
1b26b406ad9485c98cd496bc371db57f_jpg.rf.4a1ae9a22acc11fcf322aa33e786df77.jpg,/kaggle/input/datasets/nagendra048/aadhar-dataset/valid/images,Error: C:\Program Files\Tesseract-OCR\tesseract.exe is not installed or it's not in your PATH. See README file for more information.
6b6ad42e38094e11a2260c2694582da5_jpg.rf.20708044ddb5d4d1ead5088b8878c597.jpg,/kaggle/input/datasets/nagendra048/aadhar-dataset/valid/images,Error: C:\Program Files\Tesseract-OCR\tesseract.exe is not installed or it's not in your PATH. See README file for more information.
a1e3125efaa4eebd8efc907ae48b69a1_jpg.rf.3fda9b16f9f3b8b789298f3203c5afed.jpg,/kaggle/input/datasets/nagendra048/aadhar-dataset/valid/images,Error: C:\Program Files\Tesseract-OCR\tesseract.exe is not installed or it's not in your PATH. See README file for more information.
ffa5e80e5c547686632c7bc9746fee87_jpg.rf.5892132a0b5e006478534099c0ddfb17.jpg,/kaggle/input/datasets/nagendra048/aadhar-dataset/valid/images,Error: C:\Program Files\Tesseract-OCR\tesseract.exe is not installed or it's not in your PATH. See README file for more information.
49fa3bcf36cda2851f2d12adc5f9f6db-2-_jpg.rf.a54f9054b4192a92eb9c861a2c34dc2a.jpg,/kaggle/input/datasets/nagendra048/aadhar-dataset/valid/images,Error: C:\Program Files\Tesseract-OCR\tesseract.exe is not installed or it's not in your PATH. See README file for more information.
ac313c63f18e91c513128fa97bce32d6_jpg.rf.10319020fef56763b4c6b52aa9c6c0ff.jpg,/kaggle/input/datasets/nagendra048/aadhar-dataset/valid/images,Error: C:\Program Files\Tesseract-OCR\tesseract.exe is not installed or it's not in your PATH. See README file for more information.
46804894d63fe5b3fea2582cfa7657c7-1-_jpg.rf.2bed90374fdb44ee46676cf970bec88d.jpg,/kaggle/input/datasets/nagendra048/aadhar-dataset/valid/images,Error: C:\Program Files\Tesseract-OCR\tesseract.exe is not installed or it's not in your PATH. See README file for more information.
3564191365d6dd7bff705c3252860029_jpg.rf.0cb18356df50dce96987448ff7a30a01.jpg,/kaggle/input/datasets/nagendra048/aadhar-dataset/valid/images,Error: C:\Program Files\Tesseract-OCR\tesseract.exe is not installed or it's not in your PATH. See README file for more information.
2b923b9c9b526e45022e18d0493946ba-1-_jpg.rf.1c74a145586949c55f3332f51ab0234f.jpg,/kaggle/input/datasets/nagendra048/aadhar-dataset/valid/images,Error: C:\Program Files\Tesseract-OCR\tesseract.exe is not installed or it's not in your PATH. See README file for more information.
94fc829f3e5abeea915fd790fba1ca4f_jpg.rf.e7fbb58bc62ef4855a2669751962f182.jpg,/kaggle/input/datasets/nagendra048/aadhar-dataset/valid/images,Error: C:\Program Files\Tesseract-OCR\tesseract.exe is not installed or it's not in your PATH. See README file for more information.
35c4f8abcda3c0e3fe13b2435deaaff4_jpg.rf.768fed19e6452ebbdf33c6fef2b0a71e.jpg,/kaggle/input/datasets/nagendra048/aadhar-dataset/valid/images,Error: C:\Program Files\Tesseract-OCR\tesseract.exe is not installed or it's not in your PATH. See README file for more information.
card_jpg.rf.f8a517652fe487d93a61f92a12055f45.jpg,/kaggle/input/datasets/nagendra048/aadhar-dataset/valid/images,Error: C:\Program Files\Tesseract-OCR\tesseract.exe is not installed or it's not in your PATH. See README file for more information.
0e0a5204f238d9c743ae456a8dc6529a_jpg.rf.173119ca2f829fe030cf0bd24e048106.jpg,/kaggle/input/datasets/nagendra048/aadhar-dataset/valid/images,Error: C:\Program Files\Tesseract-OCR\tesseract.exe is not installed or it's not in your PATH. See README file for more information.
images-1-_jpg.rf.eb00c50eda00d8924bc48bbecf846a52.jpg,/kaggle/input/datasets/nagendra048/aadhar-dataset/valid/images,Error: C:\Program Files\Tesseract-OCR\tesseract.exe is not installed or it's not in your PATH. See README file for more information.
c7d12dabedb1da10342b91dea665a917-1-_jpg.rf.593d5db0303453f5e920d3f34a761669.jpg,/kaggle/input/datasets/nagendra048/aadhar-dataset/valid/images,Error: C:\Program Files\Tesseract-OCR\tesseract.exe is not installed or it's not in your PATH. See README file for more information.
images-12-_jpg.rf.a7d1c6762b47bc068cd2f151c85aa40e.jpg,/kaggle/input/datasets/nagendra048/aadhar-dataset/valid/images,Error: C:\Program Files\Tesseract-OCR\tesseract.exe is not installed or it's not in your PATH. See README file for more information.
5a9f2c8658426f9b1b17bfa65ef0d62c_jpg.rf.25e1d8a539f81fe33dad9725539b2bb9.jpg,/kaggle/input/datasets/nagendra048/aadhar-dataset/valid/images,Error: C:\Program Files\Tesseract-OCR\tesseract.exe is not installed or it's not in your PATH. See README file for more information.
sp-42095176-5v4rgi-thumbnail_jpg.rf.431cd49e24f9aee8a4493ea916c44170.jpg,/kaggle/input/datasets/nagendra048/aadhar-dataset/valid/images,Error: C:\Program Files\Tesseract-OCR\tesseract.exe is not installed or it's not in your PATH. See README file for more information.
f6644ae09eb9acfc6a71f01115f917f9_jpg.rf.170361682aa8b6f99f5b6bc31b21316d.jpg,/kaggle/input/datasets/nagendra048/aadhar-dataset/valid/images,Error: C:\Program Files\Tesseract-OCR\tesseract.exe is not installed or it's not in your PATH. See README file for more information.
Adhar_Card_jpg.rf.35c454e87f15b8f0d9e2882ebd8c7e36.jpg,/kaggle/input/datasets/nagendra048/aadhar-dataset/valid/images,Error: C:\Program Files\Tesseract-OCR\tesseract.exe is not installed or it's not in your PATH. See README file for more information.
adhar1_2366193f_jpg.rf.e31d45c28ba87d7baf518dd314e03af8.jpg,/kaggle/input/datasets/nagendra048/aadhar-dataset/valid/images,Error: C:\Program Files\Tesseract-OCR\tesseract.exe is not installed or it's not in your PATH. See README file for more information.
maxresdefault-1_jpg.rf.3e0d208d0d0c7b1c9885c0ade39ac989.jpg,/kaggle/input/datasets/nagendra048/aadhar-dataset/valid/images,Error: C:\Program Files\Tesseract-OCR\tesseract.exe is not installed or it's not in your PATH. See README file for more information.
73a8158ee961472799e57e72b1868f54_jpg.rf.c742931b6e59d7efd27bf3b7f0518b50.jpg,/kaggle/input/datasets/nagendra048/aadhar-dataset/valid/images,Error: C:\Program Files\Tesseract-OCR\tesseract.exe is not installed or it's not in your PATH. See README file for more information.
3564191365d6dd7bff705c3252860029_jpg.rf.baa612706f635dfd470f3012e4ff7886.jpg,/kaggle/input/datasets/nagendra048/aadhar-dataset/valid/images,Error: C:\Program Files\Tesseract-OCR\tesseract.exe is not installed or it's not in your PATH. See README file for more information.
447675edf75967ed3047d0ff28f280ac_jpg.rf.683416a96a1e0107b7c07a275d023b27.jpg,/kaggle/input/datasets/nagendra048/aadhar-dataset/valid/images,Error: C:\Program Files\Tesseract-OCR\tesseract.exe is not installed or it's not in your PATH. See README file for more information.
25305fe9d4d92e3899f5fbcab86fb2c7-1-_jpg.rf.2e7c4b897c79a74047c89c0ca01a34bf.jpg,/kaggle/input/datasets/nagendra048/aadhar-dataset/valid/images,Error: C:\Program Files\Tesseract-OCR\tesseract.exe is not installed or it's not in your PATH. See README file for more information.
35c4f8abcda3c0e3fe13b2435deaaff4_jpg.rf.d5a5d339cfb6469dfb8fa34df8021634.jpg,/kaggle/input/datasets/nagendra048/aadhar-dataset/valid/images,Error: C:\Program Files\Tesseract-OCR\tesseract.exe is not installed or it's not in your PATH. See README file for more information.
3564191365d6dd7bff705c3252860029_jpg.rf.513754bf1059e5a7ea8a4583d41924df.jpg,/kaggle/input/datasets/nagendra048/aadhar-dataset/valid/images,Error: C:\Program Files\Tesseract-OCR\tesseract.exe is not installed or it's not in your PATH. See README file for more information.
images-19-_jpg.rf.a8d030fff35066b7d584034c1636e61a.jpg,/kaggle/input/datasets/nagendra048/aadhar-dataset/valid/images,Error: C:\Program Files\Tesseract-OCR\tesseract.exe is not installed or it's not in your PATH. See README file for more information.
D8E0Re_VsAEzhCg_jpg.rf.e5d8f20f6759bc75c69b41477106b0d9.jpg,/kaggle/input/datasets/nagendra048/aadhar-dataset/valid/images,Error: C:\Program Files\Tesseract-OCR\tesseract.exe is not installed or it's not in your PATH. See README file for more information.
0c0584201ff552c4bdcbe160315aa432_jpg.rf.534f1641661899795a3739217fd3c7bc.jpg,/kaggle/input/datasets/nagendra048/aadhar-dataset/valid/images,Error: C:\Program Files\Tesseract-OCR\tesseract.exe is not installed or it's not in your PATH. See README file for more information.
8988c5603729dd48f76f59d6f3c6148e_jpg.rf.6375892a9390c95396e32c4bc4db3094.jpg,/kaggle/input/datasets/nagendra048/aadhar-dataset/valid/images,Error: C:\Program Files\Tesseract-OCR\tesseract.exe is not installed or it's not in your PATH. See README file for more information.
06_01_2022_03_14_36_png_jpg.rf.c0ad05c1cb9b92b6716d1d0348895008.jpg,/kaggle/input/datasets/nagendra048/aadhar-dataset/valid/images,Error: C:\Program Files\Tesseract-OCR\tesseract.exe is not installed or it's not in your PATH. See README file for more information.
ce1ea2dcb0a8e8dac1e26793ad3d5ecb_jpg.rf.c6837f021ccd3bc29db81417cdf25e08.jpg,/kaggle/input/datasets/nagendra048/aadhar-dataset/valid/images,Error: C:\Program Files\Tesseract-OCR\tesseract.exe is not installed or it's not in your PATH. See README file for more information.
images-9-_jpg.rf.8251d5f767e8e1b483eb1691aa5507ae.jpg,/kaggle/input/datasets/nagendra048/aadhar-dataset/valid/images,Error: C:\Program Files\Tesseract-OCR\tesseract.exe is not installed or it's not in your PATH. See README file for more information.
images-10-_jpg.rf.74c9b56ffceeb9838d7a95ea6457d908.jpg,/kaggle/input/datasets/nagendra048/aadhar-dataset/valid/images,Error: C:\Program Files\Tesseract-OCR\tesseract.exe is not installed or it's not in your PATH. See README file for more information.
5a9f2c8658426f9b1b17bfa65ef0d62c_jpg.rf.7dc9fc7d11a77f38549991150afad773.jpg,/kaggle/input/datasets/nagendra048/aadhar-dataset/valid/images,Error: C:\Program Files\Tesseract-OCR\tesseract.exe is not installed or it's not in your PATH. See README file for more information.
14171f7e3e906f9bb9cbee0e44b183ab-1-_jpg.rf.afb01be36ab205ad2062368058465bd3.jpg,/kaggle/input/datasets/nagendra048/aadhar-dataset/valid/images,Error: C:\Program Files\Tesseract-OCR\tesseract.exe is not installed or it's not in your PATH. See README file for more information.
e731587b225d7bad435c4cfb7cbec669_jpg.rf.f556e07cc40ccf678ac5cc38ff280091.jpg,/kaggle/input/datasets/nagendra048/aadhar-dataset/valid/images,Error: C:\Program Files\Tesseract-OCR\tesseract.exe is not installed or it's not in your PATH. See README file for more information.
amb-022_1636178548_jpg.rf.7b182808530b102250973ae9f0b980a6.jpg,/kaggle/input/datasets/nagendra048/aadhar-dataset/valid/images,Error: C:\Program Files\Tesseract-OCR\tesseract.exe is not installed or it's not in your PATH. See README file for more information.
banner_jpg.rf.fe40b056146d8f3f02a6a565c982e072.jpg,/kaggle/input/datasets/nagendra048/aadhar-dataset/valid/images,Error: C:\Program Files\Tesseract-OCR\tesseract.exe is not installed or it's not in your PATH. See README file for more information.
images-6-_jpg.rf.da3ffcc5c1449bc643e3332ac27eb207.jpg,/kaggle/input/datasets/nagendra048/aadhar-dataset/valid/images,Error: C:\Program Files\Tesseract-OCR\tesseract.exe is not installed or it's not in your PATH. See README file for more information.
94eb12c96f2d79889f4856eb47ae25a4_jpg.rf.b41249510e55ea3a1def3b9d3d10b8de.jpg,/kaggle/input/datasets/nagendra048/aadhar-dataset/valid/images,Error: C:\Program Files\Tesseract-OCR\tesseract.exe is not installed or it's not in your PATH. See README file for more information.
images_jpg.rf.7d17a7fe07f3cd120c41d0c2c9ec4e62.jpg,/kaggle/input/datasets/nagendra048/aadhar-dataset/valid/images,Error: C:\Program Files\Tesseract-OCR\tesseract.exe is not installed or it's not in your PATH. See README file for more information.
46804894d63fe5b3fea2582cfa7657c7-2-_jpg.rf.d1b898bf5443a976c21e42bb3a9e5195.jpg,/kaggle/input/datasets/nagendra048/aadhar-dataset/valid/images,Error: C:\Program Files\Tesseract-OCR\tesseract.exe is not installed or it's not in your PATH. See README file for more information.
amb-022_1636178548_jpg.rf.c119676b7c86bcdcf023aa6295519f62.jpg,/kaggle/input/datasets/nagendra048/aadhar-dataset/valid/images,Error: C:\Program Files\Tesseract-OCR\tesseract.exe is not installed or it's not in your PATH. See README file for more information.
images-10-_jpg.rf.fc7cdaa0472c41257abdf89361e12795.jpg,/kaggle/input/datasets/nagendra048/aadhar-dataset/valid/images,Error: C:\Program Files\Tesseract-OCR\tesseract.exe is not installed or it's not in your PATH. See README file for more information.
b7becd5c330f22d135ef4ffa3b26e65e_jpg.rf.5a8a44004a83eab8087c7c5af85b3441.jpg,/kaggle/input/datasets/nagendra048/aadhar-dataset/valid/images,Error: C:\Program Files\Tesseract-OCR\tesseract.exe is not installed or it's not in your PATH. See README file for more information.
b0d100d4275f891c2fbc6d9d56dbd123_jpg.rf.4282a10cf3bc1000795ad4408d23132e.jpg,/kaggle/input/datasets/nagendra048/aadhar-dataset/valid/images,Error: C:\Program Files\Tesseract-OCR\tesseract.exe is not installed or it's not in your PATH. See README file for more information.
14171f7e3e906f9bb9cbee0e44b183ab_jpg.rf.ab94b18b5c826e86aff29fbd82a4b36e.jpg,/kaggle/input/datasets/nagendra048/aadhar-dataset/valid/images,Error: C:\Program Files\Tesseract-OCR\tesseract.exe is not installed or it's not in your PATH. See README file for more information.
2017_7image_01_34_3344908890_jpg.rf.9594523526b38eead48d9f0b85c43a3e.jpg,/kaggle/input/datasets/nagendra048/aadhar-dataset/valid/images,Error: C:\Program Files\Tesseract-OCR\tesseract.exe is not installed or it's not in your PATH. See README file for more information.
447675edf75967ed3047d0ff28f280ac_jpg.rf.07f82215bba9c7009955a2b61f31ae4c.jpg,/kaggle/input/datasets/nagendra048/aadhar-dataset/valid/images,Error: C:\Program Files\Tesseract-OCR\tesseract.exe is not installed or it's not in your PATH. See README file for more information.
images-12-_jpg.rf.3608a65fadb917452ef4b02d83e440ea.jpg,/kaggle/input/datasets/nagendra048/aadhar-dataset/valid/images,Error: C:\Program Files\Tesseract-OCR\tesseract.exe is not installed or it's not in your PATH. See README file for more information.
dd73e0797834fecca12c450729c37fef_jpg.rf.425128722223f9e7b05198bed49296f2.jpg,/kaggle/input/datasets/nagendra048/aadhar-dataset/valid/images,Error: C:\Program Files\Tesseract-OCR\tesseract.exe is not installed or it's not in your PATH. See README file for more information.
a1e3125efaa4eebd8efc907ae48b69a1_jpg.rf.bbadd63e51f9b1073d94974a599c8e7b.jpg,/kaggle/input/datasets/nagendra048/aadhar-dataset/valid/images,Error: C:\Program Files\Tesseract-OCR\tesseract.exe is not installed or it's not in your PATH. See README file for more information.
meerut-news_1591527061_jpg.rf.3a5ea680d0469b61d4d90dd75c2d1ffc.jpg,/kaggle/input/datasets/nagendra048/aadhar-dataset/valid/images,Error: C:\Program Files\Tesseract-OCR\tesseract.exe is not installed or it's not in your PATH. See README file for more information.
94fc829f3e5abeea915fd790fba1ca4f_jpg.rf.776432027e7630bd818606b38b045ff3.jpg,/kaggle/input/datasets/nagendra048/aadhar-dataset/valid/images,Error: C:\Program Files\Tesseract-OCR\tesseract.exe is not installed or it's not in your PATH. See README file for more information.
download_jpg.rf.e9680beb6d874aa981413842da31fcf0.jpg,/kaggle/input/datasets/nagendra048/aadhar-dataset/valid/images,Error: C:\Program Files\Tesseract-OCR\tesseract.exe is not installed or it's not in your PATH. See README file for more information.
ffa5e80e5c547686632c7bc9746fee87_jpg.rf.9606cbe1164ad280a75a642240853377.jpg,/kaggle/input/datasets/nagendra048/aadhar-dataset/valid/images,Error: C:\Program Files\Tesseract-OCR\tesseract.exe is not installed or it's not in your PATH. See README file for more information.
97d297f8384d0e9b857e3ebc0bd31dcd_jpg.rf.2eab687b714d502e3ae5bf71b2f0e05c.jpg,/kaggle/input/datasets/nagendra048/aadhar-dataset/valid/images,Error: C:\Program Files\Tesseract-OCR\tesseract.exe is not installed or it's not in your PATH. See README file for more information.
a1e3125efaa4eebd8efc907ae48b69a1-1-_jpg.rf.41c55533bfefbdeb69616ec3441d5519.jpg,/kaggle/input/datasets/nagendra048/aadhar-dataset/valid/images,Error: C:\Program Files\Tesseract-OCR\tesseract.exe is not installed or it's not in your PATH. See README file for more information.
images-6-_jpg.rf.e818c5ea18c8586f3f2e2daf412daf20.jpg,/kaggle/input/datasets/nagendra048/aadhar-dataset/valid/images,Error: C:\Program Files\Tesseract-OCR\tesseract.exe is not installed or it's not in your PATH. See README file for more information.
447675edf75967ed3047d0ff28f280ac-1-_jpg.rf.c82f0813d7698fd5c71b10a79087da99.jpg,/kaggle/input/datasets/nagendra048/aadhar-dataset/valid/images,Error: C:\Program Files\Tesseract-OCR\tesseract.exe is not installed or it's not in your PATH. See README file for more information.
aadhar_jpg.rf.5e96a525031c5dcaf215c701a5a256a4.jpg,/kaggle/input/datasets/nagendra048/aadhar-dataset/valid/images,Error: C:\Program Files\Tesseract-OCR\tesseract.exe is not installed or it's not in your PATH. See README file for more information.
product-500x500_jpg.rf.e8d80848a6e25307faa449c21a5208dd.jpg,/kaggle/input/datasets/nagendra048/aadhar-dataset/valid/images,Error: C:\Program Files\Tesseract-OCR\tesseract.exe is not installed or it's not in your PATH. See README file for more information.
447675edf75967ed3047d0ff28f280ac_jpg.rf.97e3249cc6f6d8996484b59b85b548be.jpg,/kaggle/input/datasets/nagendra048/aadhar-dataset/valid/images,Error: C:\Program Files\Tesseract-OCR\tesseract.exe is not installed or it's not in your PATH. See README file for more information.
49fa3bcf36cda2851f2d12adc5f9f6db-1-_jpg.rf.a3b82292b2c2e47c818b2292d72ce955.jpg,/kaggle/input/datasets/nagendra048/aadhar-dataset/valid/images,Error: C:\Program Files\Tesseract-OCR\tesseract.exe is not installed or it's not in your PATH. See README file for more information.
94eb12c96f2d79889f4856eb47ae25a4_jpg.rf.de1f0f378b9c74d728e4623871ff0ed6.jpg,/kaggle/input/datasets/nagendra048/aadhar-dataset/valid/images,Error: C:\Program Files\Tesseract-OCR\tesseract.exe is not installed or it's not in your PATH. See README file for more information.
14171f7e3e906f9bb9cbee0e44b183ab-1-_jpg.rf.9ba213faec0bf7c0dba834e7afda8c5a.jpg,/kaggle/input/datasets/nagendra048/aadhar-dataset/valid/images,Error: C:\Program Files\Tesseract-OCR\tesseract.exe is not installed or it's not in your PATH. See README file for more information.
102_509409293_jpg.rf.97aac93ad46b4501819fe35d661ac497.jpg,/kaggle/input/datasets/nagendra048/aadhar-dataset/valid/images,Error: C:\Program Files\Tesseract-OCR\tesseract.exe is not installed or it's not in your PATH. See README file for more information.
adhar1_2366193f_jpg.rf.ab45e75b955eabed0f05595ff8d43a7f.jpg,/kaggle/input/datasets/nagendra048/aadhar-dataset/valid/images,Error: C:\Program Files\Tesseract-OCR\tesseract.exe is not installed or it's not in your PATH. See README file for more information.
card_jpg.rf.bcaa047a7d21f2d7e74b4ef8806ca278.jpg,/kaggle/input/datasets/nagendra048/aadhar-dataset/valid/images,Error: C:\Program Files\Tesseract-OCR\tesseract.exe is not installed or it's not in your PATH. See README file for more information.
9ccffeac84c5b19e14bab96b9177b18b_jpg.rf.984a26cb31be60d9d3eda7c2f28b3625.jpg,/kaggle/input/datasets/nagendra048/aadhar-dataset/valid/images,Error: C:\Program Files\Tesseract-OCR\tesseract.exe is not installed or it's not in your PATH. See README file for more information.
6d8e67208737a556302565d3c61dc373_jpg.rf.ecd52c9c547439bec56baaed032c6aa5.jpg,/kaggle/input/datasets/nagendra048/aadhar-dataset/valid/images,Error: C:\Program Files\Tesseract-OCR\tesseract.exe is not installed or it's not in your PATH. See README file for more information.
c06a8a5d5214f4545a91b5c35eb7aa43_jpg.rf.b07cace4d4c9c69463e0ae48b819b46f.jpg,/kaggle/input/datasets/nagendra048/aadhar-dataset/valid/images,Error: C:\Program Files\Tesseract-OCR\tesseract.exe is not installed or it's not in your PATH. See README file for more information.
8c7dab60c3bdf9f210aaaca1a87c78de_jpg.rf.acc03a46a14228120fef6f8692a84966.jpg,/kaggle/input/datasets/nagendra048/aadhar-dataset/valid/images,Error: C:\Program Files\Tesseract-OCR\tesseract.exe is not installed or it's not in your PATH. See README file for more information.
efbefce86a6ebb47ef70edd9f85d5324_jpg.rf.377e24b47bee1513ddce89fdf13ecd7a.jpg,/kaggle/input/datasets/nagendra048/aadhar-dataset/valid/images,Error: C:\Program Files\Tesseract-OCR\tesseract.exe is not installed or it's not in your PATH. See README file for more information.
Father_Aadhar_Card_of_Baby_Sanavi_Jehangir_Hospital_jpg.rf.70ffc04cfb5faf3d7247063cc0ac79dc.jpg,/kaggle/input/datasets/nagendra048/aadhar-dataset/valid/images,Error: C:\Program Files\Tesseract-OCR\tesseract.exe is not installed or it's not in your PATH. See README file for more information.
82a73cb534ca5805e7136e48059e7000_jpg.rf.88c612fc0f8ef085ffd4bb694edf6f4e.jpg,/kaggle/input/datasets/nagendra048/aadhar-dataset/valid/images,Error: C:\Program Files\Tesseract-OCR\tesseract.exe is not installed or it's not in your PATH. See README file for more information.
DE8svj0U0AAEnrD_jpg.rf.c9f78a7576c5fef4aa9167cb70916ef7.jpg,/kaggle/input/datasets/nagendra048/aadhar-dataset/valid/images,Error: C:\Program Files\Tesseract-OCR\tesseract.exe is not installed or it's not in your PATH. See README file for more information.
97d297f8384d0e9b857e3ebc0bd31dcd_jpg.rf.59ceb97fde38ad79e6b85f5f825edef3.jpg,/kaggle/input/datasets/nagendra048/aadhar-dataset/valid/images,Error: C:\Program Files\Tesseract-OCR\tesseract.exe is not installed or it's not in your PATH. See README file for more information.
a1e3125efaa4eebd8efc907ae48b69a1_jpg.rf.def1bae994b74d0cc4461fbbb90d8c83.jpg,/kaggle/input/datasets/nagendra048/aadhar-dataset/valid/images,Error: C:\Program Files\Tesseract-OCR\tesseract.exe is not installed or it's not in your PATH. See README file for more information.
unnamed_jpg.rf.9b179d67c1ad2279187d54534929ac2b.jpg,/kaggle/input/datasets/nagendra048/aadhar-dataset/valid/images,Error: C:\Program Files\Tesseract-OCR\tesseract.exe is not installed or it's not in your PATH. See README file for more information.
116508899_159713039053118_8698401500526480570_n_jpg.rf.ac3f6ddc96c43bd52e1cbbcf10f52a49.jpg,/kaggle/input/datasets/nagendra048/aadhar-dataset/valid/images,Error: C:\Program Files\Tesseract-OCR\tesseract.exe is not installed or it's not in your PATH. See README file for more information.
images-16-_jpg.rf.eea6725d8032417e44acb7b9e2ab0562.jpg,/kaggle/input/datasets/nagendra048/aadhar-dataset/valid/images,Error: C:\Program Files\Tesseract-OCR\tesseract.exe is not installed or it's not in your PATH. See README file for more information.
img_1628671278092_474_jpg.rf.eba33ea331f48a2ec5f0dac14b4c0bb9.jpg,/kaggle/input/datasets/nagendra048/aadhar-dataset/valid/images,Error: C:\Program Files\Tesseract-OCR\tesseract.exe is not installed or it's not in your PATH. See README file for more information.
D8E0Re_VsAEzhCg_jpg.rf.f8e33d590710a3b8d097b092309d58b5.jpg,/kaggle/input/datasets/nagendra048/aadhar-dataset/valid/images,Error: C:\Program Files\Tesseract-OCR\tesseract.exe is not installed or it's not in your PATH. See README file for more information.
b7becd5c330f22d135ef4ffa3b26e65e_jpg.rf.5f3a44d9a005160e6bd597c5ad59a863.jpg,/kaggle/input/datasets/nagendra048/aadhar-dataset/valid/images,Error: C:\Program Files\Tesseract-OCR\tesseract.exe is not installed or it's not in your PATH. See README file for more information.
maxresdefault-1_jpg.rf.930b7fc497bfc724ebbe3b649bd07798.jpg,/kaggle/input/datasets/nagendra048/aadhar-dataset/valid/images,Error: C:\Program Files\Tesseract-OCR\tesseract.exe is not installed or it's not in your PATH. See README file for more information.
EFdEgzrUYAMutNm_jpg.rf.b3ecc94de6e38e0822e584bc252ba730.jpg,/kaggle/input/datasets/nagendra048/aadhar-dataset/valid/images,Error: C:\Program Files\Tesseract-OCR\tesseract.exe is not installed or it's not in your PATH. See README file for more information.
images-3-_jpg.rf.c7a59d905ac458aa4385edbaace3d394.jpg,/kaggle/input/datasets/nagendra048/aadhar-dataset/valid/images,Error: C:\Program Files\Tesseract-OCR\tesseract.exe is not installed or it's not in your PATH. See README file for more information.
ce1ea2dcb0a8e8dac1e26793ad3d5ecb_jpg.rf.1982cc164325177f522b5893a5e1162b.jpg,/kaggle/input/datasets/nagendra048/aadhar-dataset/valid/images,Error: C:\Program Files\Tesseract-OCR\tesseract.exe is not installed or it's not in your PATH. See README file for more information.
49fa3bcf36cda2851f2d12adc5f9f6db-2-_jpg.rf.93fc3e68871ac8f41f1a860ad25f9cef.jpg,/kaggle/input/datasets/nagendra048/aadhar-dataset/valid/images,Error: C:\Program Files\Tesseract-OCR\tesseract.exe is not installed or it's not in your PATH. See README file for more information.
35c4f8abcda3c0e3fe13b2435deaaff4_jpg.rf.3a10cd949a795a6273954506a9822a4e.jpg,/kaggle/input/datasets/nagendra048/aadhar-dataset/valid/images,Error: C:\Program Files\Tesseract-OCR\tesseract.exe is not installed or it's not in your PATH. See README file for more information.
b4ec339af5996addce61a9c73b7162f3-1-_jpg.rf.d0bf91ea12988e5316d7b0baaab14a1a.jpg,/kaggle/input/datasets/nagendra048/aadhar-dataset/valid/images,Error: C:\Program Files\Tesseract-OCR\tesseract.exe is not installed or it's not in your PATH. See README file for more information.
82a73cb534ca5805e7136e48059e7000_jpg.rf.0b408d704311efc41a0ab891efda0d6c.jpg,/kaggle/input/datasets/nagendra048/aadhar-dataset/valid/images,Error: C:\Program Files\Tesseract-OCR\tesseract.exe is not installed or it's not in your PATH. See README file for more information.
c86a0da801ae2e586164e814b43de3c9_jpg.rf.77c0a8ed449011f3be50074829b51dd4.jpg,/kaggle/input/datasets/nagendra048/aadhar-dataset/valid/images,Error: C:\Program Files\Tesseract-OCR\tesseract.exe is not installed or it's not in your PATH. See README file for more information.
ffa5e80e5c547686632c7bc9746fee87_jpg.rf.5f161248f6578d9dbd87f351c9b7b62b.jpg,/kaggle/input/datasets/nagendra048/aadhar-dataset/valid/images,Error: C:\Program Files\Tesseract-OCR\tesseract.exe is not installed or it's not in your PATH. See README file for more information.
6cc303eb6be78797fd871ec8cad3a65d_jpg.rf.c8c90eda3a17c32237439337ee540a3e.jpg,/kaggle/input/datasets/nagendra048/aadhar-dataset/valid/images,Error: C:\Program Files\Tesseract-OCR\tesseract.exe is not installed or it's not in your PATH. See README file for more information.
10032_jpg.rf.fcfe51a88cf7692aa49756cb3aeccbbe.jpg,/kaggle/input/datasets/nagendra048/aadhar-dataset/valid/images,Error: C:\Program Files\Tesseract-OCR\tesseract.exe is not installed or it's not in your PATH. See README file for more information.
images-14-_jpg.rf.af713f34f5d928cd1a8b7641a09ec546.jpg,/kaggle/input/datasets/nagendra048/aadhar-dataset/valid/images,Error: C:\Program Files\Tesseract-OCR\tesseract.exe is not installed or it's not in your PATH. See README file for more information.
images-15-_jpg.rf.062d26cd37c8bfadf0ec1b66a421785d.jpg,/kaggle/input/datasets/nagendra048/aadhar-dataset/valid/images,Error: C:\Program Files\Tesseract-OCR\tesseract.exe is not installed or it's not in your PATH. See README file for more information.
c7d12dabedb1da10342b91dea665a917-1-_jpg.rf.7d450f1cf4a9f1e429c5a00ca2766b19.jpg,/kaggle/input/datasets/nagendra048/aadhar-dataset/valid/images,Error: C:\Program Files\Tesseract-OCR\tesseract.exe is not installed or it's not in your PATH. See README file for more information.
e46c99152bf3cfd347cc7ba27eb6ecd2_jpg.rf.e0bbac997865ff6e35cbe00010ff0c4a.jpg,/kaggle/input/datasets/nagendra048/aadhar-dataset/valid/images,Error: C:\Program Files\Tesseract-OCR\tesseract.exe is not installed or it's not in your PATH. See README file for more information.
ershad-adhar-centre-dinajpur-aadhaar-card-agents-gqwff0s4do_jpg.rf.f8176c0d3b8e1aff589844d4de9ac5a4.jpg,/kaggle/input/datasets/nagendra048/aadhar-dataset/valid/images,Error: C:\Program Files\Tesseract-OCR\tesseract.exe is not installed or it's not in your PATH. See README file for more information.
17e77ff746a7f6995dcbe80f0b107701_jpg.rf.93204b73d8e75969fc750fadbab76499.jpg,/kaggle/input/datasets/nagendra048/aadhar-dataset/valid/images,Error: C:\Program Files\Tesseract-OCR\tesseract.exe is not installed or it's not in your PATH. See README file for more information.
b4ec339af5996addce61a9c73b7162f3_jpg.rf.f1be1002c7d2daa2ee289caa7bd5e0e0.jpg,/kaggle/input/datasets/nagendra048/aadhar-dataset/valid/images,Error: C:\Program Files\Tesseract-OCR\tesseract.exe is not installed or it's not in your PATH. See README file for more information.
c86a0da801ae2e586164e814b43de3c9_jpg.rf.d377b82ac8a4f745b49e4eb3d150fa39.jpg,/kaggle/input/datasets/nagendra048/aadhar-dataset/valid/images,Error: C:\Program Files\Tesseract-OCR\tesseract.exe is not installed or it's not in your PATH. See README file for more information.
images-13-_jpg.rf.fe41c765c44a4ab39ad0ef1164c541a1.jpg,/kaggle/input/datasets/nagendra048/aadhar-dataset/valid/images,Error: C:\Program Files\Tesseract-OCR\tesseract.exe is not installed or it's not in your PATH. See README file for more information.
images-1-_jpg.rf.1032a4e558f5c3ee0d4c0f2fa39ebc6b.jpg,/kaggle/input/datasets/nagendra048/aadhar-dataset/valid/images,Error: C:\Program Files\Tesseract-OCR\tesseract.exe is not installed or it's not in your PATH. See README file for more information.
8455878ee3f6d5bf35580169888b3fb6_jpg.rf.60dc7aab59e4950b9325b2073ce6ece0.jpg,/kaggle/input/datasets/nagendra048/aadhar-dataset/valid/images,Error: C:\Program Files\Tesseract-OCR\tesseract.exe is not installed or it's not in your PATH. See README file for more information.
c86a0da801ae2e586164e814b43de3c9_jpg.rf.9a6b846e39d9c6fc33e738d0d444def4.jpg,/kaggle/input/datasets/nagendra048/aadhar-dataset/valid/images,Error: C:\Program Files\Tesseract-OCR\tesseract.exe is not installed or it's not in your PATH. See README file for more information.
58a8a1d7cf82feffbc75786afbe700ad_jpg.rf.d83db7134f0af625c627519588fe1822.jpg,/kaggle/input/datasets/nagendra048/aadhar-dataset/valid/images,Error: C:\Program Files\Tesseract-OCR\tesseract.exe is not installed or it's not in your PATH. See README file for more information.
2017_7image_01_34_3344908890_jpg.rf.1b9f1d909eb80641d8b7d200ff9d48e1.jpg,/kaggle/input/datasets/nagendra048/aadhar-dataset/valid/images,Error: C:\Program Files\Tesseract-OCR\tesseract.exe is not installed or it's not in your PATH. See README file for more information.
images-12-_jpg.rf.f411c2918b19b051104650b3d237cfe6.jpg,/kaggle/input/datasets/nagendra048/aadhar-dataset/valid/images,Error: C:\Program Files\Tesseract-OCR\tesseract.exe is not installed or it's not in your PATH. See README file for more information.
2017_7image_01_34_3344908890_jpg.rf.4e1180ff1377a7cae1e16ff79cc33acd.jpg,/kaggle/input/datasets/nagendra048/aadhar-dataset/valid/images,Error: C:\Program Files\Tesseract-OCR\tesseract.exe is not installed or it's not in your PATH. See README file for more information.
c69b7f40144bf1cd4051251754af93ed-2-_jpg.rf.50c0ae96b3a0627b133cdfb46fb1b4aa.jpg,/kaggle/input/datasets/nagendra048/aadhar-dataset/valid/images,Error: C:\Program Files\Tesseract-OCR\tesseract.exe is not installed or it's not in your PATH. See README file for more information.
46bad340b458a566dc6e2fd9cd2b1b33_jpg.rf.e7334c19c900d5af51230edb42e747cb.jpg,/kaggle/input/datasets/nagendra048/aadhar-dataset/valid/images,Error: C:\Program Files\Tesseract-OCR\tesseract.exe is not installed or it's not in your PATH. See README file for more information.
IMG_20180723_120159_jpg.rf.6ea0993dc72535fc9ecfbc7891c94053.jpg,/kaggle/input/datasets/nagendra048/aadhar-dataset/valid/images,Error: C:\Program Files\Tesseract-OCR\tesseract.exe is not installed or it's not in your PATH. See README file for more information.
7e65eb61f2d964e4e46a9ee5e1330c28_jpg.rf.e65bcc981abc0b1f1de5da1ce3bfb0a1.jpg,/kaggle/input/datasets/nagendra048/aadhar-dataset/valid/images,Error: C:\Program Files\Tesseract-OCR\tesseract.exe is not installed or it's not in your PATH. See README file for more information.
26e69450edbd8716ee253bd7ec9b7607_jpg.rf.35bcc91752d83a7aaa5dc1dd631c8bfa.jpg,/kaggle/input/datasets/nagendra048/aadhar-dataset/valid/images,Error: C:\Program Files\Tesseract-OCR\tesseract.exe is not installed or it's not in your PATH. See README file for more information.
ffa5e80e5c547686632c7bc9746fee87_jpg.rf.5c744361648e62a6e167176b543f35cf.jpg,/kaggle/input/datasets/nagendra048/aadhar-dataset/valid/images,Error: C:\Program Files\Tesseract-OCR\tesseract.exe is not installed or it's not in your PATH. See README file for more information.
images-5-_jpg.rf.8c45196ae50a4e64f07766023169d571.jpg,/kaggle/input/datasets/nagendra048/aadhar-dataset/valid/images,Error: C:\Program Files\Tesseract-OCR\tesseract.exe is not installed or it's not in your PATH. See README file for more information.
c69b7f40144bf1cd4051251754af93ed_jpg.rf.3cb7dc3d5da61e35aae9f66b19b9baf1.jpg,/kaggle/input/datasets/nagendra048/aadhar-dataset/valid/images,Error: C:\Program Files\Tesseract-OCR\tesseract.exe is not installed or it's not in your PATH. See README file for more information.
ac6c7da416cbf07230d588741cbb2d99_jpg.rf.02693e85559fd4720c93d089e748e63a.jpg,/kaggle/input/datasets/nagendra048/aadhar-dataset/valid/images,Error: C:\Program Files\Tesseract-OCR\tesseract.exe is not installed or it's not in your PATH. See README file for more information.
116508899_159713039053118_8698401500526480570_n_jpg.rf.8ec9e1d68753409c6f962f528eaabc75.jpg,/kaggle/input/datasets/nagendra048/aadhar-dataset/valid/images,Error: C:\Program Files\Tesseract-OCR\tesseract.exe is not installed or it's not in your PATH. See README file for more information.
aa-Cover-k9ll0etrgjri1nlb9pgj8k12q2-20170526111344_jpg.rf.6d265e111733cadbc915e17828fbf947.jpg,/kaggle/input/datasets/nagendra048/aadhar-dataset/valid/images,Error: C:\Program Files\Tesseract-OCR\tesseract.exe is not installed or it's not in your PATH. See README file for more information.
images-13-_jpg.rf.bcacd0c26e1c3a0919f16d4f1f17c7e3.jpg,/kaggle/input/datasets/nagendra048/aadhar-dataset/valid/images,Error: C:\Program Files\Tesseract-OCR\tesseract.exe is not installed or it's not in your PATH. See README file for more information.
product-500x500_jpg.rf.a1dd804919c876f061d75d2d71b87902.jpg,/kaggle/input/datasets/nagendra048/aadhar-dataset/valid/images,Error: C:\Program Files\Tesseract-OCR\tesseract.exe is not installed or it's not in your PATH. See README file for more information.
94fc829f3e5abeea915fd790fba1ca4f_jpg.rf.0538e4e0b92997320ffe9a6dde86e826.jpg,/kaggle/input/datasets/nagendra048/aadhar-dataset/valid/images,Error: C:\Program Files\Tesseract-OCR\tesseract.exe is not installed or it's not in your PATH. See README file for more information.
a1e3125efaa4eebd8efc907ae48b69a1_jpg.rf.b647c51c9951912c5d622064466e6e23.jpg,/kaggle/input/datasets/nagendra048/aadhar-dataset/valid/images,Error: C:\Program Files\Tesseract-OCR\tesseract.exe is not installed or it's not in your PATH. See README file for more information.
ff71c3cd26d34f1340a3f410f6e03a3f_jpg.rf.1057447a7e8f25bbce3fc6f755a2f62f.jpg,/kaggle/input/datasets/nagendra048/aadhar-dataset/valid/images,Error: C:\Program Files\Tesseract-OCR\tesseract.exe is not installed or it's not in your PATH. See README file for more information.
c06a8a5d5214f4545a91b5c35eb7aa43_jpg.rf.6e0cfaa502cb7dac3a834ff0f9f2360d.jpg,/kaggle/input/datasets/nagendra048/aadhar-dataset/valid/images,Error: C:\Program Files\Tesseract-OCR\tesseract.exe is not installed or it's not in your PATH. See README file for more information.
b2487cba906731d63c4ca7884bd1a2f0_jpg.rf.85111276fefeab4ea9ac058c79b94f86.jpg,/kaggle/input/datasets/nagendra048/aadhar-dataset/valid/images,Error: C:\Program Files\Tesseract-OCR\tesseract.exe is not installed or it's not in your PATH. See README file for more information.
images-19-_jpg.rf.071c53b09b9ef5a37b2a4cfafa39aed2.jpg,/kaggle/input/datasets/nagendra048/aadhar-dataset/valid/images,Error: C:\Program Files\Tesseract-OCR\tesseract.exe is not installed or it's not in your PATH. See README file for more information.
c06a8a5d5214f4545a91b5c35eb7aa43_jpg.rf.7262c5020341f45e4a2c345de05d4f54.jpg,/kaggle/input/datasets/nagendra048/aadhar-dataset/valid/images,Error: C:\Program Files\Tesseract-OCR\tesseract.exe is not installed or it's not in your PATH. See README file for more information.
82a73cb534ca5805e7136e48059e7000_jpg.rf.90736f7afc20ee1b04ccca2e8cc3ecfb.jpg,/kaggle/input/datasets/nagendra048/aadhar-dataset/valid/images,Error: C:\Program Files\Tesseract-OCR\tesseract.exe is not installed or it's not in your PATH. See README file for more information.
49fa3bcf36cda2851f2d12adc5f9f6db-1-_jpg.rf.90add0664773c0d3bb9957655b0d18ff.jpg,/kaggle/input/datasets/nagendra048/aadhar-dataset/valid/images,Error: C:\Program Files\Tesseract-OCR\tesseract.exe is not installed or it's not in your PATH. See README file for more information.
unnamed_jpg.rf.470f365e0d1dc14781cab9fb4af16b54.jpg,/kaggle/input/datasets/nagendra048/aadhar-dataset/valid/images,Error: C:\Program Files\Tesseract-OCR\tesseract.exe is not installed or it's not in your PATH. See README file for more information.
10103_jpg.rf.da286f374d451b12a2c0616ece1d5793.jpg,/kaggle/input/datasets/nagendra048/aadhar-dataset/valid/images,Error: C:\Program Files\Tesseract-OCR\tesseract.exe is not installed or it's not in your PATH. See README file for more information.
19b620ad00aeb2885f0f0a1ccb337919_jpg.rf.09e953fda8170c647cee458146a01103.jpg,/kaggle/input/datasets/nagendra048/aadhar-dataset/valid/images,Error: C:\Program Files\Tesseract-OCR\tesseract.exe is not installed or it's not in your PATH. See README file for more information.
images-15-_jpg.rf.7515bd6fbb0d888e7579e3cc9e4d52ca.jpg,/kaggle/input/datasets/nagendra048/aadhar-dataset/valid/images,Error: C:\Program Files\Tesseract-OCR\tesseract.exe is not installed or it's not in your PATH. See README file for more information.
b7becd5c330f22d135ef4ffa3b26e65e_jpg.rf.0542394ab9e5c087d13d283c1f20f533.jpg,/kaggle/input/datasets/nagendra048/aadhar-dataset/valid/images,Error: C:\Program Files\Tesseract-OCR\tesseract.exe is not installed or it's not in your PATH. See README file for more information.
49fa3bcf36cda2851f2d12adc5f9f6db-2-_jpg.rf.d48a01758fa28b73d051a037a9a47e03.jpg,/kaggle/input/datasets/nagendra048/aadhar-dataset/valid/images,Error: C:\Program Files\Tesseract-OCR\tesseract.exe is not installed or it's not in your PATH. See README file for more information.
73a8158ee961472799e57e72b1868f54_jpg.rf.9fdc27006a9cea4fe046a538ec4d6408.jpg,/kaggle/input/datasets/nagendra048/aadhar-dataset/valid/images,Error: C:\Program Files\Tesseract-OCR\tesseract.exe is not installed or it's not in your PATH. See README file for more information.
82a73cb534ca5805e7136e48059e7000_jpg.rf.0e9251ba2662f4578e20d2b56e4e20fa.jpg,/kaggle/input/datasets/nagendra048/aadhar-dataset/valid/images,Error: C:\Program Files\Tesseract-OCR\tesseract.exe is not installed or it's not in your PATH. See README file for more information.
8c7dab60c3bdf9f210aaaca1a87c78de_jpg.rf.4af0ca998de396faeab7845248d3bf52.jpg,/kaggle/input/datasets/nagendra048/aadhar-dataset/valid/images,Error: C:\Program Files\Tesseract-OCR\tesseract.exe is not installed or it's not in your PATH. See README file for more information.
card_jpg.rf.7c5c5fb73133ce097bdaa2c928c27155.jpg,/kaggle/input/datasets/nagendra048/aadhar-dataset/valid/images,Error: C:\Program Files\Tesseract-OCR\tesseract.exe is not installed or it's not in your PATH. See README file for more information.
e383ea165dd6f41b69ef72df10c4c473-1-_jpg.rf.e66b16d539705effae9cc14501d8e8b6.jpg,/kaggle/input/datasets/nagendra048/aadhar-dataset/valid/images,Error: C:\Program Files\Tesseract-OCR\tesseract.exe is not installed or it's not in your PATH. See README file for more information.
card_jpg.rf.d6f30a9930b0949c68804acc1dc16f67.jpg,/kaggle/input/datasets/nagendra048/aadhar-dataset/valid/images,Error: C:\Program Files\Tesseract-OCR\tesseract.exe is not installed or it's not in your PATH. See README file for more information.
c69b7f40144bf1cd4051251754af93ed-1-_jpg.rf.9b27ba4b19e380033912ac3f9695777b.jpg,/kaggle/input/datasets/nagendra048/aadhar-dataset/valid/images,Error: C:\Program Files\Tesseract-OCR\tesseract.exe is not installed or it's not in your PATH. See README file for more information.
49fa3bcf36cda2851f2d12adc5f9f6db-1-_jpg.rf.d6a7e3e467a6aa2cc7ae0f5bde43396e.jpg,/kaggle/input/datasets/nagendra048/aadhar-dataset/valid/images,Error: C:\Program Files\Tesseract-OCR\tesseract.exe is not installed or it's not in your PATH. See README file for more information.
c69b7f40144bf1cd4051251754af93ed_jpg.rf.dc5609183966e514bd17a672e25970b1.jpg,/kaggle/input/datasets/nagendra048/aadhar-dataset/valid/images,Error: C:\Program Files\Tesseract-OCR\tesseract.exe is not installed or it's not in your PATH. See README file for more information.
download_jpg.rf.2c4cad0315c9f0bb43159595de76a928.jpg,/kaggle/input/datasets/nagendra048/aadhar-dataset/valid/images,Error: C:\Program Files\Tesseract-OCR\tesseract.exe is not installed or it's not in your PATH. See README file for more information.
8988c5603729dd48f76f59d6f3c6148e_jpg.rf.b613314e69db1ec32ec5715f00dd6c15.jpg,/kaggle/input/datasets/nagendra048/aadhar-dataset/valid/images,Error: C:\Program Files\Tesseract-OCR\tesseract.exe is not installed or it's not in your PATH. See README file for more information.
f99b3efadece9bde10e251760cc71b1c_jpg.rf.7311f27887d64b7e1e1aaca21c88427d.jpg,/kaggle/input/datasets/nagendra048/aadhar-dataset/valid/images,Error: C:\Program Files\Tesseract-OCR\tesseract.exe is not installed or it's not in your PATH. See README file for more information.
71697128_jpg.rf.9eaba270a6419083e4609a17fb353a6f.jpg,/kaggle/input/datasets/nagendra048/aadhar-dataset/valid/images,Error: C:\Program Files\Tesseract-OCR\tesseract.exe is not installed or it's not in your PATH. See README file for more information.
116508899_159713039053118_8698401500526480570_n_jpg.rf.68ac3c177af257bd6e78621ad1bdef1c.jpg,/kaggle/input/datasets/nagendra048/aadhar-dataset/valid/images,Error: C:\Program Files\Tesseract-OCR\tesseract.exe is not installed or it's not in your PATH. See README file for more information.
product-500x500_jpg.rf.64fc5f859e2476cdd60d2304ca547aa4.jpg,/kaggle/input/datasets/nagendra048/aadhar-dataset/valid/images,Error: C:\Program Files\Tesseract-OCR\tesseract.exe is not installed or it's not in your PATH. See README file for more information.
0e0a5204f238d9c743ae456a8dc6529a_jpg.rf.aad036c7e14600e0b28487aa7fc2c94d.jpg,/kaggle/input/datasets/nagendra048/aadhar-dataset/valid/images,Error: C:\Program Files\Tesseract-OCR\tesseract.exe is not installed or it's not in your PATH. See README file for more information.
23752a535ecca255d677464b5a7a24f4_jpg.rf.90945b704761b521857e15799eecfa50.jpg,/kaggle/input/datasets/nagendra048/aadhar-dataset/valid/images,Error: C:\Program Files\Tesseract-OCR\tesseract.exe is not installed or it's not in your PATH. See README file for more information.
46bad340b458a566dc6e2fd9cd2b1b33_jpg.rf.8da6bdd1f41bae9c129c36fe5f54bf4d.jpg,/kaggle/input/datasets/nagendra048/aadhar-dataset/valid/images,Error: C:\Program Files\Tesseract-OCR\tesseract.exe is not installed or it's not in your PATH. See README file for more information.
b4ec339af5996addce61a9c73b7162f3-1-_jpg.rf.f660bb3a2e878cbb08f2c0f67cd83350.jpg,/kaggle/input/datasets/nagendra048/aadhar-dataset/valid/images,Error: C:\Program Files\Tesseract-OCR\tesseract.exe is not installed or it's not in your PATH. See README file for more information.
c709629e7d00468f6c112daa8ca6c9e8_jpg.rf.870076f6981ba6456ae909d04ef50d5f.jpg,/kaggle/input/datasets/nagendra048/aadhar-dataset/valid/images,Error: C:\Program Files\Tesseract-OCR\tesseract.exe is not installed or it's not in your PATH. See README file for more information.
e46c99152bf3cfd347cc7ba27eb6ecd2_jpg.rf.a0e4e73f13e8f6761ee10080059e163f.jpg,/kaggle/input/datasets/nagendra048/aadhar-dataset/valid/images,Error: C:\Program Files\Tesseract-OCR\tesseract.exe is not installed or it's not in your PATH. See README file for more information.
14171f7e3e906f9bb9cbee0e44b183ab-1-_jpg.rf.2818c38319e99973d9060d250f8d66d0.jpg,/kaggle/input/datasets/nagendra048/aadhar-dataset/valid/images,Error: C:\Program Files\Tesseract-OCR\tesseract.exe is not installed or it's not in your PATH. See README file for more information.
adhar_card_6402313_835x547-m_jpg.rf.60378a752d7d7398b37f0798e2970913.jpg,/kaggle/input/datasets/nagendra048/aadhar-dataset/valid/images,Error: C:\Program Files\Tesseract-OCR\tesseract.exe is not installed or it's not in your PATH. See README file for more information.
1c89969c27b6f7ea57d47a74f579b5cc-1-_jpg.rf.c5b57ff83d713ae393b221f290c52ef5.jpg,/kaggle/input/datasets/nagendra048/aadhar-dataset/valid/images,Error: C:\Program Files\Tesseract-OCR\tesseract.exe is not installed or it's not in your PATH. See README file for more information.
3564191365d6dd7bff705c3252860029_jpg.rf.a52a8cfaddb6dbb6ada0ce1ada0952b4.jpg,/kaggle/input/datasets/nagendra048/aadhar-dataset/valid/images,Error: C:\Program Files\Tesseract-OCR\tesseract.exe is not installed or it's not in your PATH. See README file for more information.
1c89969c27b6f7ea57d47a74f579b5cc-1-_jpg.rf.ec981d177844b0dcf8c3abde24bf082f.jpg,/kaggle/input/datasets/nagendra048/aadhar-dataset/valid/images,Error: C:\Program Files\Tesseract-OCR\tesseract.exe is not installed or it's not in your PATH. See README file for more information.
images-6-_jpg.rf.62a9b7980485bc1b785bca8d74b7fb62.jpg,/kaggle/input/datasets/nagendra048/aadhar-dataset/valid/images,Error: C:\Program Files\Tesseract-OCR\tesseract.exe is not installed or it's not in your PATH. See README file for more information.
IMG_20200606_WA0013_jpg.rf.cb1c4a22081e3b6fb7373c985de01738.jpg,/kaggle/input/datasets/nagendra048/aadhar-dataset/valid/images,Error: C:\Program Files\Tesseract-OCR\tesseract.exe is not installed or it's not in your PATH. See README file for more information.
images-14-_jpg.rf.8ffb6b11d7afacb61a986faef7208b71.jpg,/kaggle/input/datasets/nagendra048/aadhar-dataset/valid/images,Error: C:\Program Files\Tesseract-OCR\tesseract.exe is not installed or it's not in your PATH. See README file for more information.
2bfd2f150b31581bac34445b5c49dd26_jpg.rf.3a91606b84b5afcaf94453d773fc41fd.jpg,/kaggle/input/datasets/nagendra048/aadhar-dataset/valid/images,Error: C:\Program Files\Tesseract-OCR\tesseract.exe is not installed or it's not in your PATH. See README file for more information.
0e0a5204f238d9c743ae456a8dc6529a_jpg.rf.ae5319d463d82985b06dd189b6801934.jpg,/kaggle/input/datasets/nagendra048/aadhar-dataset/valid/images,Error: C:\Program Files\Tesseract-OCR\tesseract.exe is not installed or it's not in your PATH. See README file for more information.
a1e3125efaa4eebd8efc907ae48b69a1-2-_jpg.rf.d4334b9fced033cd6f47c8b08d61f9b0.jpg,/kaggle/input/datasets/nagendra048/aadhar-dataset/valid/images,Error: C:\Program Files\Tesseract-OCR\tesseract.exe is not installed or it's not in your PATH. See README file for more information.
images-6-_jpg.rf.d9b8ea2c4a6414abf1f30e7f2ec9630a.jpg,/kaggle/input/datasets/nagendra048/aadhar-dataset/valid/images,Error: C:\Program Files\Tesseract-OCR\tesseract.exe is not installed or it's not in your PATH. See README file for more information.
1c89969c27b6f7ea57d47a74f579b5cc-2-_jpg.rf.a542a876148737ba26bebc132ed0d2b3.jpg,/kaggle/input/datasets/nagendra048/aadhar-dataset/valid/images,Error: C:\Program Files\Tesseract-OCR\tesseract.exe is not installed or it's not in your PATH. See README file for more information.
81eadb49cb7736c4e7460f318ebd5d29_jpg.rf.5d955c13ab47e2e3f0e380f5c841ae01.jpg,/kaggle/input/datasets/nagendra048/aadhar-dataset/valid/images,Error: C:\Program Files\Tesseract-OCR\tesseract.exe is not installed or it's not in your PATH. See README file for more information.
0d4c873ace54e82fb49c451a9bdc6d24_jpg.rf.c77fe47bec3cf1673a64047c2c01b475.jpg,/kaggle/input/datasets/nagendra048/aadhar-dataset/valid/images,Error: C:\Program Files\Tesseract-OCR\tesseract.exe is not installed or it's not in your PATH. See README file for more information.
6b6ad42e38094e11a2260c2694582da5_jpg.rf.31f022bd65e8c570e3b9527cf22c438d.jpg,/kaggle/input/datasets/nagendra048/aadhar-dataset/valid/images,Error: C:\Program Files\Tesseract-OCR\tesseract.exe is not installed or it's not in your PATH. See README file for more information.
b9cc3312597d27a7d53152d949674eec_jpg.rf.04d238995f349739a962216f3f0f7665.jpg,/kaggle/input/datasets/nagendra048/aadhar-dataset/valid/images,Error: C:\Program Files\Tesseract-OCR\tesseract.exe is not installed or it's not in your PATH. See README file for more information.
images-19-_jpg.rf.d8e9bd3b86a87a995887c81d9634648f.jpg,/kaggle/input/datasets/nagendra048/aadhar-dataset/valid/images,Error: C:\Program Files\Tesseract-OCR\tesseract.exe is not installed or it's not in your PATH. See README file for more information.
meerut-news_1591527061_jpg.rf.e3104ecefbf2ba7d42c0a162226ac9ff.jpg,/kaggle/input/datasets/nagendra048/aadhar-dataset/valid/images,Error: C:\Program Files\Tesseract-OCR\tesseract.exe is not installed or it's not in your PATH. See README file for more information.
aa-Cover-k9ll0etrgjri1nlb9pgj8k12q2-20170526111344_jpg.rf.ef4bdaea5ff67c9d9ddd666859ae8440.jpg,/kaggle/input/datasets/nagendra048/aadhar-dataset/valid/images,Error: C:\Program Files\Tesseract-OCR\tesseract.exe is not installed or it's not in your PATH. See README file for more information.
ce1ea2dcb0a8e8dac1e26793ad3d5ecb_jpg.rf.48f660693ab7403268e8366dc424ae3d.jpg,/kaggle/input/datasets/nagendra048/aadhar-dataset/valid/images,Error: C:\Program Files\Tesseract-OCR\tesseract.exe is not installed or it's not in your PATH. See README file for more information.
c69b7f40144bf1cd4051251754af93ed-1-_jpg.rf.5ac83875b5185d340cb1e68dea15ee2c.jpg,/kaggle/input/datasets/nagendra048/aadhar-dataset/valid/images,Error: C:\Program Files\Tesseract-OCR\tesseract.exe is not installed or it's not in your PATH. See README file for more information.
73a8158ee961472799e57e72b1868f54_jpg.rf.37996c81679a64c645a19ddaaf0d23e4.jpg,/kaggle/input/datasets/nagendra048/aadhar-dataset/valid/images,Error: C:\Program Files\Tesseract-OCR\tesseract.exe is not installed or it's not in your PATH. See README file for more information.
d9c5c2aa49da5daf5ab4a18dd030726c_jpg.rf.45bd8df240e25a05d06ede72ec7510e9.jpg,/kaggle/input/datasets/nagendra048/aadhar-dataset/valid/images,Error: C:\Program Files\Tesseract-OCR\tesseract.exe is not installed or it's not in your PATH. See README file for more information.
meerut-news_1591527061_jpg.rf.be2d9666e666a297f788c9311bf0dbfd.jpg,/kaggle/input/datasets/nagendra048/aadhar-dataset/valid/images,Error: C:\Program Files\Tesseract-OCR\tesseract.exe is not installed or it's not in your PATH. See README file for more information.
c69b7f40144bf1cd4051251754af93ed-1-_jpg.rf.f4898b6bcec63fce48fdfee4522cba15.jpg,/kaggle/input/datasets/nagendra048/aadhar-dataset/valid/images,Error: C:\Program Files\Tesseract-OCR\tesseract.exe is not installed or it's not in your PATH. See README file for more information.
8988c5603729dd48f76f59d6f3c6148e_jpg.rf.9905dfad445df62bb7b7ad4a71abb0c0.jpg,/kaggle/input/datasets/nagendra048/aadhar-dataset/valid/images,Error: C:\Program Files\Tesseract-OCR\tesseract.exe is not installed or it's not in your PATH. See README file for more information.
c69b7f40144bf1cd4051251754af93ed_jpg.rf.dc201caaf74633b8e9cde5a46ec73774.jpg,/kaggle/input/datasets/nagendra048/aadhar-dataset/valid/images,Error: C:\Program Files\Tesseract-OCR\tesseract.exe is not installed or it's not in your PATH. See README file for more information.
116508899_159713039053118_8698401500526480570_n_jpg.rf.3865e8c5daa90a82448ea6349eb8771d.jpg,/kaggle/input/datasets/nagendra048/aadhar-dataset/valid/images,Error: C:\Program Files\Tesseract-OCR\tesseract.exe is not installed or it's not in your PATH. See README file for more information.
102_509409293_jpg.rf.2ae0b19eb03be99072bbb14df173a205.jpg,/kaggle/input/datasets/nagendra048/aadhar-dataset/valid/images,Error: C:\Program Files\Tesseract-OCR\tesseract.exe is not installed or it's not in your PATH. See README file for more information.
images-3-_jpg.rf.635c0da7927df071cdc7ea9625c2ead4.jpg,/kaggle/input/datasets/nagendra048/aadhar-dataset/valid/images,Error: C:\Program Files\Tesseract-OCR\tesseract.exe is not installed or it's not in your PATH. See README file for more information.
aadhar_jpg.rf.eab077dda705d53eb2f36dcecfecc596.jpg,/kaggle/input/datasets/nagendra048/aadhar-dataset/valid/images,Error: C:\Program Files\Tesseract-OCR\tesseract.exe is not installed or it's not in your PATH. See README file for more information.
bc2af9550a06aee72c9aa22a3c73f0fa_jpg.rf.edf415b4c797bdc85c7a16e98b67d0c4.jpg,/kaggle/input/datasets/nagendra048/aadhar-dataset/valid/images,Error: C:\Program Files\Tesseract-OCR\tesseract.exe is not installed or it's not in your PATH. See README file for more information.
2017_7image_01_34_3344908890_jpg.rf.c8f6d67c75e56633ea83d996ef7d2c01.jpg,/kaggle/input/datasets/nagendra048/aadhar-dataset/valid/images,Error: C:\Program Files\Tesseract-OCR\tesseract.exe is not installed or it's not in your PATH. See README file for more information.
2017_7image_01_34_3344908890_jpg.rf.fdba3ddd81f6f4ba723e32365d966f8a.jpg,/kaggle/input/datasets/nagendra048/aadhar-dataset/valid/images,Error: C:\Program Files\Tesseract-OCR\tesseract.exe is not installed or it's not in your PATH. See README file for more information.
c5bc89c6e9cede0ff4d07085c5ce2488-1-_jpg.rf.775379773d3fbefe574748cf3bd17779.jpg,/kaggle/input/datasets/nagendra048/aadhar-dataset/valid/images,Error: C:\Program Files\Tesseract-OCR\tesseract.exe is not installed or it's not in your PATH. See README file for more information.
e46c99152bf3cfd347cc7ba27eb6ecd2_jpg.rf.ee36b71acf4e7ec3ade5270db20f7822.jpg,/kaggle/input/datasets/nagendra048/aadhar-dataset/valid/images,Error: C:\Program Files\Tesseract-OCR\tesseract.exe is not installed or it's not in your PATH. See README file for more information.
img_1628671278092_474_jpg.rf.45083d0f6fa38ee9677efe4d3bf241db.jpg,/kaggle/input/datasets/nagendra048/aadhar-dataset/valid/images,Error: C:\Program Files\Tesseract-OCR\tesseract.exe is not installed or it's not in your PATH. See README file for more information.
94fc829f3e5abeea915fd790fba1ca4f_jpg.rf.d06c6903ad2f489ba28c9a77487a1d29.jpg,/kaggle/input/datasets/nagendra048/aadhar-dataset/valid/images,Error: C:\Program Files\Tesseract-OCR\tesseract.exe is not installed or it's not in your PATH. See README file for more information.
images-16-_jpg.rf.58183b7c4b00ce6291c4f1414a893522.jpg,/kaggle/input/datasets/nagendra048/aadhar-dataset/valid/images,Error: C:\Program Files\Tesseract-OCR\tesseract.exe is not installed or it's not in your PATH. See README file for more information.
photos-11111778-16310969735991632_jpg.rf.a8852ef5b1e14e96ab0fb335284a17ac.jpg,/kaggle/input/datasets/nagendra048/aadhar-dataset/valid/images,Error: C:\Program Files\Tesseract-OCR\tesseract.exe is not installed or it's not in your PATH. See README file for more information.
46804894d63fe5b3fea2582cfa7657c7-1-_jpg.rf.b350076c6cd6f9a9bf0e166a4b2d2cb5.jpg,/kaggle/input/datasets/nagendra048/aadhar-dataset/valid/images,Error: C:\Program Files\Tesseract-OCR\tesseract.exe is not installed or it's not in your PATH. See README file for more information.
1c89969c27b6f7ea57d47a74f579b5cc-1-_jpg.rf.d03486bea121ecac6dd07aebff798522.jpg,/kaggle/input/datasets/nagendra048/aadhar-dataset/valid/images,Error: C:\Program Files\Tesseract-OCR\tesseract.exe is not installed or it's not in your PATH. See README file for more information.
b4ec339af5996addce61a9c73b7162f3_jpg.rf.626f882d50e042b3a3b75b435ff9de32.jpg,/kaggle/input/datasets/nagendra048/aadhar-dataset/valid/images,Error: C:\Program Files\Tesseract-OCR\tesseract.exe is not installed or it's not in your PATH. See README file for more information.
ce1ea2dcb0a8e8dac1e26793ad3d5ecb_jpg.rf.9e82171a05da6f9de36ccbc70edc0acc.jpg,/kaggle/input/datasets/nagendra048/aadhar-dataset/valid/images,Error: C:\Program Files\Tesseract-OCR\tesseract.exe is not installed or it's not in your PATH. See README file for more information.
6b6ad42e38094e11a2260c2694582da5_jpg.rf.6ec35783bcfe2ffed5cffb820b60b7e3.jpg,/kaggle/input/datasets/nagendra048/aadhar-dataset/valid/images,Error: C:\Program Files\Tesseract-OCR\tesseract.exe is not installed or it's not in your PATH. See README file for more information.
b4047be5f6a409a7ac20777d25d5a058_jpg.rf.9a86395ca079ea41a71921e53e80987f.jpg,/kaggle/input/datasets/nagendra048/aadhar-dataset/valid/images,Error: C:\Program Files\Tesseract-OCR\tesseract.exe is not installed or it's not in your PATH. See README file for more information.
2bfd2f150b31581bac34445b5c49dd26_jpg.rf.850cf6bf3bc243ada6a0e06e1212d2a2.jpg,/kaggle/input/datasets/nagendra048/aadhar-dataset/valid/images,Error: C:\Program Files\Tesseract-OCR\tesseract.exe is not installed or it's not in your PATH. See README file for more information.
8c7dab60c3bdf9f210aaaca1a87c78de_jpg.rf.8c22f26398a6e280e67e3de6ad715590.jpg,/kaggle/input/datasets/nagendra048/aadhar-dataset/valid/images,Error: C:\Program Files\Tesseract-OCR\tesseract.exe is not installed or it's not in your PATH. See README file for more information.
pvc_adhar-card-600x600_jpg.rf.80a0a1ad422e70313dde41b2f4ee3b04.jpg,/kaggle/input/datasets/nagendra048/aadhar-dataset/valid/images,Error: C:\Program Files\Tesseract-OCR\tesseract.exe is not installed or it's not in your PATH. See README file for more information.
c9c6e3b130e3aed890884c240195ec9d_jpg.rf.7651adeb82547b5e0e15e5c0573b276f.jpg,/kaggle/input/datasets/nagendra048/aadhar-dataset/valid/images,Error: C:\Program Files\Tesseract-OCR\tesseract.exe is not installed or it's not in your PATH. See README file for more information.
60643f2e835245dfa9b0c9c988abb748_jpg.rf.6188a54f48a211a2bff5bed4b1748d6b.jpg,/kaggle/input/datasets/nagendra048/aadhar-dataset/valid/images,Error: C:\Program Files\Tesseract-OCR\tesseract.exe is not installed or it's not in your PATH. See README file for more information.
images-9-_jpg.rf.f83ea86613ff035e1eb463360d58cda0.jpg,/kaggle/input/datasets/nagendra048/aadhar-dataset/valid/images,Error: C:\Program Files\Tesseract-OCR\tesseract.exe is not installed or it's not in your PATH. See README file for more information.
4c20ecf1-184f-4dcf-8ea8-83f4924dee58_jpg.rf.0dba27a9e4785dd2f010c37f563e5997.jpg,/kaggle/input/datasets/nagendra048/aadhar-dataset/valid/images,Error: C:\Program Files\Tesseract-OCR\tesseract.exe is not installed or it's not in your PATH. See README file for more information.
product-500x500_jpg.rf.721be5477094614bb0d89cb3886f974c.jpg,/kaggle/input/datasets/nagendra048/aadhar-dataset/valid/images,Error: C:\Program Files\Tesseract-OCR\tesseract.exe is not installed or it's not in your PATH. See README file for more information.
photos-11111778-16310969735991632_jpg.rf.426dedaf54db4db0d0ee214e99f6d478.jpg,/kaggle/input/datasets/nagendra048/aadhar-dataset/valid/images,Error: C:\Program Files\Tesseract-OCR\tesseract.exe is not installed or it's not in your PATH. See README file for more information.
images_jpg.rf.d4732b48625a21782fe63926db44a4c8.jpg,/kaggle/input/datasets/nagendra048/aadhar-dataset/valid/images,Error: C:\Program Files\Tesseract-OCR\tesseract.exe is not installed or it's not in your PATH. See README file for more information.
banner_jpg.rf.52a81ec710036d0ef560d42d602fc82b.jpg,/kaggle/input/datasets/nagendra048/aadhar-dataset/valid/images,Error: C:\Program Files\Tesseract-OCR\tesseract.exe is not installed or it's not in your PATH. See README file for more information.
download_jpg.rf.9d8eace586015d821d320ef9d7adc638.jpg,/kaggle/input/datasets/nagendra048/aadhar-dataset/valid/images,Error: C:\Program Files\Tesseract-OCR\tesseract.exe is not installed or it's not in your PATH. See README file for more information.
82a73cb534ca5805e7136e48059e7000_jpg.rf.178631f53b91ff3aece8e4d4e239a491.jpg,/kaggle/input/datasets/nagendra048/aadhar-dataset/valid/images,Error: C:\Program Files\Tesseract-OCR\tesseract.exe is not installed or it's not in your PATH. See README file for more information.
766ad22cd5a05c1a9d21c658bb1e925c_jpg.rf.5c7ae38eea368ef3da76063a594c057a.jpg,/kaggle/input/datasets/nagendra048/aadhar-dataset/valid/images,Error: C:\Program Files\Tesseract-OCR\tesseract.exe is not installed or it's not in your PATH. See README file for more information.
c06a8a5d5214f4545a91b5c35eb7aa43_jpg.rf.e63b70e054b8e410176b3e771bc47aac.jpg,/kaggle/input/datasets/nagendra048/aadhar-dataset/valid/images,Error: C:\Program Files\Tesseract-OCR\tesseract.exe is not installed or it's not in your PATH. See README file for more information.
sp-42095176-5v4rgi-thumbnail_jpg.rf.404b2df36dad0162451b568d7d7ae12d.jpg,/kaggle/input/datasets/nagendra048/aadhar-dataset/valid/images,Error: C:\Program Files\Tesseract-OCR\tesseract.exe is not installed or it's not in your PATH. See README file for more information.
c7d12dabedb1da10342b91dea665a917_jpg.rf.0750e1395506f48f5cd3048e6b9f46ee.jpg,/kaggle/input/datasets/nagendra048/aadhar-dataset/valid/images,Error: C:\Program Files\Tesseract-OCR\tesseract.exe is not installed or it's not in your PATH. See README file for more information.
IMG-20180722-WA0038_jpg.rf.74d41142258bf86704c5684f7a315067.jpg,/kaggle/input/datasets/nagendra048/aadhar-dataset/valid/images,Error: C:\Program Files\Tesseract-OCR\tesseract.exe is not installed or it's not in your PATH. See README file for more information.
14171f7e3e906f9bb9cbee0e44b183ab-1-_jpg.rf.60d5159a927ab53a70f906e56cfa78e2.jpg,/kaggle/input/datasets/nagendra048/aadhar-dataset/valid/images,Error: C:\Program Files\Tesseract-OCR\tesseract.exe is not installed or it's not in your PATH. See README file for more information.
sfggggg_jpg.rf.7318d8f08a12c584ec61a7dc4cd94468.jpg,/kaggle/input/datasets/nagendra048/aadhar-dataset/valid/images,Error: C:\Program Files\Tesseract-OCR\tesseract.exe is not installed or it's not in your PATH. See README file for more information.
73a8158ee961472799e57e72b1868f54_jpg.rf.f40f57384ea3ee9b47f8102b4b547bbd.jpg,/kaggle/input/datasets/nagendra048/aadhar-dataset/valid/images,Error: C:\Program Files\Tesseract-OCR\tesseract.exe is not installed or it's not in your PATH. See README file for more information.
c5bc89c6e9cede0ff4d07085c5ce2488-1-_jpg.rf.2aadb8bdc8bbc3848ae6f09dcbce782d.jpg,/kaggle/input/datasets/nagendra048/aadhar-dataset/valid/images,Error: C:\Program Files\Tesseract-OCR\tesseract.exe is not installed or it's not in your PATH. See README file for more information.
photos-11111778-16310969735991632_jpg.rf.339076f77e074be20edccaca4ece68eb.jpg,/kaggle/input/datasets/nagendra048/aadhar-dataset/valid/images,Error: C:\Program Files\Tesseract-OCR\tesseract.exe is not installed or it's not in your PATH. See README file for more information.
10166_jpg.rf.ecdf0fbb2c5987bd1acf80d39702108b.jpg,/kaggle/input/datasets/nagendra048/aadhar-dataset/valid/images,Error: C:\Program Files\Tesseract-OCR\tesseract.exe is not installed or it's not in your PATH. See README file for more information.
f99b3efadece9bde10e251760cc71b1c_jpg.rf.af41db9922ce2f7ce20b6bccd8a02a54.jpg,/kaggle/input/datasets/nagendra048/aadhar-dataset/valid/images,Error: C:\Program Files\Tesseract-OCR\tesseract.exe is not installed or it's not in your PATH. See README file for more information.
ac6c7da416cbf07230d588741cbb2d99_jpg.rf.d54359485380b84ca4d422ffbae6e0d8.jpg,/kaggle/input/datasets/nagendra048/aadhar-dataset/valid/images,Error: C:\Program Files\Tesseract-OCR\tesseract.exe is not installed or it's not in your PATH. See README file for more information.
94fc829f3e5abeea915fd790fba1ca4f_jpg.rf.0e8c8c42dd63d6b8e61429ea28d580e2.jpg,/kaggle/input/datasets/nagendra048/aadhar-dataset/valid/images,Error: C:\Program Files\Tesseract-OCR\tesseract.exe is not installed or it's not in your PATH. See README file for more information.
19b620ad00aeb2885f0f0a1ccb337919_jpg.rf.c8d50c2892c9878734f9e4986e11aed5.jpg,/kaggle/input/datasets/nagendra048/aadhar-dataset/valid/images,Error: C:\Program Files\Tesseract-OCR\tesseract.exe is not installed or it's not in your PATH. See README file for more information.
EFdEgzrUYAMutNm_jpg.rf.620c62929b4ff7b24c364b8b8f5e2161.jpg,/kaggle/input/datasets/nagendra048/aadhar-dataset/valid/images,Error: C:\Program Files\Tesseract-OCR\tesseract.exe is not installed or it's not in your PATH. See README file for more information.
dd73e0797834fecca12c450729c37fef_jpg.rf.597b03ab9e578768b0c429ff40dc1ee8.jpg,/kaggle/input/datasets/nagendra048/aadhar-dataset/valid/images,Error: C:\Program Files\Tesseract-OCR\tesseract.exe is not installed or it's not in your PATH. See README file for more information.
ce1ea2dcb0a8e8dac1e26793ad3d5ecb_jpg.rf.b588753633bf318a16f6e4c7603a4e61.jpg,/kaggle/input/datasets/nagendra048/aadhar-dataset/valid/images,Error: C:\Program Files\Tesseract-OCR\tesseract.exe is not installed or it's not in your PATH. See README file for more information.
a1e3125efaa4eebd8efc907ae48b69a1-2-_jpg.rf.9a2e4f25e8d623e2d1369ed1f866ec14.jpg,/kaggle/input/datasets/nagendra048/aadhar-dataset/valid/images,Error: C:\Program Files\Tesseract-OCR\tesseract.exe is not installed or it's not in your PATH. See README file for more information.
368a4dd1224bf4d35aa30fc7b61d32d2-1-_jpg.rf.13ce5ecb886661f2aaa14b95c7999397.jpg,/kaggle/input/datasets/nagendra048/aadhar-dataset/valid/images,Error: C:\Program Files\Tesseract-OCR\tesseract.exe is not installed or it's not in your PATH. See README file for more information.
10025_jpg.rf.62178af2305d9163f6eb845b5d735992.jpg,/kaggle/input/datasets/nagendra048/aadhar-dataset/valid/images,Error: C:\Program Files\Tesseract-OCR\tesseract.exe is not installed or it's not in your PATH. See README file for more information.
meerut-news_1591527061_jpg.rf.e2d31301eb11117f57e75cee5efd614f.jpg,/kaggle/input/datasets/nagendra048/aadhar-dataset/valid/images,Error: C:\Program Files\Tesseract-OCR\tesseract.exe is not installed or it's not in your PATH. See README file for more information.
3564191365d6dd7bff705c3252860029_jpg.rf.d908ceb8156736035a3aed72b94c0157.jpg,/kaggle/input/datasets/nagendra048/aadhar-dataset/valid/images,Error: C:\Program Files\Tesseract-OCR\tesseract.exe is not installed or it's not in your PATH. See README file for more information.
card_jpg.rf.511a4f6a03f6160737b9633ea11fb886.jpg,/kaggle/input/datasets/nagendra048/aadhar-dataset/valid/images,Error: C:\Program Files\Tesseract-OCR\tesseract.exe is not installed or it's not in your PATH. See README file for more information.
25305fe9d4d92e3899f5fbcab86fb2c7-1-_jpg.rf.b58c3b6ffe8f3df4912ebb6e93c1da71.jpg,/kaggle/input/datasets/nagendra048/aadhar-dataset/valid/images,Error: C:\Program Files\Tesseract-OCR\tesseract.exe is not installed or it's not in your PATH. See README file for more information.
images-9-_jpg.rf.da71830ba2318485d0aac9c467a04185.jpg,/kaggle/input/datasets/nagendra048/aadhar-dataset/valid/images,Error: C:\Program Files\Tesseract-OCR\tesseract.exe is not installed or it's not in your PATH. See README file for more information.
b0d100d4275f891c2fbc6d9d56dbd123_jpg.rf.216021fa9419a8506cffdd75d3005c4d.jpg,/kaggle/input/datasets/nagendra048/aadhar-dataset/valid/images,Error: C:\Program Files\Tesseract-OCR\tesseract.exe is not installed or it's not in your PATH. See README file for more information.
0c0584201ff552c4bdcbe160315aa432_jpg.rf.5914d2eec78e44a4dbbf8ef72d3ce37e.jpg,/kaggle/input/datasets/nagendra048/aadhar-dataset/valid/images,Error: C:\Program Files\Tesseract-OCR\tesseract.exe is not installed or it's not in your PATH. See README file for more information.
adhar1_2366193f_jpg.rf.c1eadc7050ad7c78fb4f6b549ada57a1.jpg,/kaggle/input/datasets/nagendra048/aadhar-dataset/valid/images,Error: C:\Program Files\Tesseract-OCR\tesseract.exe is not installed or it's not in your PATH. See README file for more information.
c7d12dabedb1da10342b91dea665a917-1-_jpg.rf.6ef05dc0dfb0e41c0f2a76b7663052a9.jpg,/kaggle/input/datasets/nagendra048/aadhar-dataset/valid/images,Error: C:\Program Files\Tesseract-OCR\tesseract.exe is not installed or it's not in your PATH. See README file for more information.
44ca6539da21ea839134cf0e39ff6e37_jpg.rf.f006b03aae5ede33057fb65ec1a3b457.jpg,/kaggle/input/datasets/nagendra048/aadhar-dataset/valid/images,Error: C:\Program Files\Tesseract-OCR\tesseract.exe is not installed or it's not in your PATH. See README file for more information.
cfd6db78024aa90c6166e6873945fa56_jpg.rf.a0c73232821f10c3d70eb290fe0c9952.jpg,/kaggle/input/datasets/nagendra048/aadhar-dataset/valid/images,Error: C:\Program Files\Tesseract-OCR\tesseract.exe is not installed or it's not in your PATH. See README file for more information.
ce1ea2dcb0a8e8dac1e26793ad3d5ecb_jpg.rf.103a931fe738fdcb273270b3de310d93.jpg,/kaggle/input/datasets/nagendra048/aadhar-dataset/valid/images,Error: C:\Program Files\Tesseract-OCR\tesseract.exe is not installed or it's not in your PATH. See README file for more information.
80-Adding-Aadhar-Card-Template-Download-in-Photoshop-with-Aadhar-Card-Template-Download_jpg.rf.98c40682e7fdd0b22e5c33f7bc0117b9.jpg,/kaggle/input/datasets/nagendra048/aadhar-dataset/valid/images,Error: C:\Program Files\Tesseract-OCR\tesseract.exe is not installed or it's not in your PATH. See README file for more information.
5a9f2c8658426f9b1b17bfa65ef0d62c_jpg.rf.5c735652117007560062c5b28019d2b9.jpg,/kaggle/input/datasets/nagendra048/aadhar-dataset/valid/images,Error: C:\Program Files\Tesseract-OCR\tesseract.exe is not installed or it's not in your PATH. See README file for more information.
c5cad996e165b070b99d2b76cdfb39dc_jpg.rf.c0178d95acba1bc1c51809dcf99256b1.jpg,/kaggle/input/datasets/nagendra048/aadhar-dataset/valid/images,Error: C:\Program Files\Tesseract-OCR\tesseract.exe is not installed or it's not in your PATH. See README file for more information.
images-15-_jpg.rf.cf2c515aae32c99577f606b2712f3e95.jpg,/kaggle/input/datasets/nagendra048/aadhar-dataset/valid/images,Error: C:\Program Files\Tesseract-OCR\tesseract.exe is not installed or it's not in your PATH. See README file for more information.
2017_7image_01_34_3344908890_jpg.rf.64da8c12fbf20b06f5ef79c216ab3c3c.jpg,/kaggle/input/datasets/nagendra048/aadhar-dataset/valid/images,Error: C:\Program Files\Tesseract-OCR\tesseract.exe is not installed or it's not in your PATH. See README file for more information.
71697128_jpg.rf.60a0fc19e7486bccb11b4db1f66535e3.jpg,/kaggle/input/datasets/nagendra048/aadhar-dataset/valid/images,Error: C:\Program Files\Tesseract-OCR\tesseract.exe is not installed or it's not in your PATH. See README file for more information.
58a8a1d7cf82feffbc75786afbe700ad_jpg.rf.7d6342f1bfd128880303605c5121fe43.jpg,/kaggle/input/datasets/nagendra048/aadhar-dataset/valid/images,Error: C:\Program Files\Tesseract-OCR\tesseract.exe is not installed or it's not in your PATH. See README file for more information.
c9c6e3b130e3aed890884c240195ec9d_jpg.rf.29c05c79ede3452292803d32ad242257.jpg,/kaggle/input/datasets/nagendra048/aadhar-dataset/valid/images,Error: C:\Program Files\Tesseract-OCR\tesseract.exe is not installed or it's not in your PATH. See README file for more information.
aadhar_jpg.rf.43f5fb929beea88731513c5ccc76ff95.jpg,/kaggle/input/datasets/nagendra048/aadhar-dataset/valid/images,Error: C:\Program Files\Tesseract-OCR\tesseract.exe is not installed or it's not in your PATH. See README file for more information.
0c0584201ff552c4bdcbe160315aa432_jpg.rf.8760ce7c248c5f9c7cc61e6e96848eb4.jpg,/kaggle/input/datasets/nagendra048/aadhar-dataset/valid/images,Error: C:\Program Files\Tesseract-OCR\tesseract.exe is not installed or it's not in your PATH. See README file for more information.
EodP1JyUUAAQ_o2_jpg.rf.feb9628d9093637c6ccc68fa59732c23.jpg,/kaggle/input/datasets/nagendra048/aadhar-dataset/valid/images,Error: C:\Program Files\Tesseract-OCR\tesseract.exe is not installed or it's not in your PATH. See README file for more information.
images-9-_jpg.rf.50c7535c47f84e24a893c4d3edafd8c8.jpg,/kaggle/input/datasets/nagendra048/aadhar-dataset/valid/images,Error: C:\Program Files\Tesseract-OCR\tesseract.exe is not installed or it's not in your PATH. See README file for more information.
images-10-_jpg.rf.c38cf6c0ed5c6429b23fa1b58cf0d2fd.jpg,/kaggle/input/datasets/nagendra048/aadhar-dataset/valid/images,Error: C:\Program Files\Tesseract-OCR\tesseract.exe is not installed or it's not in your PATH. See README file for more information.
15702284b04c27864e819ad89483b80d_jpg.rf.0e85e1b0eb81cce7647e6a8d1811779f.jpg,/kaggle/input/datasets/nagendra048/aadhar-dataset/valid/images,Error: C:\Program Files\Tesseract-OCR\tesseract.exe is not installed or it's not in your PATH. See README file for more information.
images-10-_jpg.rf.fbb49d54c51a0e7abbe36f45baa40ce6.jpg,/kaggle/input/datasets/nagendra048/aadhar-dataset/valid/images,Error: C:\Program Files\Tesseract-OCR\tesseract.exe is not installed or it's not in your PATH. See README file for more information.
71697128_jpg.rf.119b5095bc93fe5da322cf5cb0854d5d.jpg,/kaggle/input/datasets/nagendra048/aadhar-dataset/valid/images,Error: C:\Program Files\Tesseract-OCR\tesseract.exe is not installed or it's not in your PATH. See README file for more information.
6cc303eb6be78797fd871ec8cad3a65d_jpg.rf.f7959a990325c4e283b86302d779f500.jpg,/kaggle/input/datasets/nagendra048/aadhar-dataset/valid/images,Error: C:\Program Files\Tesseract-OCR\tesseract.exe is not installed or it's not in your PATH. See README file for more information.
23752a535ecca255d677464b5a7a24f4_jpg.rf.95155a5cf39dc0108ae908be27e397d4.jpg,/kaggle/input/datasets/nagendra048/aadhar-dataset/valid/images,Error: C:\Program Files\Tesseract-OCR\tesseract.exe is not installed or it's not in your PATH. See README file for more information.
adhar_card_6402313_835x547-m_jpg.rf.440c52e3ccc99641179e3ca798b2d3e1.jpg,/kaggle/input/datasets/nagendra048/aadhar-dataset/valid/images,Error: C:\Program Files\Tesseract-OCR\tesseract.exe is not installed or it's not in your PATH. See README file for more information.
images-3-_jpg.rf.424b03aa3b000ce27d05058adda79e54.jpg,/kaggle/input/datasets/nagendra048/aadhar-dataset/valid/images,Error: C:\Program Files\Tesseract-OCR\tesseract.exe is not installed or it's not in your PATH. See README file for more information.
46bad340b458a566dc6e2fd9cd2b1b33_jpg.rf.6eefe37634cac853e7e8c457dd2b7e3c.jpg,/kaggle/input/datasets/nagendra048/aadhar-dataset/valid/images,Error: C:\Program Files\Tesseract-OCR\tesseract.exe is not installed or it's not in your PATH. See README file for more information.
b4ec339af5996addce61a9c73b7162f3_jpg.rf.fa14d75f1223ac66a848901c28346aee.jpg,/kaggle/input/datasets/nagendra048/aadhar-dataset/valid/images,Error: C:\Program Files\Tesseract-OCR\tesseract.exe is not installed or it's not in your PATH. See README file for more information.
product-500x500_jpg.rf.9c62cfc4ddfb4a305c458d45e3a4b825.jpg,/kaggle/input/datasets/nagendra048/aadhar-dataset/valid/images,Error: C:\Program Files\Tesseract-OCR\tesseract.exe is not installed or it's not in your PATH. See README file for more information.
pvc_adhar-card-600x600_jpg.rf.6a9b1a195e74c726ebc52c15a6e93fbf.jpg,/kaggle/input/datasets/nagendra048/aadhar-dataset/valid/images,Error: C:\Program Files\Tesseract-OCR\tesseract.exe is not installed or it's not in your PATH. See README file for more information.
img_1628671278092_474_jpg.rf.b5774f1b5c48274d6a8b7bda91a972fa.jpg,/kaggle/input/datasets/nagendra048/aadhar-dataset/valid/images,Error: C:\Program Files\Tesseract-OCR\tesseract.exe is not installed or it's not in your PATH. See README file for more information.
c06a8a5d5214f4545a91b5c35eb7aa43_jpg.rf.36ddae7816db9ede7dd6f5b1a09edf18.jpg,/kaggle/input/datasets/nagendra048/aadhar-dataset/valid/images,Error: C:\Program Files\Tesseract-OCR\tesseract.exe is not installed or it's not in your PATH. See README file for more information.
116508899_159713039053118_8698401500526480570_n_jpg.rf.b6ddd9eaee839153aa35b56a035b0172.jpg,/kaggle/input/datasets/nagendra048/aadhar-dataset/valid/images,Error: C:\Program Files\Tesseract-OCR\tesseract.exe is not installed or it's not in your PATH. See README file for more information.
6faf8790a38b5e6a7d9e3347ba84a24f_jpg.rf.cd207cb4180c5584013f1c7f8e9d7afe.jpg,/kaggle/input/datasets/nagendra048/aadhar-dataset/valid/images,Error: C:\Program Files\Tesseract-OCR\tesseract.exe is not installed or it's not in your PATH. See README file for more information.
c86a0da801ae2e586164e814b43de3c9_jpg.rf.66704208dea0ef7b0e2c919a510766b3.jpg,/kaggle/input/datasets/nagendra048/aadhar-dataset/valid/images,Error: C:\Program Files\Tesseract-OCR\tesseract.exe is not installed or it's not in your PATH. See README file for more information.
images-4-_jpg.rf.9dbb4f8680de7acd11b1f400f3ad454a.jpg,/kaggle/input/datasets/nagendra048/aadhar-dataset/valid/images,Error: C:\Program Files\Tesseract-OCR\tesseract.exe is not installed or it's not in your PATH. See README file for more information.
dd1b5eeb6239e3d97be96c4fa66a4eb7_jpg.rf.5268da01c81439a84d58c105c3b7ea5f.jpg,/kaggle/input/datasets/nagendra048/aadhar-dataset/valid/images,Error: C:\Program Files\Tesseract-OCR\tesseract.exe is not installed or it's not in your PATH. See README file for more information.
a1e3125efaa4eebd8efc907ae48b69a1-2-_jpg.rf.0c076b22f3f6a4e78c07049e95526f37.jpg,/kaggle/input/datasets/nagendra048/aadhar-dataset/valid/images,Error: C:\Program Files\Tesseract-OCR\tesseract.exe is not installed or it's not in your PATH. See README file for more information.
e46c99152bf3cfd347cc7ba27eb6ecd2_jpg.rf.c699bb56fde96efbd94824eec538cec2.jpg,/kaggle/input/datasets/nagendra048/aadhar-dataset/valid/images,Error: C:\Program Files\Tesseract-OCR\tesseract.exe is not installed or it's not in your PATH. See README file for more information.
D8E0Re_VsAEzhCg_jpg.rf.0bce3bc827879d1653aa5ff56a511e42.jpg,/kaggle/input/datasets/nagendra048/aadhar-dataset/valid/images,Error: C:\Program Files\Tesseract-OCR\tesseract.exe is not installed or it's not in your PATH. See README file for more information.
0521_adhar_jpg.rf.7932d9f2ef83ef8ba27c466949f6f3df.jpg,/kaggle/input/datasets/nagendra048/aadhar-dataset/valid/images,Error: C:\Program Files\Tesseract-OCR\tesseract.exe is not installed or it's not in your PATH. See README file for more information.
unnamed_jpg.rf.c2dd9ec66bde327d5e7ec006f1f08352.jpg,/kaggle/input/datasets/nagendra048/aadhar-dataset/valid/images,Error: C:\Program Files\Tesseract-OCR\tesseract.exe is not installed or it's not in your PATH. See README file for more information.
EWlRgN0UMAEhp1u_jpg.rf.a69fdce37bef024bb146eb26c4dbb8e8.jpg,/kaggle/input/datasets/nagendra048/aadhar-dataset/valid/images,Error: C:\Program Files\Tesseract-OCR\tesseract.exe is not installed or it's not in your PATH. See README file for more information.
06_01_2022_03_15_02_png_jpg.rf.cae39143cedd7e477135a6445035fe3d.jpg,/kaggle/input/datasets/nagendra048/aadhar-dataset/valid/images,Error: C:\Program Files\Tesseract-OCR\tesseract.exe is not installed or it's not in your PATH. See README file for more information.
ac313c63f18e91c513128fa97bce32d6_jpg.rf.a3005a99dcca8bc41a904506b99b7753.jpg,/kaggle/input/datasets/nagendra048/aadhar-dataset/valid/images,Error: C:\Program Files\Tesseract-OCR\tesseract.exe is not installed or it's not in your PATH. See README file for more information.
102_509409293_jpg.rf.a5e1d47069c0e810cbff0c4812578fcf.jpg,/kaggle/input/datasets/nagendra048/aadhar-dataset/valid/images,Error: C:\Program Files\Tesseract-OCR\tesseract.exe is not installed or it's not in your PATH. See README file for more information.
14171f7e3e906f9bb9cbee0e44b183ab-1-_jpg.rf.5ba6c3494437446bcd8dfe7c375a5ef6.jpg,/kaggle/input/datasets/nagendra048/aadhar-dataset/valid/images,Error: C:\Program Files\Tesseract-OCR\tesseract.exe is not installed or it's not in your PATH. See README file for more information.
images-12-_jpg.rf.552fddb17e3c26f56857db7e6b04e60c.jpg,/kaggle/input/datasets/nagendra048/aadhar-dataset/valid/images,Error: C:\Program Files\Tesseract-OCR\tesseract.exe is not installed or it's not in your PATH. See README file for more information.
images-6-_jpg.rf.9f7b512358cbaae7c2b7d763eae1984d.jpg,/kaggle/input/datasets/nagendra048/aadhar-dataset/valid/images,Error: C:\Program Files\Tesseract-OCR\tesseract.exe is not installed or it's not in your PATH. See README file for more information.
maxresdefault-1_jpg.rf.c145b478014ed16fca75a07728adf3db.jpg,/kaggle/input/datasets/nagendra048/aadhar-dataset/valid/images,Error: C:\Program Files\Tesseract-OCR\tesseract.exe is not installed or it's not in your PATH. See README file for more information.
efbefce86a6ebb47ef70edd9f85d5324_jpg.rf.98f629fbc39775125f45ac589d1270cd.jpg,/kaggle/input/datasets/nagendra048/aadhar-dataset/valid/images,Error: C:\Program Files\Tesseract-OCR\tesseract.exe is not installed or it's not in your PATH. See README file for more information.
c5cad996e165b070b99d2b76cdfb39dc_jpg.rf.c1911f6bae9420b07cd33aa075c7dfc7.jpg,/kaggle/input/datasets/nagendra048/aadhar-dataset/valid/images,Error: C:\Program Files\Tesseract-OCR\tesseract.exe is not installed or it's not in your PATH. See README file for more information.
img_1628671278092_474_jpg.rf.e85dbbd0203a09545beb17e580c10efb.jpg,/kaggle/input/datasets/nagendra048/aadhar-dataset/valid/images,Error: C:\Program Files\Tesseract-OCR\tesseract.exe is not installed or it's not in your PATH. See README file for more information.
images-19-_jpg.rf.77657ef8b7a04d570c866ddc6421fc99.jpg,/kaggle/input/datasets/nagendra048/aadhar-dataset/valid/images,Error: C:\Program Files\Tesseract-OCR\tesseract.exe is not installed or it's not in your PATH. See README file for more information.
maxresdefault-1_jpg.rf.0207a4c5056f4c689b8b5549c5c55fde.jpg,/kaggle/input/datasets/nagendra048/aadhar-dataset/valid/images,Error: C:\Program Files\Tesseract-OCR\tesseract.exe is not installed or it's not in your PATH. See README file for more information.
81eadb49cb7736c4e7460f318ebd5d29_jpg.rf.8d83cdcff68e233db3af7e2013377436.jpg,/kaggle/input/datasets/nagendra048/aadhar-dataset/valid/images,Error: C:\Program Files\Tesseract-OCR\tesseract.exe is not installed or it's not in your PATH. See README file for more information.
c69b7f40144bf1cd4051251754af93ed_jpg.rf.a41f2bdd96cf33535e0ab92a52aaf951.jpg,/kaggle/input/datasets/nagendra048/aadhar-dataset/valid/images,Error: C:\Program Files\Tesseract-OCR\tesseract.exe is not installed or it's not in your PATH. See README file for more information.
b9cc3312597d27a7d53152d949674eec_jpg.rf.9b7b0c177b8df994688ebbe72800e993.jpg,/kaggle/input/datasets/nagendra048/aadhar-dataset/valid/images,Error: C:\Program Files\Tesseract-OCR\tesseract.exe is not installed or it's not in your PATH. See README file for more information.
EWlRgN0UMAEhp1u_jpg.rf.93e50eab563bc92ab71e7853125ae78a.jpg,/kaggle/input/datasets/nagendra048/aadhar-dataset/valid/images,Error: C:\Program Files\Tesseract-OCR\tesseract.exe is not installed or it's not in your PATH. See README file for more information.
thumb_jpg.rf.ccfc301f90f8453b83c980d8849f1e97.jpg,/kaggle/input/datasets/nagendra048/aadhar-dataset/valid/images,Error: C:\Program Files\Tesseract-OCR\tesseract.exe is not installed or it's not in your PATH. See README file for more information.
6b6ad42e38094e11a2260c2694582da5_jpg.rf.bb3eea290b4c69a4f72aeacfdb5b89c1.jpg,/kaggle/input/datasets/nagendra048/aadhar-dataset/valid/images,Error: C:\Program Files\Tesseract-OCR\tesseract.exe is not installed or it's not in your PATH. See README file for more information.
download_jpg.rf.82bd4281c6afdd72fdda9dccf29e6063.jpg,/kaggle/input/datasets/nagendra048/aadhar-dataset/valid/images,Error: C:\Program Files\Tesseract-OCR\tesseract.exe is not installed or it's not in your PATH. See README file for more information.
60643f2e835245dfa9b0c9c988abb748_jpg.rf.804b59c1b8c38de0cf2a0a383dc826df.jpg,/kaggle/input/datasets/nagendra048/aadhar-dataset/valid/images,Error: C:\Program Files\Tesseract-OCR\tesseract.exe is not installed or it's not in your PATH. See README file for more information.
c69b7f40144bf1cd4051251754af93ed-1-_jpg.rf.6479bd47f20a8f784075f99497dfa994.jpg,/kaggle/input/datasets/nagendra048/aadhar-dataset/valid/images,Error: C:\Program Files\Tesseract-OCR\tesseract.exe is not installed or it's not in your PATH. See README file for more information.
photos-11111778-16310969735991632_jpg.rf.974ad84e366d97640635d9adc14f2b1a.jpg,/kaggle/input/datasets/nagendra048/aadhar-dataset/valid/images,Error: C:\Program Files\Tesseract-OCR\tesseract.exe is not installed or it's not in your PATH. See README file for more information.
82a73cb534ca5805e7136e48059e7000_jpg.rf.0a81a2658104392df2b77f7f62b1ae3f.jpg,/kaggle/input/datasets/nagendra048/aadhar-dataset/valid/images,Error: C:\Program Files\Tesseract-OCR\tesseract.exe is not installed or it's not in your PATH. See README file for more information.
images-13-_jpg.rf.08d36a6656161115e87cc44d9aef2ca1.jpg,/kaggle/input/datasets/nagendra048/aadhar-dataset/valid/images,Error: C:\Program Files\Tesseract-OCR\tesseract.exe is not installed or it's not in your PATH. See README file for more information.
14171f7e3e906f9bb9cbee0e44b183ab-1-_jpg.rf.69e4a27c5dbd22f0b8962dc1b9e5607b.jpg,/kaggle/input/datasets/nagendra048/aadhar-dataset/valid/images,Error: C:\Program Files\Tesseract-OCR\tesseract.exe is not installed or it's not in your PATH. See README file for more information.
78ebbaace416b45c0b552a5a3de7b1a7_jpg.rf.fac31e45e9fea4fdacdd8f64da8538e9.jpg,/kaggle/input/datasets/nagendra048/aadhar-dataset/valid/images,Error: C:\Program Files\Tesseract-OCR\tesseract.exe is not installed or it's not in your PATH. See README file for more information.
0521_adhar_jpg.rf.99fa67b10d2b5f20f7db191e21d4594c.jpg,/kaggle/input/datasets/nagendra048/aadhar-dataset/valid/images,Error: C:\Program Files\Tesseract-OCR\tesseract.exe is not installed or it's not in your PATH. See README file for more information.
Ee-U7_SVAAIKkKh_jpg.rf.98b6bc0c4cfe8616c77e85266cf60b98.jpg,/kaggle/input/datasets/nagendra048/aadhar-dataset/valid/images,Error: C:\Program Files\Tesseract-OCR\tesseract.exe is not installed or it's not in your PATH. See README file for more information.
8455878ee3f6d5bf35580169888b3fb6_jpg.rf.52f10747e8c039179d3e098da3d8e8fb.jpg,/kaggle/input/datasets/nagendra048/aadhar-dataset/valid/images,Error: C:\Program Files\Tesseract-OCR\tesseract.exe is not installed or it's not in your PATH. See README file for more information.
a1e3125efaa4eebd8efc907ae48b69a1-2-_jpg.rf.4bcd94d176c8fb7e067a1bf5ff5404e7.jpg,/kaggle/input/datasets/nagendra048/aadhar-dataset/valid/images,Error: C:\Program Files\Tesseract-OCR\tesseract.exe is not installed or it's not in your PATH. See README file for more information.
10074_jpg.rf.8067dcb9e6949a30dbff36ef155d0c64.jpg,/kaggle/input/datasets/nagendra048/aadhar-dataset/valid/images,Error: C:\Program Files\Tesseract-OCR\tesseract.exe is not installed or it's not in your PATH. See README file for more information.
ac313c63f18e91c513128fa97bce32d6_jpg.rf.66a9b56bdea8a6cfafaf3cb22177a16b.jpg,/kaggle/input/datasets/nagendra048/aadhar-dataset/valid/images,Error: C:\Program Files\Tesseract-OCR\tesseract.exe is not installed or it's not in your PATH. See README file for more information.
dd1b5eeb6239e3d97be96c4fa66a4eb7_jpg.rf.3c0ada25cab5a9ebf5acfb8888be6f2a.jpg,/kaggle/input/datasets/nagendra048/aadhar-dataset/valid/images,Error: C:\Program Files\Tesseract-OCR\tesseract.exe is not installed or it's not in your PATH. See README file for more information.
6faf8790a38b5e6a7d9e3347ba84a24f_jpg.rf.0193290540481464a950723911b4aa40.jpg,/kaggle/input/datasets/nagendra048/aadhar-dataset/valid/images,Error: C:\Program Files\Tesseract-OCR\tesseract.exe is not installed or it's not in your PATH. See README file for more information.
10085_jpg.rf.1f89de9f68e0edec0928605e8b985240.jpg,/kaggle/input/datasets/nagendra048/aadhar-dataset/valid/images,Error: C:\Program Files\Tesseract-OCR\tesseract.exe is not installed or it's not in your PATH. See README file for more information.
8455878ee3f6d5bf35580169888b3fb6_jpg.rf.76bd148572253973f9fab86e3f8447c8.jpg,/kaggle/input/datasets/nagendra048/aadhar-dataset/valid/images,Error: C:\Program Files\Tesseract-OCR\tesseract.exe is not installed or it's not in your PATH. See README file for more information.
images-3-_jpg.rf.640a58e7f749a3ecbe9c4e2ca7135d60.jpg,/kaggle/input/datasets/nagendra048/aadhar-dataset/valid/images,Error: C:\Program Files\Tesseract-OCR\tesseract.exe is not installed or it's not in your PATH. See README file for more information.
b4ec339af5996addce61a9c73b7162f3_jpg.rf.ca18e4b71fa6eb24a110e9d37808dc4f.jpg,/kaggle/input/datasets/nagendra048/aadhar-dataset/valid/images,Error: C:\Program Files\Tesseract-OCR\tesseract.exe is not installed or it's not in your PATH. See README file for more information.
images-14-_jpg.rf.4b7e1e6d64a5df895051801c0a063ea3.jpg,/kaggle/input/datasets/nagendra048/aadhar-dataset/valid/images,Error: C:\Program Files\Tesseract-OCR\tesseract.exe is not installed or it's not in your PATH. See README file for more information.
35c4f8abcda3c0e3fe13b2435deaaff4_jpg.rf.693afb2646979f14d7798dfd1bf40f83.jpg,/kaggle/input/datasets/nagendra048/aadhar-dataset/valid/images,Error: C:\Program Files\Tesseract-OCR\tesseract.exe is not installed or it's not in your PATH. See README file for more information.
2b923b9c9b526e45022e18d0493946ba_jpg.rf.3739efda38278bd845fad7a3da4d6c82.jpg,/kaggle/input/datasets/nagendra048/aadhar-dataset/valid/images,Error: C:\Program Files\Tesseract-OCR\tesseract.exe is not installed or it's not in your PATH. See README file for more information.
EFdEgzrUYAMutNm_jpg.rf.cc4b3d399bfb1fa1d2be1320bf99e0c5.jpg,/kaggle/input/datasets/nagendra048/aadhar-dataset/valid/images,Error: C:\Program Files\Tesseract-OCR\tesseract.exe is not installed or it's not in your PATH. See README file for more information.
a1e3125efaa4eebd8efc907ae48b69a1_jpg.rf.7f8733049f6183f3b02c0dbd5dbc81d4.jpg,/kaggle/input/datasets/nagendra048/aadhar-dataset/valid/images,Error: C:\Program Files\Tesseract-OCR\tesseract.exe is not installed or it's not in your PATH. See README file for more information.
14171f7e3e906f9bb9cbee0e44b183ab-1-_jpg.rf.e290644ba6283e2562ce0ba0f5986426.jpg,/kaggle/input/datasets/nagendra048/aadhar-dataset/valid/images,Error: C:\Program Files\Tesseract-OCR\tesseract.exe is not installed or it's not in your PATH. See README file for more information.
amb-022_1636178548_jpg.rf.6611fe30f08fe71ed33fba48ed1dbbf0.jpg,/kaggle/input/datasets/nagendra048/aadhar-dataset/valid/images,Error: C:\Program Files\Tesseract-OCR\tesseract.exe is not installed or it's not in your PATH. See README file for more information.
dd1b5eeb6239e3d97be96c4fa66a4eb7_jpg.rf.edabb2a71e0fa0de26dd427d5b53fb53.jpg,/kaggle/input/datasets/nagendra048/aadhar-dataset/valid/images,Error: C:\Program Files\Tesseract-OCR\tesseract.exe is not installed or it's not in your PATH. See README file for more information.
ff71c3cd26d34f1340a3f410f6e03a3f_jpg.rf.52b251ca3cfd12cd1bc5ffa7dd53f04c.jpg,/kaggle/input/datasets/nagendra048/aadhar-dataset/valid/images,Error: C:\Program Files\Tesseract-OCR\tesseract.exe is not installed or it's not in your PATH. See README file for more information.
dd73e0797834fecca12c450729c37fef_jpg.rf.07fae068ae86336d9be824d049570741.jpg,/kaggle/input/datasets/nagendra048/aadhar-dataset/valid/images,Error: C:\Program Files\Tesseract-OCR\tesseract.exe is not installed or it's not in your PATH. See README file for more information.
116508899_159713039053118_8698401500526480570_n_jpg.rf.5163023ced02b8c13d67e816f091cef4.jpg,/kaggle/input/datasets/nagendra048/aadhar-dataset/valid/images,Error: C:\Program Files\Tesseract-OCR\tesseract.exe is not installed or it's not in your PATH. See README file for more information.
5a9f2c8658426f9b1b17bfa65ef0d62c_jpg.rf.0eafcacfb6b9e01ca75f9782c38da701.jpg,/kaggle/input/datasets/nagendra048/aadhar-dataset/valid/images,Error: C:\Program Files\Tesseract-OCR\tesseract.exe is not installed or it's not in your PATH. See README file for more information.
ce1ea2dcb0a8e8dac1e26793ad3d5ecb_jpg.rf.1fbc5708f8d0f39739d9016155a988e8.jpg,/kaggle/input/datasets/nagendra048/aadhar-dataset/valid/images,Error: C:\Program Files\Tesseract-OCR\tesseract.exe is not installed or it's not in your PATH. See README file for more information.
banner_jpg.rf.368d324643017e3706b4bd726740383f.jpg,/kaggle/input/datasets/nagendra048/aadhar-dataset/valid/images,Error: C:\Program Files\Tesseract-OCR\tesseract.exe is not installed or it's not in your PATH. See README file for more information.
0d4c873ace54e82fb49c451a9bdc6d24_jpg.rf.52b4c074cfb6ec082db8b546d63fada0.jpg,/kaggle/input/datasets/nagendra048/aadhar-dataset/valid/images,Error: C:\Program Files\Tesseract-OCR\tesseract.exe is not installed or it's not in your PATH. See README file for more information.
c69b7f40144bf1cd4051251754af93ed_jpg.rf.48d6cae95e5bbaa012116cadf01e64a8.jpg,/kaggle/input/datasets/nagendra048/aadhar-dataset/valid/images,Error: C:\Program Files\Tesseract-OCR\tesseract.exe is not installed or it's not in your PATH. See README file for more information.
23752a535ecca255d677464b5a7a24f4_jpg.rf.42ab94e8bfb09e539097d105fdfd3510.jpg,/kaggle/input/datasets/nagendra048/aadhar-dataset/valid/images,Error: C:\Program Files\Tesseract-OCR\tesseract.exe is not installed or it's not in your PATH. See README file for more information.
2b923b9c9b526e45022e18d0493946ba_jpg.rf.0b4e3011016f9bf917d63c6377f9ad8e.jpg,/kaggle/input/datasets/nagendra048/aadhar-dataset/valid/images,Error: C:\Program Files\Tesseract-OCR\tesseract.exe is not installed or it's not in your PATH. See README file for more information.
EFdEgzrUYAMutNm_jpg.rf.b36cf50cbfd3662193a964433b709706.jpg,/kaggle/input/datasets/nagendra048/aadhar-dataset/valid/images,Error: C:\Program Files\Tesseract-OCR\tesseract.exe is not installed or it's not in your PATH. See README file for more information.
images-2-_jpg.rf.78d9bf82795afd2f858e5541a145941b.jpg,/kaggle/input/datasets/nagendra048/aadhar-dataset/valid/images,Error: C:\Program Files\Tesseract-OCR\tesseract.exe is not installed or it's not in your PATH. See README file for more information.
c06a8a5d5214f4545a91b5c35eb7aa43_jpg.rf.a1459b53c3d78bd6bf64141819b657de.jpg,/kaggle/input/datasets/nagendra048/aadhar-dataset/valid/images,Error: C:\Program Files\Tesseract-OCR\tesseract.exe is not installed or it's not in your PATH. See README file for more information.
25305fe9d4d92e3899f5fbcab86fb2c7-1-_jpg.rf.ae0995bd5af66f28b02629368c7f0b92.jpg,/kaggle/input/datasets/nagendra048/aadhar-dataset/valid/images,Error: C:\Program Files\Tesseract-OCR\tesseract.exe is not installed or it's not in your PATH. See README file for more information.
images-18-_jpg.rf.3ddada0c6c6ff9030fe5bc33f43d4d2a.jpg,/kaggle/input/datasets/nagendra048/aadhar-dataset/valid/images,Error: C:\Program Files\Tesseract-OCR\tesseract.exe is not installed or it's not in your PATH. See README file for more information.
71697128_jpg.rf.09c65d2c6177c68a1af17f11ce03f8be.jpg,/kaggle/input/datasets/nagendra048/aadhar-dataset/valid/images,Error: C:\Program Files\Tesseract-OCR\tesseract.exe is not installed or it's not in your PATH. See README file for more information.
b2487cba906731d63c4ca7884bd1a2f0_jpg.rf.e602ca7cd9d02db8eeb6f2320f9519fc.jpg,/kaggle/input/datasets/nagendra048/aadhar-dataset/valid/images,Error: C:\Program Files\Tesseract-OCR\tesseract.exe is not installed or it's not in your PATH. See README file for more information.
71697128_jpg.rf.6c6226fc41b3a248aed9d2f45a918d26.jpg,/kaggle/input/datasets/nagendra048/aadhar-dataset/valid/images,Error: C:\Program Files\Tesseract-OCR\tesseract.exe is not installed or it's not in your PATH. See README file for more information.
9ccffeac84c5b19e14bab96b9177b18b_jpg.rf.d6ebdd1f3494cbaf8889450575860047.jpg,/kaggle/input/datasets/nagendra048/aadhar-dataset/valid/images,Error: C:\Program Files\Tesseract-OCR\tesseract.exe is not installed or it's not in your PATH. See README file for more information.
images-20-_jpg.rf.416e2ddfc25f3db95c3652fea64508f3.jpg,/kaggle/input/datasets/nagendra048/aadhar-dataset/valid/images,Error: C:\Program Files\Tesseract-OCR\tesseract.exe is not installed or it's not in your PATH. See README file for more information.
images-4-_jpg.rf.685949f664f8277a225dc8fc174dc2b5.jpg,/kaggle/input/datasets/nagendra048/aadhar-dataset/valid/images,Error: C:\Program Files\Tesseract-OCR\tesseract.exe is not installed or it's not in your PATH. See README file for more information.
dwRqcW6_jpg.rf.9cf7590067c4dab5c70867c924a83867.jpg,/kaggle/input/datasets/nagendra048/aadhar-dataset/valid/images,Error: C:\Program Files\Tesseract-OCR\tesseract.exe is not installed or it's not in your PATH. See README file for more information.
1c89969c27b6f7ea57d47a74f579b5cc-1-_jpg.rf.ca188ddf7d1250854ffdb4dd0445333c.jpg,/kaggle/input/datasets/nagendra048/aadhar-dataset/valid/images,Error: C:\Program Files\Tesseract-OCR\tesseract.exe is not installed or it's not in your PATH. See README file for more information.
images-1-_jpg.rf.17697a6d0e2a158936c870dbf02f3c7e.jpg,/kaggle/input/datasets/nagendra048/aadhar-dataset/valid/images,Error: C:\Program Files\Tesseract-OCR\tesseract.exe is not installed or it's not in your PATH. See README file for more information.
6b6ad42e38094e11a2260c2694582da5_jpg.rf.ff067bc7d0d45a7a8cc29150ab74a203.jpg,/kaggle/input/datasets/nagendra048/aadhar-dataset/valid/images,Error: C:\Program Files\Tesseract-OCR\tesseract.exe is not installed or it's not in your PATH. See README file for more information.
2bfd2f150b31581bac34445b5c49dd26_jpg.rf.54304d95f250975596e0169b3cc9f46f.jpg,/kaggle/input/datasets/nagendra048/aadhar-dataset/valid/images,Error: C:\Program Files\Tesseract-OCR\tesseract.exe is not installed or it's not in your PATH. See README file for more information.
6d8e67208737a556302565d3c61dc373_jpg.rf.3afce576495c9d747dd78508719d78b3.jpg,/kaggle/input/datasets/nagendra048/aadhar-dataset/valid/images,Error: C:\Program Files\Tesseract-OCR\tesseract.exe is not installed or it's not in your PATH. See README file for more information.
images-7-_jpg.rf.95afbf6b7d7b223eac5aa099dbdd605c.jpg,/kaggle/input/datasets/nagendra048/aadhar-dataset/valid/images,Error: C:\Program Files\Tesseract-OCR\tesseract.exe is not installed or it's not in your PATH. See README file for more information.
images-1-_jpg.rf.6652fea61649a91fdb4f28a77b76da25.jpg,/kaggle/input/datasets/nagendra048/aadhar-dataset/valid/images,Error: C:\Program Files\Tesseract-OCR\tesseract.exe is not installed or it's not in your PATH. See README file for more information.
b4ec339af5996addce61a9c73b7162f3_jpg.rf.a7625d36bf368fe254d43f86282fd2c4.jpg,/kaggle/input/datasets/nagendra048/aadhar-dataset/valid/images,Error: C:\Program Files\Tesseract-OCR\tesseract.exe is not installed or it's not in your PATH. See README file for more information.
e383ea165dd6f41b69ef72df10c4c473-1-_jpg.rf.c1a314c28a995289e6f30240bf11d571.jpg,/kaggle/input/datasets/nagendra048/aadhar-dataset/valid/images,Error: C:\Program Files\Tesseract-OCR\tesseract.exe is not installed or it's not in your PATH. See README file for more information.
EL-ezv8UEAMzzu4_jpg.rf.ee07129eb23db1ed238d15b871541972.jpg,/kaggle/input/datasets/nagendra048/aadhar-dataset/valid/images,Error: C:\Program Files\Tesseract-OCR\tesseract.exe is not installed or it's not in your PATH. See README file for more information.
35c4f8abcda3c0e3fe13b2435deaaff4_jpg.rf.ede0d19fb341266229a304dd3d161f06.jpg,/kaggle/input/datasets/nagendra048/aadhar-dataset/valid/images,Error: C:\Program Files\Tesseract-OCR\tesseract.exe is not installed or it's not in your PATH. See README file for more information.
d9c5c2aa49da5daf5ab4a18dd030726c_jpg.rf.6e4046a33622e6bc7e1fece871b5f35a.jpg,/kaggle/input/datasets/nagendra048/aadhar-dataset/valid/images,Error: C:\Program Files\Tesseract-OCR\tesseract.exe is not installed or it's not in your PATH. See README file for more information.
766ad22cd5a05c1a9d21c658bb1e925c_jpg.rf.7c446e155798b73acdd96c56d1b50a41.jpg,/kaggle/input/datasets/nagendra048/aadhar-dataset/valid/images,Error: C:\Program Files\Tesseract-OCR\tesseract.exe is not installed or it's not in your PATH. See README file for more information.
images-12-_jpg.rf.8cd64ed12c842cdc5500d1b201519dea.jpg,/kaggle/input/datasets/nagendra048/aadhar-dataset/valid/images,Error: C:\Program Files\Tesseract-OCR\tesseract.exe is not installed or it's not in your PATH. See README file for more information.
b7becd5c330f22d135ef4ffa3b26e65e_jpg.rf.97fcbc137b3c56206fd8461993b792da.jpg,/kaggle/input/datasets/nagendra048/aadhar-dataset/valid/images,Error: C:\Program Files\Tesseract-OCR\tesseract.exe is not installed or it's not in your PATH. See README file for more information.
23752a535ecca255d677464b5a7a24f4_jpg.rf.f692a1dedcf0a108627345332662e396.jpg,/kaggle/input/datasets/nagendra048/aadhar-dataset/valid/images,Error: C:\Program Files\Tesseract-OCR\tesseract.exe is not installed or it's not in your PATH. See README file for more information.
71697128_jpg.rf.f3a89f4d9b589f59752dff908ff282fa.jpg,/kaggle/input/datasets/nagendra048/aadhar-dataset/valid/images,Error: C:\Program Files\Tesseract-OCR\tesseract.exe is not installed or it's not in your PATH. See README file for more information.
b4ec339af5996addce61a9c73b7162f3-1-_jpg.rf.b7bc33e42d463878e2404bc566e19d34.jpg,/kaggle/input/datasets/nagendra048/aadhar-dataset/valid/images,Error: C:\Program Files\Tesseract-OCR\tesseract.exe is not installed or it's not in your PATH. See README file for more information.
7e65eb61f2d964e4e46a9ee5e1330c28_jpg.rf.230aa92d4f2698ab46cb2df4868e91df.jpg,/kaggle/input/datasets/nagendra048/aadhar-dataset/valid/images,Error: C:\Program Files\Tesseract-OCR\tesseract.exe is not installed or it's not in your PATH. See README file for more information.
c9c6e3b130e3aed890884c240195ec9d_jpg.rf.44a79b09891e3d581fd5498bffe00c5e.jpg,/kaggle/input/datasets/nagendra048/aadhar-dataset/valid/images,Error: C:\Program Files\Tesseract-OCR\tesseract.exe is not installed or it's not in your PATH. See README file for more information.
thumb_jpg.rf.8dd6d3db077e9b92adcfa8ecbc33de4b.jpg,/kaggle/input/datasets/nagendra048/aadhar-dataset/valid/images,Error: C:\Program Files\Tesseract-OCR\tesseract.exe is not installed or it's not in your PATH. See README file for more information.
81eadb49cb7736c4e7460f318ebd5d29_jpg.rf.f1e1bb76695569e3873d3aba076a94e2.jpg,/kaggle/input/datasets/nagendra048/aadhar-dataset/valid/images,Error: C:\Program Files\Tesseract-OCR\tesseract.exe is not installed or it's not in your PATH. See README file for more information.
banner_jpg.rf.54661e5d4bc4e41f0953c8627853ef07.jpg,/kaggle/input/datasets/nagendra048/aadhar-dataset/valid/images,Error: C:\Program Files\Tesseract-OCR\tesseract.exe is not installed or it's not in your PATH. See README file for more information.
images-14-_jpg.rf.b7a60e8df106e23a96dc5cbefce29bef.jpg,/kaggle/input/datasets/nagendra048/aadhar-dataset/valid/images,Error: C:\Program Files\Tesseract-OCR\tesseract.exe is not installed or it's not in your PATH. See README file for more information.
b4ec339af5996addce61a9c73b7162f3_jpg.rf.d557589b7eb664aa559eb6b4e93ec53a.jpg,/kaggle/input/datasets/nagendra048/aadhar-dataset/valid/images,Error: C:\Program Files\Tesseract-OCR\tesseract.exe is not installed or it's not in your PATH. See README file for more information.
c7d12dabedb1da10342b91dea665a917-1-_jpg.rf.e0925be4bddbe7961b7bf0347934e374.jpg,/kaggle/input/datasets/nagendra048/aadhar-dataset/valid/images,Error: C:\Program Files\Tesseract-OCR\tesseract.exe is not installed or it's not in your PATH. See README file for more information.
2017_7image_01_34_3344908890_jpg.rf.b101cfef9cba528c16454306bc6053df.jpg,/kaggle/input/datasets/nagendra048/aadhar-dataset/valid/images,Error: C:\Program Files\Tesseract-OCR\tesseract.exe is not installed or it's not in your PATH. See README file for more information.
ac313c63f18e91c513128fa97bce32d6_jpg.rf.3027b6c95524196372c1c44e8264887c.jpg,/kaggle/input/datasets/nagendra048/aadhar-dataset/valid/images,Error: C:\Program Files\Tesseract-OCR\tesseract.exe is not installed or it's not in your PATH. See README file for more information.
b4ec339af5996addce61a9c73b7162f3-1-_jpg.rf.fefadee4ee4c0586e1d9990868060c8e.jpg,/kaggle/input/datasets/nagendra048/aadhar-dataset/valid/images,Error: C:\Program Files\Tesseract-OCR\tesseract.exe is not installed or it's not in your PATH. See README file for more information.
81eadb49cb7736c4e7460f318ebd5d29_jpg.rf.ba4a96a82c3b9702b8715817f56ce950.jpg,/kaggle/input/datasets/nagendra048/aadhar-dataset/valid/images,Error: C:\Program Files\Tesseract-OCR\tesseract.exe is not installed or it's not in your PATH. See README file for more information.
46804894d63fe5b3fea2582cfa7657c7-2-_jpg.rf.b12d3afdccbc20ad3b98a7ea93a1bdb3.jpg,/kaggle/input/datasets/nagendra048/aadhar-dataset/valid/images,Error: C:\Program Files\Tesseract-OCR\tesseract.exe is not installed or it's not in your PATH. See README file for more information.
card_jpg.rf.cca8c8294d28040bedeb7e96a3d11a98.jpg,/kaggle/input/datasets/nagendra048/aadhar-dataset/valid/images,Error: C:\Program Files\Tesseract-OCR\tesseract.exe is not installed or it's not in your PATH. See README file for more information.
5a9f2c8658426f9b1b17bfa65ef0d62c_jpg.rf.e8ea4923fcc295839efebb15334bfd01.jpg,/kaggle/input/datasets/nagendra048/aadhar-dataset/valid/images,Error: C:\Program Files\Tesseract-OCR\tesseract.exe is not installed or it's not in your PATH. See README file for more information.
images-1-_jpg.rf.0f08e58a06a84825b1e35c07e7c0ef94.jpg,/kaggle/input/datasets/nagendra048/aadhar-dataset/valid/images,Error: C:\Program Files\Tesseract-OCR\tesseract.exe is not installed or it's not in your PATH. See README file for more information.
images-4-_jpg.rf.997725d516d09f6e1d89d8c6be960e10.jpg,/kaggle/input/datasets/nagendra048/aadhar-dataset/valid/images,Error: C:\Program Files\Tesseract-OCR\tesseract.exe is not installed or it's not in your PATH. See README file for more information.
25305fe9d4d92e3899f5fbcab86fb2c7-1-_jpg.rf.37e50cf56f4dd2fa4eb315e56e1b3a33.jpg,/kaggle/input/datasets/nagendra048/aadhar-dataset/valid/images,Error: C:\Program Files\Tesseract-OCR\tesseract.exe is not installed or it's not in your PATH. See README file for more information.
b4047be5f6a409a7ac20777d25d5a058_jpg.rf.56c3aab4ca5272e7c76833aaf5b0a1c9.jpg,/kaggle/input/datasets/nagendra048/aadhar-dataset/valid/images,Error: C:\Program Files\Tesseract-OCR\tesseract.exe is not installed or it's not in your PATH. See README file for more information.
447675edf75967ed3047d0ff28f280ac-1-_jpg.rf.65b78e1997fcd794716a02780a4b5778.jpg,/kaggle/input/datasets/nagendra048/aadhar-dataset/valid/images,Error: C:\Program Files\Tesseract-OCR\tesseract.exe is not installed or it's not in your PATH. See README file for more information.
Adhar_Card_jpg.rf.ab0ae8bbb8f8145654274e957e8dc235.jpg,/kaggle/input/datasets/nagendra048/aadhar-dataset/valid/images,Error: C:\Program Files\Tesseract-OCR\tesseract.exe is not installed or it's not in your PATH. See README file for more information.
46804894d63fe5b3fea2582cfa7657c7-2-_jpg.rf.0b389cb32a7fca817d4555a7eae3d3db.jpg,/kaggle/input/datasets/nagendra048/aadhar-dataset/valid/images,Error: C:\Program Files\Tesseract-OCR\tesseract.exe is not installed or it's not in your PATH. See README file for more information.
images-11-_jpg.rf.0e193d90cd3176a4c1d24ba3f6ca6d2c.jpg,/kaggle/input/datasets/nagendra048/aadhar-dataset/valid/images,Error: C:\Program Files\Tesseract-OCR\tesseract.exe is not installed or it's not in your PATH. See README file for more information.
116508899_159713039053118_8698401500526480570_n_jpg.rf.1d918dfcb16c4946bb393094257e6b79.jpg,/kaggle/input/datasets/nagendra048/aadhar-dataset/valid/images,Error: C:\Program Files\Tesseract-OCR\tesseract.exe is not installed or it's not in your PATH. See README file for more information.
0e0a5204f238d9c743ae456a8dc6529a_jpg.rf.833fe22b98ef0b7b26ce2ee63c05dbce.jpg,/kaggle/input/datasets/nagendra048/aadhar-dataset/valid/images,Error: C:\Program Files\Tesseract-OCR\tesseract.exe is not installed or it's not in your PATH. See README file for more information.
1_xMzwx1zuB5KlpNM53l2nfw_jpg.rf.3eac62d6079381c79b42e38809f442c7.jpg,/kaggle/input/datasets/nagendra048/aadhar-dataset/valid/images,Error: C:\Program Files\Tesseract-OCR\tesseract.exe is not installed or it's not in your PATH. See README file for more information.
46804894d63fe5b3fea2582cfa7657c7-1-_jpg.rf.4d387b45c3f23c2e0546d84e6224acae.jpg,/kaggle/input/datasets/nagendra048/aadhar-dataset/valid/images,Error: C:\Program Files\Tesseract-OCR\tesseract.exe is not installed or it's not in your PATH. See README file for more information.
1_xMzwx1zuB5KlpNM53l2nfw_jpg.rf.acd7f4faa653650b11963117a6f283c1.jpg,/kaggle/input/datasets/nagendra048/aadhar-dataset/valid/images,Error: C:\Program Files\Tesseract-OCR\tesseract.exe is not installed or it's not in your PATH. See README file for more information.
2b923b9c9b526e45022e18d0493946ba-1-_jpg.rf.baa729395417b3edf912214e9346fe95.jpg,/kaggle/input/datasets/nagendra048/aadhar-dataset/valid/images,Error: C:\Program Files\Tesseract-OCR\tesseract.exe is not installed or it's not in your PATH. See README file for more information.
58a8a1d7cf82feffbc75786afbe700ad_jpg.rf.7d62a5640d1c61d49b37c30646f1c1f9.jpg,/kaggle/input/datasets/nagendra048/aadhar-dataset/valid/images,Error: C:\Program Files\Tesseract-OCR\tesseract.exe is not installed or it's not in your PATH. See README file for more information.
cfd6db78024aa90c6166e6873945fa56_jpg.rf.68056d754165db8300da2fb384a44e91.jpg,/kaggle/input/datasets/nagendra048/aadhar-dataset/valid/images,Error: C:\Program Files\Tesseract-OCR\tesseract.exe is not installed or it's not in your PATH. See README file for more information.
110_504886170_jpg.rf.60eab0d50a08af2c1feda679124bae54.jpg,/kaggle/input/datasets/nagendra048/aadhar-dataset/valid/images,Error: C:\Program Files\Tesseract-OCR\tesseract.exe is not installed or it's not in your PATH. See README file for more information.
1_xMzwx1zuB5KlpNM53l2nfw_jpg.rf.f58203eb62efff72c26b990215af7c3a.jpg,/kaggle/input/datasets/nagendra048/aadhar-dataset/valid/images,Error: C:\Program Files\Tesseract-OCR\tesseract.exe is not installed or it's not in your PATH. See README file for more information.
49fa3bcf36cda2851f2d12adc5f9f6db-1-_jpg.rf.9b9afadbab3a85372c4b354c9bcc2a4e.jpg,/kaggle/input/datasets/nagendra048/aadhar-dataset/valid/images,Error: C:\Program Files\Tesseract-OCR\tesseract.exe is not installed or it's not in your PATH. See README file for more information.
bc2af9550a06aee72c9aa22a3c73f0fa_jpg.rf.7290aff3e11e30bf4fff39324bbf6b13.jpg,/kaggle/input/datasets/nagendra048/aadhar-dataset/valid/images,Error: C:\Program Files\Tesseract-OCR\tesseract.exe is not installed or it's not in your PATH. See README file for more information.
b4047be5f6a409a7ac20777d25d5a058_jpg.rf.fb00f62c8e721105e64298d1b6c23c9c.jpg,/kaggle/input/datasets/nagendra048/aadhar-dataset/valid/images,Error: C:\Program Files\Tesseract-OCR\tesseract.exe is not installed or it's not in your PATH. See README file for more information.
ffa5e80e5c547686632c7bc9746fee87_jpg.rf.b33967e95c98d32f2d72400e4bb2c66a.jpg,/kaggle/input/datasets/nagendra048/aadhar-dataset/valid/images,Error: C:\Program Files\Tesseract-OCR\tesseract.exe is not installed or it's not in your PATH. See README file for more information.
images-19-_jpg.rf.2b19657b15a5ee487cceb9bd9c1b9fa6.jpg,/kaggle/input/datasets/nagendra048/aadhar-dataset/valid/images,Error: C:\Program Files\Tesseract-OCR\tesseract.exe is not installed or it's not in your PATH. See README file for more information.
f99b3efadece9bde10e251760cc71b1c_jpg.rf.1557354fcdfdaf0cea5719c61de1e790.jpg,/kaggle/input/datasets/nagendra048/aadhar-dataset/valid/images,Error: C:\Program Files\Tesseract-OCR\tesseract.exe is not installed or it's not in your PATH. See README file for more information.
images-14-_jpg.rf.20d9eca073683b2c9d6cce5ff4540895.jpg,/kaggle/input/datasets/nagendra048/aadhar-dataset/valid/images,Error: C:\Program Files\Tesseract-OCR\tesseract.exe is not installed or it's not in your PATH. See README file for more information.
6cc303eb6be78797fd871ec8cad3a65d_jpg.rf.22915335be2e51c4719a85cced366e08.jpg,/kaggle/input/datasets/nagendra048/aadhar-dataset/valid/images,Error: C:\Program Files\Tesseract-OCR\tesseract.exe is not installed or it's not in your PATH. See README file for more information.
94fc829f3e5abeea915fd790fba1ca4f_jpg.rf.23ebcaaea5cb3fc1269983c7f812c5f0.jpg,/kaggle/input/datasets/nagendra048/aadhar-dataset/valid/images,Error: C:\Program Files\Tesseract-OCR\tesseract.exe is not installed or it's not in your PATH. See README file for more information.
meerut-news_1591527061_jpg.rf.92d96e1946cddb6841cd00b88f8b6e24.jpg,/kaggle/input/datasets/nagendra048/aadhar-dataset/valid/images,Error: C:\Program Files\Tesseract-OCR\tesseract.exe is not installed or it's not in your PATH. See README file for more information.
44ca6539da21ea839134cf0e39ff6e37_jpg.rf.4f7a0770772968701c8dd915a2058171.jpg,/kaggle/input/datasets/nagendra048/aadhar-dataset/valid/images,Error: C:\Program Files\Tesseract-OCR\tesseract.exe is not installed or it's not in your PATH. See README file for more information.
110_504886170_jpg.rf.754d9b51bd6c9efe4b86ba77c8da44c9.jpg,/kaggle/input/datasets/nagendra048/aadhar-dataset/valid/images,Error: C:\Program Files\Tesseract-OCR\tesseract.exe is not installed or it's not in your PATH. See README file for more information.
6b6ad42e38094e11a2260c2694582da5_jpg.rf.87fceddcc0550cd236558ecb90587153.jpg,/kaggle/input/datasets/nagendra048/aadhar-dataset/valid/images,Error: C:\Program Files\Tesseract-OCR\tesseract.exe is not installed or it's not in your PATH. See README file for more information.
1c89969c27b6f7ea57d47a74f579b5cc-1-_jpg.rf.cc4cbb977d2ee7a0881c5d32e77d38fd.jpg,/kaggle/input/datasets/nagendra048/aadhar-dataset/valid/images,Error: C:\Program Files\Tesseract-OCR\tesseract.exe is not installed or it's not in your PATH. See README file for more information.
14171f7e3e906f9bb9cbee0e44b183ab_jpg.rf.9807b482b7b2b990a5cf112a354be1a4.jpg,/kaggle/input/datasets/nagendra048/aadhar-dataset/valid/images,Error: C:\Program Files\Tesseract-OCR\tesseract.exe is not installed or it's not in your PATH. See README file for more information.
dd73e0797834fecca12c450729c37fef_jpg.rf.08147e7029e8683d4f662e384a4a61e0.jpg,/kaggle/input/datasets/nagendra048/aadhar-dataset/valid/images,Error: C:\Program Files\Tesseract-OCR\tesseract.exe is not installed or it's not in your PATH. See README file for more information.
download_jpg.rf.9002df22cdebbe5a7a00cd60a6fef3d0.jpg,/kaggle/input/datasets/nagendra048/aadhar-dataset/valid/images,Error: C:\Program Files\Tesseract-OCR\tesseract.exe is not installed or it's not in your PATH. See README file for more information.
ac313c63f18e91c513128fa97bce32d6_jpg.rf.823847b9aabd7470421282c8037a7b67.jpg,/kaggle/input/datasets/nagendra048/aadhar-dataset/valid/images,Error: C:\Program Files\Tesseract-OCR\tesseract.exe is not installed or it's not in your PATH. See README file for more information.
102_509409293_jpg.rf.a7faa6f13c273a0eccb2782a71a2f354.jpg,/kaggle/input/datasets/nagendra048/aadhar-dataset/valid/images,Error: C:\Program Files\Tesseract-OCR\tesseract.exe is not installed or it's not in your PATH. See README file for more information.
b9cc3312597d27a7d53152d949674eec_jpg.rf.ee44c1fafcb2d59ef1776ea7252ce186.jpg,/kaggle/input/datasets/nagendra048/aadhar-dataset/valid/images,Error: C:\Program Files\Tesseract-OCR\tesseract.exe is not installed or it's not in your PATH. See README file for more information.
aad43_jpg.rf.b39fbccbf2683bbfc67bbce5514e32ca.jpg,/kaggle/input/datasets/nagendra048/aadhar-dataset/valid/images,Error: C:\Program Files\Tesseract-OCR\tesseract.exe is not installed or it's not in your PATH. See README file for more information.
images-20-_jpg.rf.51c1a88c553ba00e95bfbdeebe0b446a.jpg,/kaggle/input/datasets/nagendra048/aadhar-dataset/valid/images,Error: C:\Program Files\Tesseract-OCR\tesseract.exe is not installed or it's not in your PATH. See README file for more information.
447675edf75967ed3047d0ff28f280ac_jpg.rf.09c0261cd0be1baf6c49d1b352d6a9a9.jpg,/kaggle/input/datasets/nagendra048/aadhar-dataset/valid/images,Error: C:\Program Files\Tesseract-OCR\tesseract.exe is not installed or it's not in your PATH. See README file for more information.
b0d100d4275f891c2fbc6d9d56dbd123_jpg.rf.9782c28741f7a5839d45e14c1727a6de.jpg,/kaggle/input/datasets/nagendra048/aadhar-dataset/valid/images,Error: C:\Program Files\Tesseract-OCR\tesseract.exe is not installed or it's not in your PATH. See README file for more information.
images-2-_jpg.rf.d7aa4d5a1bbeb27c6f75962177aceae3.jpg,/kaggle/input/datasets/nagendra048/aadhar-dataset/valid/images,Error: C:\Program Files\Tesseract-OCR\tesseract.exe is not installed or it's not in your PATH. See README file for more information.
images-18-_jpg.rf.b25ac9da4a7a6891a17bb397160acbad.jpg,/kaggle/input/datasets/nagendra048/aadhar-dataset/valid/images,Error: C:\Program Files\Tesseract-OCR\tesseract.exe is not installed or it's not in your PATH. See README file for more information.
b0d100d4275f891c2fbc6d9d56dbd123_jpg.rf.fbe1d7b69a499083a42661fddd60ed97.jpg,/kaggle/input/datasets/nagendra048/aadhar-dataset/valid/images,Error: C:\Program Files\Tesseract-OCR\tesseract.exe is not installed or it's not in your PATH. See README file for more information.
8455878ee3f6d5bf35580169888b3fb6_jpg.rf.4c1eca793d8c86d143985a784bc81328.jpg,/kaggle/input/datasets/nagendra048/aadhar-dataset/valid/images,Error: C:\Program Files\Tesseract-OCR\tesseract.exe is not installed or it's not in your PATH. See README file for more information.
8988c5603729dd48f76f59d6f3c6148e_jpg.rf.6a3802a9a2fbcb7a01931f2126c8d9b8.jpg,/kaggle/input/datasets/nagendra048/aadhar-dataset/valid/images,Error: C:\Program Files\Tesseract-OCR\tesseract.exe is not installed or it's not in your PATH. See README file for more information.
maxresdefault-1_jpg.rf.31dc1609446e3b79c5cfded85dab38e6.jpg,/kaggle/input/datasets/nagendra048/aadhar-dataset/valid/images,Error: C:\Program Files\Tesseract-OCR\tesseract.exe is not installed or it's not in your PATH. See README file for more information.
c709629e7d00468f6c112daa8ca6c9e8_jpg.rf.ac5dc10ab69f93a8e29d664ef3f64b39.jpg,/kaggle/input/datasets/nagendra048/aadhar-dataset/valid/images,Error: C:\Program Files\Tesseract-OCR\tesseract.exe is not installed or it's not in your PATH. See README file for more information.
71697128_jpg.rf.bef79fb0bb46da7a7238e8487f98a6f7.jpg,/kaggle/input/datasets/nagendra048/aadhar-dataset/valid/images,Error: C:\Program Files\Tesseract-OCR\tesseract.exe is not installed or it's not in your PATH. See README file for more information.
73a8158ee961472799e57e72b1868f54_jpg.rf.7c3edddda6c1ef3f3ecc7fc73244bd43.jpg,/kaggle/input/datasets/nagendra048/aadhar-dataset/valid/images,Error: C:\Program Files\Tesseract-OCR\tesseract.exe is not installed or it's not in your PATH. See README file for more information.
10090_jpg.rf.0aa2aaf09d9ba999a515978b1fca4cad.jpg,/kaggle/input/datasets/nagendra048/aadhar-dataset/valid/images,Error: C:\Program Files\Tesseract-OCR\tesseract.exe is not installed or it's not in your PATH. See README file for more information.
images-1-_jpg.rf.69c6c4c1ba5efcad5e5fa8a203ddcea8.jpg,/kaggle/input/datasets/nagendra048/aadhar-dataset/valid/images,Error: C:\Program Files\Tesseract-OCR\tesseract.exe is not installed or it's not in your PATH. See README file for more information.
b9cc3312597d27a7d53152d949674eec_jpg.rf.528c18bb111ad26e5b46fec01e21e878.jpg,/kaggle/input/datasets/nagendra048/aadhar-dataset/valid/images,Error: C:\Program Files\Tesseract-OCR\tesseract.exe is not installed or it's not in your PATH. See README file for more information.
c5bc89c6e9cede0ff4d07085c5ce2488-1-_jpg.rf.28a2d911bb46f84790c5a35ebf99a456.jpg,/kaggle/input/datasets/nagendra048/aadhar-dataset/valid/images,Error: C:\Program Files\Tesseract-OCR\tesseract.exe is not installed or it's not in your PATH. See README file for more information.
adhar_card_6402313_835x547-m_jpg.rf.690f12e2a9fca9beed5cd196cc380cf5.jpg,/kaggle/input/datasets/nagendra048/aadhar-dataset/valid/images,Error: C:\Program Files\Tesseract-OCR\tesseract.exe is not installed or it's not in your PATH. See README file for more information.
efbefce86a6ebb47ef70edd9f85d5324_jpg.rf.e3abb2eca44f03994032392228ed5e6c.jpg,/kaggle/input/datasets/nagendra048/aadhar-dataset/valid/images,Error: C:\Program Files\Tesseract-OCR\tesseract.exe is not installed or it's not in your PATH. See README file for more information.
ershad-adhar-centre-dinajpur-aadhaar-card-agents-gqwff0s4do_jpg.rf.814de7a67fcd7f4940babcc2c26288ce.jpg,/kaggle/input/datasets/nagendra048/aadhar-dataset/valid/images,Error: C:\Program Files\Tesseract-OCR\tesseract.exe is not installed or it's not in your PATH. See README file for more information.
766ad22cd5a05c1a9d21c658bb1e925c_jpg.rf.369648756a31a65564e7a4a8e196af35.jpg,/kaggle/input/datasets/nagendra048/aadhar-dataset/valid/images,Error: C:\Program Files\Tesseract-OCR\tesseract.exe is not installed or it's not in your PATH. See README file for more information.
pvc_adhar-card-600x600_jpg.rf.f64259d5154eb8b676031d7a4bc73971.jpg,/kaggle/input/datasets/nagendra048/aadhar-dataset/valid/images,Error: C:\Program Files\Tesseract-OCR\tesseract.exe is not installed or it's not in your PATH. See README file for more information.
efbefce86a6ebb47ef70edd9f85d5324_jpg.rf.f7c21848c650cbd67729fbc7367122b9.jpg,/kaggle/input/datasets/nagendra048/aadhar-dataset/valid/images,Error: C:\Program Files\Tesseract-OCR\tesseract.exe is not installed or it's not in your PATH. See README file for more information.
c86a0da801ae2e586164e814b43de3c9_jpg.rf.908f0cf75e6a2c86ba7d2af6aee92de4.jpg,/kaggle/input/datasets/nagendra048/aadhar-dataset/valid/images,Error: C:\Program Files\Tesseract-OCR\tesseract.exe is not installed or it's not in your PATH. See README file for more information.
5a9f2c8658426f9b1b17bfa65ef0d62c_jpg.rf.4d53ceda370769d298cbe1d4e0f8d01b.jpg,/kaggle/input/datasets/nagendra048/aadhar-dataset/valid/images,Error: C:\Program Files\Tesseract-OCR\tesseract.exe is not installed or it's not in your PATH. See README file for more information.
5a9f2c8658426f9b1b17bfa65ef0d62c_jpg.rf.cbb1037e94f12ec0e7ed27eb53765311.jpg,/kaggle/input/datasets/nagendra048/aadhar-dataset/valid/images,Error: C:\Program Files\Tesseract-OCR\tesseract.exe is not installed or it's not in your PATH. See README file for more information.
46804894d63fe5b3fea2582cfa7657c7-2-_jpg.rf.08913232616decd59ef025af0580a5a4.jpg,/kaggle/input/datasets/nagendra048/aadhar-dataset/valid/images,Error: C:\Program Files\Tesseract-OCR\tesseract.exe is not installed or it's not in your PATH. See README file for more information.
14171f7e3e906f9bb9cbee0e44b183ab_jpg.rf.c76398d587349b3bf9adeb661b6c9fd8.jpg,/kaggle/input/datasets/nagendra048/aadhar-dataset/valid/images,Error: C:\Program Files\Tesseract-OCR\tesseract.exe is not installed or it's not in your PATH. See README file for more information.
8988c5603729dd48f76f59d6f3c6148e_jpg.rf.2da702ac0b08089ec305bc72028a72cd.jpg,/kaggle/input/datasets/nagendra048/aadhar-dataset/valid/images,Error: C:\Program Files\Tesseract-OCR\tesseract.exe is not installed or it's not in your PATH. See README file for more information.
images-16-_jpg.rf.01659707ab3860b115ff73ee584b0b39.jpg,/kaggle/input/datasets/nagendra048/aadhar-dataset/valid/images,Error: C:\Program Files\Tesseract-OCR\tesseract.exe is not installed or it's not in your PATH. See README file for more information.
JAI_AADHAR_jpg.rf.2dcdf17ad605100439c2395b0de8ca09.jpg,/kaggle/input/datasets/nagendra048/aadhar-dataset/valid/images,Error: C:\Program Files\Tesseract-OCR\tesseract.exe is not installed or it's not in your PATH. See README file for more information.
b2487cba906731d63c4ca7884bd1a2f0_jpg.rf.a2c7af6172e22cd829039f75ed120b3c.jpg,/kaggle/input/datasets/nagendra048/aadhar-dataset/valid/images,Error: C:\Program Files\Tesseract-OCR\tesseract.exe is not installed or it's not in your PATH. See README file for more information.
447675edf75967ed3047d0ff28f280ac-1-_jpg.rf.af41099a1de09c5875ca26b53e03a0cd.jpg,/kaggle/input/datasets/nagendra048/aadhar-dataset/valid/images,Error: C:\Program Files\Tesseract-OCR\tesseract.exe is not installed or it's not in your PATH. See README file for more information.
images-7-_jpg.rf.407341113c7f9e120b7bda26ac924548.jpg,/kaggle/input/datasets/nagendra048/aadhar-dataset/valid/images,Error: C:\Program Files\Tesseract-OCR\tesseract.exe is not installed or it's not in your PATH. See README file for more information.
images-19-_jpg.rf.4048f0fac36f5371980ce486729d56c1.jpg,/kaggle/input/datasets/nagendra048/aadhar-dataset/valid/images,Error: C:\Program Files\Tesseract-OCR\tesseract.exe is not installed or it's not in your PATH. See README file for more information.
dd1b5eeb6239e3d97be96c4fa66a4eb7_jpg.rf.1ed2ee58c0747b709b527d80b329792a.jpg,/kaggle/input/datasets/nagendra048/aadhar-dataset/valid/images,Error: C:\Program Files\Tesseract-OCR\tesseract.exe is not installed or it's not in your PATH. See README file for more information.
ff71c3cd26d34f1340a3f410f6e03a3f_jpg.rf.ebe4d8dc04494b4e8cd06fa664cec652.jpg,/kaggle/input/datasets/nagendra048/aadhar-dataset/valid/images,Error: C:\Program Files\Tesseract-OCR\tesseract.exe is not installed or it's not in your PATH. See README file for more information.
e46c99152bf3cfd347cc7ba27eb6ecd2_jpg.rf.f3904eaa07ae38774ab8b67cb1553155.jpg,/kaggle/input/datasets/nagendra048/aadhar-dataset/valid/images,Error: C:\Program Files\Tesseract-OCR\tesseract.exe is not installed or it's not in your PATH. See README file for more information.
2b923b9c9b526e45022e18d0493946ba-1-_jpg.rf.8efb3f9a7f87ed7f2e73e08884a5bf46.jpg,/kaggle/input/datasets/nagendra048/aadhar-dataset/valid/images,Error: C:\Program Files\Tesseract-OCR\tesseract.exe is not installed or it's not in your PATH. See README file for more information.
71697128_jpg.rf.745980e5a272583934a89b99e05b62ab.jpg,/kaggle/input/datasets/nagendra048/aadhar-dataset/valid/images,Error: C:\Program Files\Tesseract-OCR\tesseract.exe is not installed or it's not in your PATH. See README file for more information.
14171f7e3e906f9bb9cbee0e44b183ab-1-_jpg.rf.d784ab8a8e14f06776175c7add942084.jpg,/kaggle/input/datasets/nagendra048/aadhar-dataset/valid/images,Error: C:\Program Files\Tesseract-OCR\tesseract.exe is not installed or it's not in your PATH. See README file for more information.
images-15-_jpg.rf.a666804a3cac5fb7a1b9c38a4a61ff15.jpg,/kaggle/input/datasets/nagendra048/aadhar-dataset/valid/images,Error: C:\Program Files\Tesseract-OCR\tesseract.exe is not installed or it's not in your PATH. See README file for more information.
images-2-_jpg.rf.6c8a227485eb6dd686f7ba4ec6f30ed2.jpg,/kaggle/input/datasets/nagendra048/aadhar-dataset/valid/images,Error: C:\Program Files\Tesseract-OCR\tesseract.exe is not installed or it's not in your PATH. See README file for more information.
Aadhar-Card-678x381_jpg.rf.fc737865e31357d7ee427f50bcae546b.jpg,/kaggle/input/datasets/nagendra048/aadhar-dataset/valid/images,Error: C:\Program Files\Tesseract-OCR\tesseract.exe is not installed or it's not in your PATH. See README file for more information.
Ee-U7_SVAAIKkKh_jpg.rf.a0c54020f3a95196e1ffef0b60044ecf.jpg,/kaggle/input/datasets/nagendra048/aadhar-dataset/valid/images,Error: C:\Program Files\Tesseract-OCR\tesseract.exe is not installed or it's not in your PATH. See README file for more information.
images-13-_jpg.rf.7084ad1f1c7a1d55dbe5bec46821b5e8.jpg,/kaggle/input/datasets/nagendra048/aadhar-dataset/valid/images,Error: C:\Program Files\Tesseract-OCR\tesseract.exe is not installed or it's not in your PATH. See README file for more information.
images-10-_jpg.rf.5490d0d6240c56209cd805f736aaceb7.jpg,/kaggle/input/datasets/nagendra048/aadhar-dataset/valid/images,Error: C:\Program Files\Tesseract-OCR\tesseract.exe is not installed or it's not in your PATH. See README file for more information.
c69b7f40144bf1cd4051251754af93ed_jpg.rf.33378f9cc26fbd7a20834e3939dc1abf.jpg,/kaggle/input/datasets/nagendra048/aadhar-dataset/valid/images,Error: C:\Program Files\Tesseract-OCR\tesseract.exe is not installed or it's not in your PATH. See README file for more information.
dd1b5eeb6239e3d97be96c4fa66a4eb7_jpg.rf.e064841e1cbfa19600859bb0c268a3fc.jpg,/kaggle/input/datasets/nagendra048/aadhar-dataset/valid/images,Error: C:\Program Files\Tesseract-OCR\tesseract.exe is not installed or it's not in your PATH. See README file for more information.
a1e3125efaa4eebd8efc907ae48b69a1-1-_jpg.rf.2b0f9604ddd8a9d30eb632f2d40282bd.jpg,/kaggle/input/datasets/nagendra048/aadhar-dataset/valid/images,Error: C:\Program Files\Tesseract-OCR\tesseract.exe is not installed or it's not in your PATH. See README file for more information.
c5bc89c6e9cede0ff4d07085c5ce2488_jpg.rf.aae968973bbb4041b1f59a2aed7ef724.jpg,/kaggle/input/datasets/nagendra048/aadhar-dataset/valid/images,Error: C:\Program Files\Tesseract-OCR\tesseract.exe is not installed or it's not in your PATH. See README file for more information.
DE8svj0U0AAEnrD_jpg.rf.032c1f68f5cb4eefbe8ab02d1805c884.jpg,/kaggle/input/datasets/nagendra048/aadhar-dataset/valid/images,Error: C:\Program Files\Tesseract-OCR\tesseract.exe is not installed or it's not in your PATH. See README file for more information.
Aadhar-Card-678x381_jpg.rf.1fc274ae9a83cb3b342a446ccf34cd37.jpg,/kaggle/input/datasets/nagendra048/aadhar-dataset/valid/images,Error: C:\Program Files\Tesseract-OCR\tesseract.exe is not installed or it's not in your PATH. See README file for more information.
c69b7f40144bf1cd4051251754af93ed_jpg.rf.af02bfb63fe9b24246d7d2d0e5d6b00b.jpg,/kaggle/input/datasets/nagendra048/aadhar-dataset/valid/images,Error: C:\Program Files\Tesseract-OCR\tesseract.exe is not installed or it's not in your PATH. See README file for more information.
b2487cba906731d63c4ca7884bd1a2f0_jpg.rf.ede8e0d77a9aa880896238e31017a13b.jpg,/kaggle/input/datasets/nagendra048/aadhar-dataset/valid/images,Error: C:\Program Files\Tesseract-OCR\tesseract.exe is not installed or it's not in your PATH. See README file for more information.
images-1-_jpg.rf.17fadd87acb711b92ba9e8c26a6becb8.jpg,/kaggle/input/datasets/nagendra048/aadhar-dataset/valid/images,Error: C:\Program Files\Tesseract-OCR\tesseract.exe is not installed or it's not in your PATH. See README file for more information.
c86a0da801ae2e586164e814b43de3c9_jpg.rf.929a56cfc5fce6c9cb9a89b9342e1f36.jpg,/kaggle/input/datasets/nagendra048/aadhar-dataset/valid/images,Error: C:\Program Files\Tesseract-OCR\tesseract.exe is not installed or it's not in your PATH. See README file for more information.
6d8e67208737a556302565d3c61dc373_jpg.rf.18cc17ffae1429df6595787122203486.jpg,/kaggle/input/datasets/nagendra048/aadhar-dataset/valid/images,Error: C:\Program Files\Tesseract-OCR\tesseract.exe is not installed or it's not in your PATH. See README file for more information.
447675edf75967ed3047d0ff28f280ac-1-_jpg.rf.8a5941333d768e26a57307569a2abada.jpg,/kaggle/input/datasets/nagendra048/aadhar-dataset/valid/images,Error: C:\Program Files\Tesseract-OCR\tesseract.exe is not installed or it's not in your PATH. See README file for more information.
a1e3125efaa4eebd8efc907ae48b69a1_jpg.rf.2e247cfaf39f3a3750e14e80b636f1a7.jpg,/kaggle/input/datasets/nagendra048/aadhar-dataset/valid/images,Error: C:\Program Files\Tesseract-OCR\tesseract.exe is not installed or it's not in your PATH. See README file for more information.
D8E0Re_VsAEzhCg_jpg.rf.395dfa784cfc8976062fd2ae49bdb44b.jpg,/kaggle/input/datasets/nagendra048/aadhar-dataset/valid/images,Error: C:\Program Files\Tesseract-OCR\tesseract.exe is not installed or it's not in your PATH. See README file for more information.
dd1b5eeb6239e3d97be96c4fa66a4eb7_jpg.rf.54222ec5163f477e503489b405aae068.jpg,/kaggle/input/datasets/nagendra048/aadhar-dataset/test/images,Error: C:\Program Files\Tesseract-OCR\tesseract.exe is not installed or it's not in your PATH. See README file for more information.
aad43_jpg.rf.c81d7258c4cf77697673068f15ee177e.jpg,/kaggle/input/datasets/nagendra048/aadhar-dataset/test/images,Error: C:\Program Files\Tesseract-OCR\tesseract.exe is not installed or it's not in your PATH. See README file for more information.
60643f2e835245dfa9b0c9c988abb748_jpg.rf.9e9111e97d4168c55c7aeb87763ddd59.jpg,/kaggle/input/datasets/nagendra048/aadhar-dataset/test/images,Error: C:\Program Files\Tesseract-OCR\tesseract.exe is not installed or it's not in your PATH. See README file for more information.
6faf8790a38b5e6a7d9e3347ba84a24f_jpg.rf.43609a3b1adff8b1f1098c3432939f1b.jpg,/kaggle/input/datasets/nagendra048/aadhar-dataset/test/images,Error: C:\Program Files\Tesseract-OCR\tesseract.exe is not installed or it's not in your PATH. See README file for more information.
c9c6e3b130e3aed890884c240195ec9d_jpg.rf.72effb094dba669267f07c0d13efbc3b.jpg,/kaggle/input/datasets/nagendra048/aadhar-dataset/test/images,Error: C:\Program Files\Tesseract-OCR\tesseract.exe is not installed or it's not in your PATH. See README file for more information.
15702284b04c27864e819ad89483b80d_jpg.rf.9fa021dc12fed4af38e193100f100d2b.jpg,/kaggle/input/datasets/nagendra048/aadhar-dataset/test/images,Error: C:\Program Files\Tesseract-OCR\tesseract.exe is not installed or it's not in your PATH. See README file for more information.
images-3-_jpg.rf.41faa80aab746862ca7bdbf3293645b9.jpg,/kaggle/input/datasets/nagendra048/aadhar-dataset/test/images,Error: C:\Program Files\Tesseract-OCR\tesseract.exe is not installed or it's not in your PATH. See README file for more information.
b4047be5f6a409a7ac20777d25d5a058_jpg.rf.e4454031b0bfd5ea67730a2b8df6860e.jpg,/kaggle/input/datasets/nagendra048/aadhar-dataset/test/images,Error: C:\Program Files\Tesseract-OCR\tesseract.exe is not installed or it's not in your PATH. See README file for more information.
c7d12dabedb1da10342b91dea665a917_jpg.rf.7a076b18c4ddf5b5e0aa1c0c6cd7f8f7.jpg,/kaggle/input/datasets/nagendra048/aadhar-dataset/test/images,Error: C:\Program Files\Tesseract-OCR\tesseract.exe is not installed or it's not in your PATH. See README file for more information.
2b923b9c9b526e45022e18d0493946ba_jpg.rf.c542258dac015b79f8f37e46eb7f37dd.jpg,/kaggle/input/datasets/nagendra048/aadhar-dataset/test/images,Error: C:\Program Files\Tesseract-OCR\tesseract.exe is not installed or it's not in your PATH. See README file for more information.
102_509409293_jpg.rf.d6b6e5f32f5267dfd049910dd384bb23.jpg,/kaggle/input/datasets/nagendra048/aadhar-dataset/test/images,Error: C:\Program Files\Tesseract-OCR\tesseract.exe is not installed or it's not in your PATH. See README file for more information.
adhar1_2366193f_jpg.rf.f0cf36267d836194bf1cf433c7ba3677.jpg,/kaggle/input/datasets/nagendra048/aadhar-dataset/test/images,Error: C:\Program Files\Tesseract-OCR\tesseract.exe is not installed or it's not in your PATH. See README file for more information.
images-1-_jpg.rf.afe515fce5292fb086b4d7b15f68c64a.jpg,/kaggle/input/datasets/nagendra048/aadhar-dataset/test/images,Error: C:\Program Files\Tesseract-OCR\tesseract.exe is not installed or it's not in your PATH. See README file for more information.
b7becd5c330f22d135ef4ffa3b26e65e_jpg.rf.810e1acbf8b4d885a9fcc57b9dd6eebe.jpg,/kaggle/input/datasets/nagendra048/aadhar-dataset/test/images,Error: C:\Program Files\Tesseract-OCR\tesseract.exe is not installed or it's not in your PATH. See README file for more information.
b4ec339af5996addce61a9c73b7162f3-1-_jpg.rf.9431f729c14bda68e0c5f46781bee41c.jpg,/kaggle/input/datasets/nagendra048/aadhar-dataset/test/images,Error: C:\Program Files\Tesseract-OCR\tesseract.exe is not installed or it's not in your PATH. See README file for more information.
ac6c7da416cbf07230d588741cbb2d99_jpg.rf.fa804300516b8c3ed422f84a08c33780.jpg,/kaggle/input/datasets/nagendra048/aadhar-dataset/test/images,Error: C:\Program Files\Tesseract-OCR\tesseract.exe is not installed or it's not in your PATH. See README file for more information.
dd1b5eeb6239e3d97be96c4fa66a4eb7_jpg.rf.66688219737b3abb8b45511d916ab6f7.jpg,/kaggle/input/datasets/nagendra048/aadhar-dataset/test/images,Error: C:\Program Files\Tesseract-OCR\tesseract.exe is not installed or it's not in your PATH. See README file for more information.
766ad22cd5a05c1a9d21c658bb1e925c_jpg.rf.bcd0b0a08f11b4b5fbaa668f18558a5f.jpg,/kaggle/input/datasets/nagendra048/aadhar-dataset/test/images,Error: C:\Program Files\Tesseract-OCR\tesseract.exe is not installed or it's not in your PATH. See README file for more information.
images-20-_jpg.rf.8f917baf0bfdefd06c9fd90fb17f6c90.jpg,/kaggle/input/datasets/nagendra048/aadhar-dataset/test/images,Error: C:\Program Files\Tesseract-OCR\tesseract.exe is not installed or it's not in your PATH. See README file for more information.
c5bc89c6e9cede0ff4d07085c5ce2488-1-_jpg.rf.61d1c8e1f20288199ded123cdd6aa7f3.jpg,/kaggle/input/datasets/nagendra048/aadhar-dataset/test/images,Error: C:\Program Files\Tesseract-OCR\tesseract.exe is not installed or it's not in your PATH. See README file for more information.
c5cad996e165b070b99d2b76cdfb39dc_jpg.rf.33760ae6a7248a36f6fc01e04cb27137.jpg,/kaggle/input/datasets/nagendra048/aadhar-dataset/test/images,Error: C:\Program Files\Tesseract-OCR\tesseract.exe is not installed or it's not in your PATH. See README file for more information.
c7d12dabedb1da10342b91dea665a917-1-_jpg.rf.908d8d4ecb3f496d651661941bb0b6f9.jpg,/kaggle/input/datasets/nagendra048/aadhar-dataset/test/images,Error: C:\Program Files\Tesseract-OCR\tesseract.exe is not installed or it's not in your PATH. See README file for more information.
meerut-news_1591527061_jpg.rf.1c9077c7a0fd5f93e2f77b17c129ccf1.jpg,/kaggle/input/datasets/nagendra048/aadhar-dataset/test/images,Error: C:\Program Files\Tesseract-OCR\tesseract.exe is not installed or it's not in your PATH. See README file for more information.
images-18-_jpg.rf.762d598bfd98ecac5cd5ea377d53d700.jpg,/kaggle/input/datasets/nagendra048/aadhar-dataset/test/images,Error: C:\Program Files\Tesseract-OCR\tesseract.exe is not installed or it's not in your PATH. See README file for more information.
46804894d63fe5b3fea2582cfa7657c7-1-_jpg.rf.e2519e141f613317df34e19a4dbd8652.jpg,/kaggle/input/datasets/nagendra048/aadhar-dataset/test/images,Error: C:\Program Files\Tesseract-OCR\tesseract.exe is not installed or it's not in your PATH. See README file for more information.
b4ec339af5996addce61a9c73b7162f3-1-_jpg.rf.d538ddb7b8a3a328355d4de54a1471e9.jpg,/kaggle/input/datasets/nagendra048/aadhar-dataset/test/images,Error: C:\Program Files\Tesseract-OCR\tesseract.exe is not installed or it's not in your PATH. See README file for more information.
6faf8790a38b5e6a7d9e3347ba84a24f_jpg.rf.aeb305508f446a30672a7a556b287383.jpg,/kaggle/input/datasets/nagendra048/aadhar-dataset/test/images,Error: C:\Program Files\Tesseract-OCR\tesseract.exe is not installed or it's not in your PATH. See README file for more information.
ff71c3cd26d34f1340a3f410f6e03a3f_jpg.rf.293c6ba6767b16800f89d2ae11c36814.jpg,/kaggle/input/datasets/nagendra048/aadhar-dataset/test/images,Error: C:\Program Files\Tesseract-OCR\tesseract.exe is not installed or it's not in your PATH. See README file for more information.
f6644ae09eb9acfc6a71f01115f917f9_jpg.rf.5a95d0ba24f9252066a2afe9b43b9c39.jpg,/kaggle/input/datasets/nagendra048/aadhar-dataset/test/images,Error: C:\Program Files\Tesseract-OCR\tesseract.exe is not installed or it's not in your PATH. See README file for more information.
thumb_jpg.rf.aa9aa48dc57aaa8a8568bd7469cb22ea.jpg,/kaggle/input/datasets/nagendra048/aadhar-dataset/test/images,Error: C:\Program Files\Tesseract-OCR\tesseract.exe is not installed or it's not in your PATH. See README file for more information.
unnamed_jpg.rf.84b228e074439b4e1116fb07ea58225f.jpg,/kaggle/input/datasets/nagendra048/aadhar-dataset/test/images,Error: C:\Program Files\Tesseract-OCR\tesseract.exe is not installed or it's not in your PATH. See README file for more information.
06_01_2022_03_14_17_png_jpg.rf.84c131e9f3739196dcb217ce66872568.jpg,/kaggle/input/datasets/nagendra048/aadhar-dataset/test/images,Error: C:\Program Files\Tesseract-OCR\tesseract.exe is not installed or it's not in your PATH. See README file for more information.
94eb12c96f2d79889f4856eb47ae25a4_jpg.rf.cd6ade55d205bfa020f121a52222e78f.jpg,/kaggle/input/datasets/nagendra048/aadhar-dataset/test/images,Error: C:\Program Files\Tesseract-OCR\tesseract.exe is not installed or it's not in your PATH. See README file for more information.
086d820550f34066764f4047ddc263ca_jpg.rf.a1db7cb32097409875a50ff57106348a.jpg,/kaggle/input/datasets/nagendra048/aadhar-dataset/test/images,Error: C:\Program Files\Tesseract-OCR\tesseract.exe is not installed or it's not in your PATH. See README file for more information.
IMG_20180723_120159_jpg.rf.1bd728f6f0dcb647ebd0416c709f6756.jpg,/kaggle/input/datasets/nagendra048/aadhar-dataset/test/images,Error: C:\Program Files\Tesseract-OCR\tesseract.exe is not installed or it's not in your PATH. See README file for more information.
D8E0Re_VsAEzhCg_jpg.rf.f806de5f0596a1058c526c5a7e212265.jpg,/kaggle/input/datasets/nagendra048/aadhar-dataset/test/images,Error: C:\Program Files\Tesseract-OCR\tesseract.exe is not installed or it's not in your PATH. See README file for more information.
sp-42095176-5v4rgi-thumbnail_jpg.rf.f7b0ab297016193b7e31931f11a44236.jpg,/kaggle/input/datasets/nagendra048/aadhar-dataset/test/images,Error: C:\Program Files\Tesseract-OCR\tesseract.exe is not installed or it's not in your PATH. See README file for more information.
images-20-_jpg.rf.f445bc901af2259785a0bb57bd0355bb.jpg,/kaggle/input/datasets/nagendra048/aadhar-dataset/test/images,Error: C:\Program Files\Tesseract-OCR\tesseract.exe is not installed or it's not in your PATH. See README file for more information.
94eb12c96f2d79889f4856eb47ae25a4_jpg.rf.1995fda41c837d6ef94b56185db45e2e.jpg,/kaggle/input/datasets/nagendra048/aadhar-dataset/test/images,Error: C:\Program Files\Tesseract-OCR\tesseract.exe is not installed or it's not in your PATH. See README file for more information.
aad43_jpg.rf.147040ac86281b08f5c9d23f0e1cae2b.jpg,/kaggle/input/datasets/nagendra048/aadhar-dataset/test/images,Error: C:\Program Files\Tesseract-OCR\tesseract.exe is not installed or it's not in your PATH. See README file for more information.
2bfd2f150b31581bac34445b5c49dd26_jpg.rf.b786b7ed79451abf77b22980faf97fbe.jpg,/kaggle/input/datasets/nagendra048/aadhar-dataset/test/images,Error: C:\Program Files\Tesseract-OCR\tesseract.exe is not installed or it's not in your PATH. See README file for more information.
97d297f8384d0e9b857e3ebc0bd31dcd_jpg.rf.1eb32cec43fad4433844a3f4b12f4cb5.jpg,/kaggle/input/datasets/nagendra048/aadhar-dataset/test/images,Error: C:\Program Files\Tesseract-OCR\tesseract.exe is not installed or it's not in your PATH. See README file for more information.
images-20-_jpg.rf.e45fcc7d102c7330c7a221ec70b7032b.jpg,/kaggle/input/datasets/nagendra048/aadhar-dataset/test/images,Error: C:\Program Files\Tesseract-OCR\tesseract.exe is not installed or it's not in your PATH. See README file for more information.
447675edf75967ed3047d0ff28f280ac_jpg.rf.563964b640acfc8db5469757f23dcbde.jpg,/kaggle/input/datasets/nagendra048/aadhar-dataset/test/images,Error: C:\Program Files\Tesseract-OCR\tesseract.exe is not installed or it's not in your PATH. See README file for more information.
images-3-_jpg.rf.2e5e05dcffdacc9a0d2aaccba63e9b11.jpg,/kaggle/input/datasets/nagendra048/aadhar-dataset/test/images,Error: C:\Program Files\Tesseract-OCR\tesseract.exe is not installed or it's not in your PATH. See README file for more information.
6cc303eb6be78797fd871ec8cad3a65d_jpg.rf.0021e648ae24f81dd7187b272b76ce13.jpg,/kaggle/input/datasets/nagendra048/aadhar-dataset/test/images,Error: C:\Program Files\Tesseract-OCR\tesseract.exe is not installed or it's not in your PATH. See README file for more information.
images-12-_jpg.rf.38c902950fe2ab791ad153c5717544e1.jpg,/kaggle/input/datasets/nagendra048/aadhar-dataset/test/images,Error: C:\Program Files\Tesseract-OCR\tesseract.exe is not installed or it's not in your PATH. See README file for more information.
c06a8a5d5214f4545a91b5c35eb7aa43_jpg.rf.72c21f5ced79c5013aabf514fee0a606.jpg,/kaggle/input/datasets/nagendra048/aadhar-dataset/test/images,Error: C:\Program Files\Tesseract-OCR\tesseract.exe is not installed or it's not in your PATH. See README file for more information.
3564191365d6dd7bff705c3252860029_jpg.rf.ecfc9fd2a0d76416f6a74b0d8cdf2d68.jpg,/kaggle/input/datasets/nagendra048/aadhar-dataset/test/images,Error: C:\Program Files\Tesseract-OCR\tesseract.exe is not installed or it's not in your PATH. See README file for more information.
17e77ff746a7f6995dcbe80f0b107701_jpg.rf.30786fa6434ac31a3a4dc0d301fdb3aa.jpg,/kaggle/input/datasets/nagendra048/aadhar-dataset/test/images,Error: C:\Program Files\Tesseract-OCR\tesseract.exe is not installed or it's not in your PATH. See README file for more information.
0e0a5204f238d9c743ae456a8dc6529a_jpg.rf.4ec48c9c5e0e0a6ce056bf50d5201e60.jpg,/kaggle/input/datasets/nagendra048/aadhar-dataset/test/images,Error: C:\Program Files\Tesseract-OCR\tesseract.exe is not installed or it's not in your PATH. See README file for more information.
e731587b225d7bad435c4cfb7cbec669_jpg.rf.c5f84029bfb394906296686430e354b6.jpg,/kaggle/input/datasets/nagendra048/aadhar-dataset/test/images,Error: C:\Program Files\Tesseract-OCR\tesseract.exe is not installed or it's not in your PATH. See README file for more information.
img_1628671278092_474_jpg.rf.27a29a0f0e1857ae9107b85c214e6a72.jpg,/kaggle/input/datasets/nagendra048/aadhar-dataset/test/images,Error: C:\Program Files\Tesseract-OCR\tesseract.exe is not installed or it's not in your PATH. See README file for more information.
14171f7e3e906f9bb9cbee0e44b183ab_jpg.rf.0881693fc13cfdf4b1f250c7203c2f24.jpg,/kaggle/input/datasets/nagendra048/aadhar-dataset/test/images,Error: C:\Program Files\Tesseract-OCR\tesseract.exe is not installed or it's not in your PATH. See README file for more information.
ff71c3cd26d34f1340a3f410f6e03a3f_jpg.rf.16ca9e5e7470b2d7d19a81201c4596ba.jpg,/kaggle/input/datasets/nagendra048/aadhar-dataset/test/images,Error: C:\Program Files\Tesseract-OCR\tesseract.exe is not installed or it's not in your PATH. See README file for more information.
2b923b9c9b526e45022e18d0493946ba-1-_jpg.rf.b5a3acaba2e9d128043db9f8e8a0753d.jpg,/kaggle/input/datasets/nagendra048/aadhar-dataset/test/images,Error: C:\Program Files\Tesseract-OCR\tesseract.exe is not installed or it's not in your PATH. See README file for more information.
49fa3bcf36cda2851f2d12adc5f9f6db-2-_jpg.rf.4934e225b5b45164f93e1f1cb8cb605e.jpg,/kaggle/input/datasets/nagendra048/aadhar-dataset/test/images,Error: C:\Program Files\Tesseract-OCR\tesseract.exe is not installed or it's not in your PATH. See README file for more information.
5a9f2c8658426f9b1b17bfa65ef0d62c_jpg.rf.4257baedfb784a5fab86fc06e46dad36.jpg,/kaggle/input/datasets/nagendra048/aadhar-dataset/test/images,Error: C:\Program Files\Tesseract-OCR\tesseract.exe is not installed or it's not in your PATH. See README file for more information.
6d8e67208737a556302565d3c61dc373_jpg.rf.20da8bf6be6638f72635d0deed85958c.jpg,/kaggle/input/datasets/nagendra048/aadhar-dataset/test/images,Error: C:\Program Files\Tesseract-OCR\tesseract.exe is not installed or it's not in your PATH. See README file for more information.
46bad340b458a566dc6e2fd9cd2b1b33_jpg.rf.aca6d9ac3e29f1959e6de0f25b673ccd.jpg,/kaggle/input/datasets/nagendra048/aadhar-dataset/test/images,Error: C:\Program Files\Tesseract-OCR\tesseract.exe is not installed or it's not in your PATH. See README file for more information.
images-15-_jpg.rf.655dbcf8860495451dd8065e8d4d6b5a.jpg,/kaggle/input/datasets/nagendra048/aadhar-dataset/test/images,Error: C:\Program Files\Tesseract-OCR\tesseract.exe is not installed or it's not in your PATH. See README file for more information.
2017_7image_01_34_3344908890_jpg.rf.4a4041ede07dccc0e2065b0176c84fde.jpg,/kaggle/input/datasets/nagendra048/aadhar-dataset/test/images,Error: C:\Program Files\Tesseract-OCR\tesseract.exe is not installed or it's not in your PATH. See README file for more information.
img_1628671278092_474_jpg.rf.51568e0b0daf905f69e01410d3810ad8.jpg,/kaggle/input/datasets/nagendra048/aadhar-dataset/test/images,Error: C:\Program Files\Tesseract-OCR\tesseract.exe is not installed or it's not in your PATH. See README file for more information.
D8E0Re_VsAEzhCg_jpg.rf.09c8e9596908d06fec3e522ea219ed99.jpg,/kaggle/input/datasets/nagendra048/aadhar-dataset/test/images,Error: C:\Program Files\Tesseract-OCR\tesseract.exe is not installed or it's not in your PATH. See README file for more information.
102_509409293_jpg.rf.08cec237a3dc21e6d4418c03383a8c51.jpg,/kaggle/input/datasets/nagendra048/aadhar-dataset/test/images,Error: C:\Program Files\Tesseract-OCR\tesseract.exe is not installed or it's not in your PATH. See README file for more information.
ff71c3cd26d34f1340a3f410f6e03a3f_jpg.rf.700f9f7def6965931e50b38e37bab756.jpg,/kaggle/input/datasets/nagendra048/aadhar-dataset/test/images,Error: C:\Program Files\Tesseract-OCR\tesseract.exe is not installed or it's not in your PATH. See README file for more information.
c69b7f40144bf1cd4051251754af93ed-2-_jpg.rf.613e716ceba30b05ff284edd6fac7199.jpg,/kaggle/input/datasets/nagendra048/aadhar-dataset/test/images,Error: C:\Program Files\Tesseract-OCR\tesseract.exe is not installed or it's not in your PATH. See README file for more information.
46804894d63fe5b3fea2582cfa7657c7-2-_jpg.rf.5f80a5c9f32a1b502ea9d6cdb2087a6e.jpg,/kaggle/input/datasets/nagendra048/aadhar-dataset/test/images,Error: C:\Program Files\Tesseract-OCR\tesseract.exe is not installed or it's not in your PATH. See README file for more information.
c5bc89c6e9cede0ff4d07085c5ce2488-1-_jpg.rf.e50a52bb99b9c1c53d3abf15fcbe74aa.jpg,/kaggle/input/datasets/nagendra048/aadhar-dataset/test/images,Error: C:\Program Files\Tesseract-OCR\tesseract.exe is not installed or it's not in your PATH. See README file for more information.
35c4f8abcda3c0e3fe13b2435deaaff4_jpg.rf.79755b833339ff43d89c9b04325150fb.jpg,/kaggle/input/datasets/nagendra048/aadhar-dataset/test/images,Error: C:\Program Files\Tesseract-OCR\tesseract.exe is not installed or it's not in your PATH. See README file for more information.
c9c6e3b130e3aed890884c240195ec9d_jpg.rf.c22f15cf28de07a757bc2362e3037543.jpg,/kaggle/input/datasets/nagendra048/aadhar-dataset/test/images,Error: C:\Program Files\Tesseract-OCR\tesseract.exe is not installed or it's not in your PATH. See README file for more information.
amb-022_1636178548_jpg.rf.d8aaf7cd900d89942946d7579ea746bc.jpg,/kaggle/input/datasets/nagendra048/aadhar-dataset/test/images,Error: C:\Program Files\Tesseract-OCR\tesseract.exe is not installed or it's not in your PATH. See README file for more information.
d9c5c2aa49da5daf5ab4a18dd030726c_jpg.rf.44856496b30b7c69192f8f1ce471acec.jpg,/kaggle/input/datasets/nagendra048/aadhar-dataset/test/images,Error: C:\Program Files\Tesseract-OCR\tesseract.exe is not installed or it's not in your PATH. See README file for more information.
17e77ff746a7f6995dcbe80f0b107701_jpg.rf.dab7ba8a80ecdf1754bbb42c0dcadb13.jpg,/kaggle/input/datasets/nagendra048/aadhar-dataset/test/images,Error: C:\Program Files\Tesseract-OCR\tesseract.exe is not installed or it's not in your PATH. See README file for more information.
94fc829f3e5abeea915fd790fba1ca4f_jpg.rf.5be8baa783a116a145c80add3e77e54f.jpg,/kaggle/input/datasets/nagendra048/aadhar-dataset/test/images,Error: C:\Program Files\Tesseract-OCR\tesseract.exe is not installed or it's not in your PATH. See README file for more information.
c69b7f40144bf1cd4051251754af93ed-2-_jpg.rf.3a66b99f8d84e4fc95baf562785e78c4.jpg,/kaggle/input/datasets/nagendra048/aadhar-dataset/test/images,Error: C:\Program Files\Tesseract-OCR\tesseract.exe is not installed or it's not in your PATH. See README file for more information.
e383ea165dd6f41b69ef72df10c4c473-1-_jpg.rf.df9e5a00b836a9a1ff5916257a8407e4.jpg,/kaggle/input/datasets/nagendra048/aadhar-dataset/test/images,Error: C:\Program Files\Tesseract-OCR\tesseract.exe is not installed or it's not in your PATH. See README file for more information.
06_01_2022_03_15_10_png_jpg.rf.17c7b58f4770bbdfe37d7d6379c0d9b8.jpg,/kaggle/input/datasets/nagendra048/aadhar-dataset/test/images,Error: C:\Program Files\Tesseract-OCR\tesseract.exe is not installed or it's not in your PATH. See README file for more information.
images-10-_jpg.rf.0f0e39acdec9cb6f6af3e0dc5447072f.jpg,/kaggle/input/datasets/nagendra048/aadhar-dataset/test/images,Error: C:\Program Files\Tesseract-OCR\tesseract.exe is not installed or it's not in your PATH. See README file for more information.
adhar_card_6402313_835x547-m_jpg.rf.26810bbf744c68f758a66a86938c634d.jpg,/kaggle/input/datasets/nagendra048/aadhar-dataset/test/images,Error: C:\Program Files\Tesseract-OCR\tesseract.exe is not installed or it's not in your PATH. See README file for more information.
aadhar_jpg.rf.09c5b0d145b02edd4fea3f30801bb13e.jpg,/kaggle/input/datasets/nagendra048/aadhar-dataset/test/images,Error: C:\Program Files\Tesseract-OCR\tesseract.exe is not installed or it's not in your PATH. See README file for more information.
2b923b9c9b526e45022e18d0493946ba_jpg.rf.739e16bf8e4e5bb672fcb0053a294746.jpg,/kaggle/input/datasets/nagendra048/aadhar-dataset/test/images,Error: C:\Program Files\Tesseract-OCR\tesseract.exe is not installed or it's not in your PATH. See README file for more information.
81eadb49cb7736c4e7460f318ebd5d29_jpg.rf.4ad0824c9f5aca7b633abddb6643a7d3.jpg,/kaggle/input/datasets/nagendra048/aadhar-dataset/test/images,Error: C:\Program Files\Tesseract-OCR\tesseract.exe is not installed or it's not in your PATH. See README file for more information.
banner_jpg.rf.06338ddbf8fd06d729bd2c6f5267f09e.jpg,/kaggle/input/datasets/nagendra048/aadhar-dataset/test/images,Error: C:\Program Files\Tesseract-OCR\tesseract.exe is not installed or it's not in your PATH. See README file for more information.
26e69450edbd8716ee253bd7ec9b7607_jpg.rf.2ebabd09c9178da81e9f8c0217e9d877.jpg,/kaggle/input/datasets/nagendra048/aadhar-dataset/test/images,Error: C:\Program Files\Tesseract-OCR\tesseract.exe is not installed or it's not in your PATH. See README file for more information.
cfd6db78024aa90c6166e6873945fa56_jpg.rf.ab7c93cc3522d1515355ee6852726f65.jpg,/kaggle/input/datasets/nagendra048/aadhar-dataset/test/images,Error: C:\Program Files\Tesseract-OCR\tesseract.exe is not installed or it's not in your PATH. See README file for more information.
c5bc89c6e9cede0ff4d07085c5ce2488_jpg.rf.15a710b13d87bad20d9b81f75bb0d43d.jpg,/kaggle/input/datasets/nagendra048/aadhar-dataset/test/images,Error: C:\Program Files\Tesseract-OCR\tesseract.exe is not installed or it's not in your PATH. See README file for more information.
06a0686f91bed47d1f4873e4d104442c_jpg.rf.ca85802ebdca5a2f1f293741021a6645.jpg,/kaggle/input/datasets/nagendra048/aadhar-dataset/test/images,Error: C:\Program Files\Tesseract-OCR\tesseract.exe is not installed or it's not in your PATH. See README file for more information.
81eadb49cb7736c4e7460f318ebd5d29_jpg.rf.77b53df751cfb48991a3b4a13943379b.jpg,/kaggle/input/datasets/nagendra048/aadhar-dataset/test/images,Error: C:\Program Files\Tesseract-OCR\tesseract.exe is not installed or it's not in your PATH. See README file for more information.
25305fe9d4d92e3899f5fbcab86fb2c7_jpg.rf.70d576ce37d2f797a436735bc2e57abd.jpg,/kaggle/input/datasets/nagendra048/aadhar-dataset/test/images,Error: C:\Program Files\Tesseract-OCR\tesseract.exe is not installed or it's not in your PATH. See README file for more information.
49fa3bcf36cda2851f2d12adc5f9f6db-1-_jpg.rf.b3d90c7f65d82b3665fd5782db5415f6.jpg,/kaggle/input/datasets/nagendra048/aadhar-dataset/test/images,Error: C:\Program Files\Tesseract-OCR\tesseract.exe is not installed or it's not in your PATH. See README file for more information.
06_01_2022_03_14_51_png_jpg.rf.066ab05c8e52e0c8eb7f8160c29a5aae.jpg,/kaggle/input/datasets/nagendra048/aadhar-dataset/test/images,Error: C:\Program Files\Tesseract-OCR\tesseract.exe is not installed or it's not in your PATH. See README file for more information.
b0d100d4275f891c2fbc6d9d56dbd123_jpg.rf.b149d4ed16cd3eab0bdc793ab4ebf069.jpg,/kaggle/input/datasets/nagendra048/aadhar-dataset/test/images,Error: C:\Program Files\Tesseract-OCR\tesseract.exe is not installed or it's not in your PATH. See README file for more information.
0521_adhar_jpg.rf.72e13b4a4ab63197d7bab138671ba17c.jpg,/kaggle/input/datasets/nagendra048/aadhar-dataset/test/images,Error: C:\Program Files\Tesseract-OCR\tesseract.exe is not installed or it's not in your PATH. See README file for more information.
6d8e67208737a556302565d3c61dc373_jpg.rf.e7ab02f8ef20259f9854a42b00613824.jpg,/kaggle/input/datasets/nagendra048/aadhar-dataset/test/images,Error: C:\Program Files\Tesseract-OCR\tesseract.exe is not installed or it's not in your PATH. See README file for more information.
10123_jpg.rf.c5804ceb287e548b33a3a439a5d9eca0.jpg,/kaggle/input/datasets/nagendra048/aadhar-dataset/test/images,Error: C:\Program Files\Tesseract-OCR\tesseract.exe is not installed or it's not in your PATH. See README file for more information.
amb-022_1636178548_jpg.rf.15fb7b0dede334c3008898f3af3776f5.jpg,/kaggle/input/datasets/nagendra048/aadhar-dataset/test/images,Error: C:\Program Files\Tesseract-OCR\tesseract.exe is not installed or it's not in your PATH. See README file for more information.
sp-42095176-5v4rgi-thumbnail_jpg.rf.ac865eef5ce8e7eb3d93561c73fd62e7.jpg,/kaggle/input/datasets/nagendra048/aadhar-dataset/test/images,Error: C:\Program Files\Tesseract-OCR\tesseract.exe is not installed or it's not in your PATH. See README file for more information.
c5cad996e165b070b99d2b76cdfb39dc_jpg.rf.54522f5fc8c493b61a6da0c2adb1783e.jpg,/kaggle/input/datasets/nagendra048/aadhar-dataset/test/images,Error: C:\Program Files\Tesseract-OCR\tesseract.exe is not installed or it's not in your PATH. See README file for more information.
c5cad996e165b070b99d2b76cdfb39dc_jpg.rf.f4914cb0db1f853dda5b3ad66bae0d87.jpg,/kaggle/input/datasets/nagendra048/aadhar-dataset/test/images,Error: C:\Program Files\Tesseract-OCR\tesseract.exe is not installed or it's not in your PATH. See README file for more information.
7e65eb61f2d964e4e46a9ee5e1330c28_jpg.rf.0e110a1eea24e86790ff22111e23ca0d.jpg,/kaggle/input/datasets/nagendra048/aadhar-dataset/test/images,Error: C:\Program Files\Tesseract-OCR\tesseract.exe is not installed or it's not in your PATH. See README file for more information.
17e77ff746a7f6995dcbe80f0b107701_jpg.rf.7ccaf6834cea28e9a5ccc6ad5d0b4e04.jpg,/kaggle/input/datasets/nagendra048/aadhar-dataset/test/images,Error: C:\Program Files\Tesseract-OCR\tesseract.exe is not installed or it's not in your PATH. See README file for more information.
0d4c873ace54e82fb49c451a9bdc6d24_jpg.rf.02e7c632969d4ac3e220650714efc1ea.jpg,/kaggle/input/datasets/nagendra048/aadhar-dataset/test/images,Error: C:\Program Files\Tesseract-OCR\tesseract.exe is not installed or it's not in your PATH. See README file for more information.
8455878ee3f6d5bf35580169888b3fb6_jpg.rf.386a15cfcec4f380e952e2c9185ff115.jpg,/kaggle/input/datasets/nagendra048/aadhar-dataset/test/images,Error: C:\Program Files\Tesseract-OCR\tesseract.exe is not installed or it's not in your PATH. See README file for more information.
25305fe9d4d92e3899f5fbcab86fb2c7_jpg.rf.86dde802744b7ece8337002ba468a3fe.jpg,/kaggle/input/datasets/nagendra048/aadhar-dataset/test/images,Error: C:\Program Files\Tesseract-OCR\tesseract.exe is not installed or it's not in your PATH. See README file for more information.
0e0a5204f238d9c743ae456a8dc6529a_jpg.rf.667044735c41420c552f3757c5825819.jpg,/kaggle/input/datasets/nagendra048/aadhar-dataset/test/images,Error: C:\Program Files\Tesseract-OCR\tesseract.exe is not installed or it's not in your PATH. See README file for more information.
adhar1_2366193f_jpg.rf.57a36e9035730fe09de3ad5851427c21.jpg,/kaggle/input/datasets/nagendra048/aadhar-dataset/test/images,Error: C:\Program Files\Tesseract-OCR\tesseract.exe is not installed or it's not in your PATH. See README file for more information.
f6644ae09eb9acfc6a71f01115f917f9_jpg.rf.55e6cd60fc421388f02c925dd26f0975.jpg,/kaggle/input/datasets/nagendra048/aadhar-dataset/test/images,Error: C:\Program Files\Tesseract-OCR\tesseract.exe is not installed or it's not in your PATH. See README file for more information.
images-4-_jpg.rf.d44eb85e24fa6b90c9a1dbd17a582001.jpg,/kaggle/input/datasets/nagendra048/aadhar-dataset/test/images,Error: C:\Program Files\Tesseract-OCR\tesseract.exe is not installed or it's not in your PATH. See README file for more information.
c69b7f40144bf1cd4051251754af93ed-1-_jpg.rf.ae88883b0e97b41228801b203cc402d3.jpg,/kaggle/input/datasets/nagendra048/aadhar-dataset/test/images,Error: C:\Program Files\Tesseract-OCR\tesseract.exe is not installed or it's not in your PATH. See README file for more information.
7e65eb61f2d964e4e46a9ee5e1330c28_jpg.rf.285341723defe616334b1c5d12146248.jpg,/kaggle/input/datasets/nagendra048/aadhar-dataset/test/images,Error: C:\Program Files\Tesseract-OCR\tesseract.exe is not installed or it's not in your PATH. See README file for more information.
78ebbaace416b45c0b552a5a3de7b1a7_jpg.rf.8db08df41d05020a4efb227f109359ba.jpg,/kaggle/input/datasets/nagendra048/aadhar-dataset/test/images,Error: C:\Program Files\Tesseract-OCR\tesseract.exe is not installed or it's not in your PATH. See README file for more information.
10067_jpg.rf.dd242baa06b7370a17f6fe454c713ae3.jpg,/kaggle/input/datasets/nagendra048/aadhar-dataset/test/images,Error: C:\Program Files\Tesseract-OCR\tesseract.exe is not installed or it's not in your PATH. See README file for more information.
110_504886170_jpg.rf.40fdcccd0e14d19f4bff37d8829cf49f.jpg,/kaggle/input/datasets/nagendra048/aadhar-dataset/test/images,Error: C:\Program Files\Tesseract-OCR\tesseract.exe is not installed or it's not in your PATH. See README file for more information.
f99b3efadece9bde10e251760cc71b1c_jpg.rf.77bf68cac693d2fea6505c3e2a285e5b.jpg,/kaggle/input/datasets/nagendra048/aadhar-dataset/test/images,Error: C:\Program Files\Tesseract-OCR\tesseract.exe is not installed or it's not in your PATH. See README file for more information.
0e0a5204f238d9c743ae456a8dc6529a_jpg.rf.c0818887a603326d955243418823a1ca.jpg,/kaggle/input/datasets/nagendra048/aadhar-dataset/test/images,Error: C:\Program Files\Tesseract-OCR\tesseract.exe is not installed or it's not in your PATH. See README file for more information.
0c0584201ff552c4bdcbe160315aa432_jpg.rf.5942e1af703ab2365c8b22d581c90451.jpg,/kaggle/input/datasets/nagendra048/aadhar-dataset/test/images,Error: C:\Program Files\Tesseract-OCR\tesseract.exe is not installed or it's not in your PATH. See README file for more information.
447675edf75967ed3047d0ff28f280ac-1-_jpg.rf.107cc237bfe7a182a4d0174efbf82f0a.jpg,/kaggle/input/datasets/nagendra048/aadhar-dataset/test/images,Error: C:\Program Files\Tesseract-OCR\tesseract.exe is not installed or it's not in your PATH. See README file for more information.
b9cc3312597d27a7d53152d949674eec_jpg.rf.099b1307a46856a45875052c26efd1c4.jpg,/kaggle/input/datasets/nagendra048/aadhar-dataset/test/images,Error: C:\Program Files\Tesseract-OCR\tesseract.exe is not installed or it's not in your PATH. See README file for more information.
19b620ad00aeb2885f0f0a1ccb337919_jpg.rf.f8a122731eb7ac200524c5e88216ee68.jpg,/kaggle/input/datasets/nagendra048/aadhar-dataset/test/images,Error: C:\Program Files\Tesseract-OCR\tesseract.exe is not installed or it's not in your PATH. See README file for more information.
aad43_jpg.rf.6ed87ce38ccdd88befdfdd26d62cd637.jpg,/kaggle/input/datasets/nagendra048/aadhar-dataset/test/images,Error: C:\Program Files\Tesseract-OCR\tesseract.exe is not installed or it's not in your PATH. See README file for more information.
10120_jpg.rf.722b5143fb2446ed8a0748f5a704be1e.jpg,/kaggle/input/datasets/nagendra048/aadhar-dataset/test/images,Error: C:\Program Files\Tesseract-OCR\tesseract.exe is not installed or it's not in your PATH. See README file for more information.
6faf8790a38b5e6a7d9e3347ba84a24f_jpg.rf.005130bb4a125264d27f3e0849f398f4.jpg,/kaggle/input/datasets/nagendra048/aadhar-dataset/test/images,Error: C:\Program Files\Tesseract-OCR\tesseract.exe is not installed or it's not in your PATH. See README file for more information.
images_jpg.rf.71023753189303bcb87b9823c8b60d8e.jpg,/kaggle/input/datasets/nagendra048/aadhar-dataset/test/images,Error: C:\Program Files\Tesseract-OCR\tesseract.exe is not installed or it's not in your PATH. See README file for more information.
images-9-_jpg.rf.433644029f6a30492dc8fa3a23b625a6.jpg,/kaggle/input/datasets/nagendra048/aadhar-dataset/test/images,Error: C:\Program Files\Tesseract-OCR\tesseract.exe is not installed or it's not in your PATH. See README file for more information.
0c0584201ff552c4bdcbe160315aa432_jpg.rf.e0c3309bc63eac6d5352733e8406f5bd.jpg,/kaggle/input/datasets/nagendra048/aadhar-dataset/test/images,Error: C:\Program Files\Tesseract-OCR\tesseract.exe is not installed or it's not in your PATH. See README file for more information.
c709629e7d00468f6c112daa8ca6c9e8_jpg.rf.d9943260f6bff7955e195e6b2fc94c01.jpg,/kaggle/input/datasets/nagendra048/aadhar-dataset/test/images,Error: C:\Program Files\Tesseract-OCR\tesseract.exe is not installed or it's not in your PATH. See README file for more information.
78ebbaace416b45c0b552a5a3de7b1a7_jpg.rf.fcb81e3b6922bc1fed0cd0cdc6e2428c.jpg,/kaggle/input/datasets/nagendra048/aadhar-dataset/test/images,Error: C:\Program Files\Tesseract-OCR\tesseract.exe is not installed or it's not in your PATH. See README file for more information.
img_1628671278092_474_jpg.rf.0555969fcd838698c6f8981b914ed3e9.jpg,/kaggle/input/datasets/nagendra048/aadhar-dataset/test/images,Error: C:\Program Files\Tesseract-OCR\tesseract.exe is not installed or it's not in your PATH. See README file for more information.
0d4c873ace54e82fb49c451a9bdc6d24_jpg.rf.bfdcbea6ad7d228da2021ff6325fd938.jpg,/kaggle/input/datasets/nagendra048/aadhar-dataset/test/images,Error: C:\Program Files\Tesseract-OCR\tesseract.exe is not installed or it's not in your PATH. See README file for more information.
e731587b225d7bad435c4cfb7cbec669_jpg.rf.e4d14d62a699fbdb385399fc406d2caf.jpg,/kaggle/input/datasets/nagendra048/aadhar-dataset/test/images,Error: C:\Program Files\Tesseract-OCR\tesseract.exe is not installed or it's not in your PATH. See README file for more information.
e731587b225d7bad435c4cfb7cbec669_jpg.rf.c1a5b7b4890cb2c3d08c35b494c536b1.jpg,/kaggle/input/datasets/nagendra048/aadhar-dataset/test/images,Error: C:\Program Files\Tesseract-OCR\tesseract.exe is not installed or it's not in your PATH. See README file for more information.
94fc829f3e5abeea915fd790fba1ca4f_jpg.rf.bb63a925bb340e55517e8cfcc088600e.jpg,/kaggle/input/datasets/nagendra048/aadhar-dataset/test/images,Error: C:\Program Files\Tesseract-OCR\tesseract.exe is not installed or it's not in your PATH. See README file for more information.
b2487cba906731d63c4ca7884bd1a2f0_jpg.rf.9be0bc5c3d4d770cfc78eeed60898740.jpg,/kaggle/input/datasets/nagendra048/aadhar-dataset/test/images,Error: C:\Program Files\Tesseract-OCR\tesseract.exe is not installed or it's not in your PATH. See README file for more information.
adhar_card_6402313_835x547-m_jpg.rf.51d58b6965e5689cb6eefe743fd3aad9.jpg,/kaggle/input/datasets/nagendra048/aadhar-dataset/test/images,Error: C:\Program Files\Tesseract-OCR\tesseract.exe is not installed or it's not in your PATH. See README file for more information.
19b620ad00aeb2885f0f0a1ccb337919_jpg.rf.a69a8e9d988a2e17c032e4fd5d09cc20.jpg,/kaggle/input/datasets/nagendra048/aadhar-dataset/test/images,Error: C:\Program Files\Tesseract-OCR\tesseract.exe is not installed or it's not in your PATH. See README file for more information.
086d820550f34066764f4047ddc263ca_jpg.rf.ff9a8b4ea165aedc0d9b0e2f17aea548.jpg,/kaggle/input/datasets/nagendra048/aadhar-dataset/test/images,Error: C:\Program Files\Tesseract-OCR\tesseract.exe is not installed or it's not in your PATH. See README file for more information.
D8E0Re_VsAEzhCg_jpg.rf.47d61c720724316b784c3d8bf923966f.jpg,/kaggle/input/datasets/nagendra048/aadhar-dataset/test/images,Error: C:\Program Files\Tesseract-OCR\tesseract.exe is not installed or it's not in your PATH. See README file for more information.
23752a535ecca255d677464b5a7a24f4_jpg.rf.77b27bba6b5b3e369ca123f467673f5a.jpg,/kaggle/input/datasets/nagendra048/aadhar-dataset/test/images,Error: C:\Program Files\Tesseract-OCR\tesseract.exe is not installed or it's not in your PATH. See README file for more information.
06a0686f91bed47d1f4873e4d104442c_jpg.rf.4de248f1b4d17d260413ea9bdde71762.jpg,/kaggle/input/datasets/nagendra048/aadhar-dataset/test/images,Error: C:\Program Files\Tesseract-OCR\tesseract.exe is not installed or it's not in your PATH. See README file for more information.
aa-Cover-k9ll0etrgjri1nlb9pgj8k12q2-20170526111344_jpg.rf.9d944d9b3b5963c6ce563e090ba4f909.jpg,/kaggle/input/datasets/nagendra048/aadhar-dataset/test/images,Error: C:\Program Files\Tesseract-OCR\tesseract.exe is not installed or it's not in your PATH. See README file for more information.
images-20-_jpg.rf.cf8ab04a7f48da9cb21e0c7b8f8f1711.jpg,/kaggle/input/datasets/nagendra048/aadhar-dataset/test/images,Error: C:\Program Files\Tesseract-OCR\tesseract.exe is not installed or it's not in your PATH. See README file for more information.
b4ec339af5996addce61a9c73b7162f3-1-_jpg.rf.da31f89820863cf83fdbe2a24e315bce.jpg,/kaggle/input/datasets/nagendra048/aadhar-dataset/test/images,Error: C:\Program Files\Tesseract-OCR\tesseract.exe is not installed or it's not in your PATH. See README file for more information.
06_01_2022_03_14_59_png_jpg.rf.7d753a7852c989342a25fbf67bf385e9.jpg,/kaggle/input/datasets/nagendra048/aadhar-dataset/test/images,Error: C:\Program Files\Tesseract-OCR\tesseract.exe is not installed or it's not in your PATH. See README file for more information.
sp-42095176-5v4rgi-thumbnail_jpg.rf.eabbd2b45e714e85cf31ee2b8889954d.jpg,/kaggle/input/datasets/nagendra048/aadhar-dataset/test/images,Error: C:\Program Files\Tesseract-OCR\tesseract.exe is not installed or it's not in your PATH. See README file for more information.
amb-022_1636178548_jpg.rf.95da287e689b94f211659d3d549e2ae8.jpg,/kaggle/input/datasets/nagendra048/aadhar-dataset/test/images,Error: C:\Program Files\Tesseract-OCR\tesseract.exe is not installed or it's not in your PATH. See README file for more information.
product-500x500_jpg.rf.1f827ca6df35d0c3bc6b1a0b08230277.jpg,/kaggle/input/datasets/nagendra048/aadhar-dataset/test/images,Error: C:\Program Files\Tesseract-OCR\tesseract.exe is not installed or it's not in your PATH. See README file for more information.
ac313c63f18e91c513128fa97bce32d6_jpg.rf.5a288bae05a38f7b3d6c777bd87e3a7d.jpg,/kaggle/input/datasets/nagendra048/aadhar-dataset/test/images,Error: C:\Program Files\Tesseract-OCR\tesseract.exe is not installed or it's not in your PATH. See README file for more information.
a1e3125efaa4eebd8efc907ae48b69a1-1-_jpg.rf.6f806db00d57687a612baff47496612e.jpg,/kaggle/input/datasets/nagendra048/aadhar-dataset/test/images,Error: C:\Program Files\Tesseract-OCR\tesseract.exe is not installed or it's not in your PATH. See README file for more information.
0c0584201ff552c4bdcbe160315aa432_jpg.rf.55120e70e8bb77f855f46a2301544087.jpg,/kaggle/input/datasets/nagendra048/aadhar-dataset/test/images,Error: C:\Program Files\Tesseract-OCR\tesseract.exe is not installed or it's not in your PATH. See README file for more information.
6b6ad42e38094e11a2260c2694582da5_jpg.rf.eca57c77c0b4cccd70cbcbf317eaae5c.jpg,/kaggle/input/datasets/nagendra048/aadhar-dataset/test/images,Error: C:\Program Files\Tesseract-OCR\tesseract.exe is not installed or it's not in your PATH. See README file for more information.
80-Adding-Aadhar-Card-Template-Download-in-Photoshop-with-Aadhar-Card-Template-Download_jpg.rf.c6ae42e8f1221267e73a80b36398591d.jpg,/kaggle/input/datasets/nagendra048/aadhar-dataset/test/images,Error: C:\Program Files\Tesseract-OCR\tesseract.exe is not installed or it's not in your PATH. See README file for more information.
images-8-_jpg.rf.6fa76561c678c180068ab8c0172e91cc.jpg,/kaggle/input/datasets/nagendra048/aadhar-dataset/test/images,Error: C:\Program Files\Tesseract-OCR\tesseract.exe is not installed or it's not in your PATH. See README file for more information.
8988c5603729dd48f76f59d6f3c6148e_jpg.rf.6086eef144c8b3e43ecd99528fe577ae.jpg,/kaggle/input/datasets/nagendra048/aadhar-dataset/test/images,Error: C:\Program Files\Tesseract-OCR\tesseract.exe is not installed or it's not in your PATH. See README file for more information.
3564191365d6dd7bff705c3252860029_jpg.rf.5159e2b5bf7e4bff4e98982003544c87.jpg,/kaggle/input/datasets/nagendra048/aadhar-dataset/test/images,Error: C:\Program Files\Tesseract-OCR\tesseract.exe is not installed or it's not in your PATH. See README file for more information.
dwRqcW6_jpg.rf.bfdc65a8695e9268048b51249ab2b13f.jpg,/kaggle/input/datasets/nagendra048/aadhar-dataset/test/images,Error: C:\Program Files\Tesseract-OCR\tesseract.exe is not installed or it's not in your PATH. See README file for more information.
60643f2e835245dfa9b0c9c988abb748_jpg.rf.ea9e2dd862ccbf64486e7102532ab507.jpg,/kaggle/input/datasets/nagendra048/aadhar-dataset/test/images,Error: C:\Program Files\Tesseract-OCR\tesseract.exe is not installed or it's not in your PATH. See README file for more information.
images-13-_jpg.rf.45dafbe21a85c1eb6b318b4e3d6ef051.jpg,/kaggle/input/datasets/nagendra048/aadhar-dataset/test/images,Error: C:\Program Files\Tesseract-OCR\tesseract.exe is not installed or it's not in your PATH. See README file for more information.
b4ec339af5996addce61a9c73b7162f3_jpg.rf.b300fd0795ebf4dea5b40a9196265c30.jpg,/kaggle/input/datasets/nagendra048/aadhar-dataset/test/images,Error: C:\Program Files\Tesseract-OCR\tesseract.exe is not installed or it's not in your PATH. See README file for more information.
086d820550f34066764f4047ddc263ca_jpg.rf.32454616917066849f631ca30a4b828c.jpg,/kaggle/input/datasets/nagendra048/aadhar-dataset/test/images,Error: C:\Program Files\Tesseract-OCR\tesseract.exe is not installed or it's not in your PATH. See README file for more information.
71697128_jpg.rf.e6d7abeda1d075bd361c22f00714f5ec.jpg,/kaggle/input/datasets/nagendra048/aadhar-dataset/test/images,Error: C:\Program Files\Tesseract-OCR\tesseract.exe is not installed or it's not in your PATH. See README file for more information.
c69b7f40144bf1cd4051251754af93ed-1-_jpg.rf.5defaa3f1b6dd4758cee0eea381c1067.jpg,/kaggle/input/datasets/nagendra048/aadhar-dataset/test/images,Error: C:\Program Files\Tesseract-OCR\tesseract.exe is not installed or it's not in your PATH. See README file for more information.
b4ec339af5996addce61a9c73b7162f3_jpg.rf.7503c879fd8e4835f78a23ecc17d294c.jpg,/kaggle/input/datasets/nagendra048/aadhar-dataset/test/images,Error: C:\Program Files\Tesseract-OCR\tesseract.exe is not installed or it's not in your PATH. See README file for more information.
b7becd5c330f22d135ef4ffa3b26e65e_jpg.rf.84e26e63606ac262a364a08c62ed43db.jpg,/kaggle/input/datasets/nagendra048/aadhar-dataset/test/images,Error: C:\Program Files\Tesseract-OCR\tesseract.exe is not installed or it's not in your PATH. See README file for more information.
447675edf75967ed3047d0ff28f280ac-1-_jpg.rf.6e9c099de3ec5adcbe0f22b0ccecc727.jpg,/kaggle/input/datasets/nagendra048/aadhar-dataset/test/images,Error: C:\Program Files\Tesseract-OCR\tesseract.exe is not installed or it's not in your PATH. See README file for more information.
0e0a5204f238d9c743ae456a8dc6529a_jpg.rf.cc90d1e8d808ac1cba7272da6c29314a.jpg,/kaggle/input/datasets/nagendra048/aadhar-dataset/test/images,Error: C:\Program Files\Tesseract-OCR\tesseract.exe is not installed or it's not in your PATH. See README file for more information.
19b620ad00aeb2885f0f0a1ccb337919_jpg.rf.874da0cffbd3af611f8e8dd7c47458f9.jpg,/kaggle/input/datasets/nagendra048/aadhar-dataset/test/images,Error: C:\Program Files\Tesseract-OCR\tesseract.exe is not installed or it's not in your PATH. See README file for more information.
c5bc89c6e9cede0ff4d07085c5ce2488_jpg.rf.285942035f5685fd93e9dd129000b167.jpg,/kaggle/input/datasets/nagendra048/aadhar-dataset/test/images,Error: C:\Program Files\Tesseract-OCR\tesseract.exe is not installed or it's not in your PATH. See README file for more information.
447675edf75967ed3047d0ff28f280ac_jpg.rf.14b577defec5aeab73f07dfa5f2a4744.jpg,/kaggle/input/datasets/nagendra048/aadhar-dataset/test/images,Error: C:\Program Files\Tesseract-OCR\tesseract.exe is not installed or it's not in your PATH. See README file for more information.
images-20-_jpg.rf.2584309852ab6134224c1f0f68a3f59d.jpg,/kaggle/input/datasets/nagendra048/aadhar-dataset/test/images,Error: C:\Program Files\Tesseract-OCR\tesseract.exe is not installed or it's not in your PATH. See README file for more information.
bc2af9550a06aee72c9aa22a3c73f0fa_jpg.rf.6f015bc4407b02d98c90c40201f02882.jpg,/kaggle/input/datasets/nagendra048/aadhar-dataset/test/images,Error: C:\Program Files\Tesseract-OCR\tesseract.exe is not installed or it's not in your PATH. See README file for more information.
10118_jpg.rf.ab40fa1a50aa5454cd1f4e28fa2bb7eb.jpg,/kaggle/input/datasets/nagendra048/aadhar-dataset/test/images,Error: C:\Program Files\Tesseract-OCR\tesseract.exe is not installed or it's not in your PATH. See README file for more information.
EFdEgzrUYAMutNm_jpg.rf.291b671079539295fd1f1355c5dbd928.jpg,/kaggle/input/datasets/nagendra048/aadhar-dataset/test/images,Error: C:\Program Files\Tesseract-OCR\tesseract.exe is not installed or it's not in your PATH. See README file for more information.
c5bc89c6e9cede0ff4d07085c5ce2488-1-_jpg.rf.36959ad20242b023b7724e992946932a.jpg,/kaggle/input/datasets/nagendra048/aadhar-dataset/test/images,Error: C:\Program Files\Tesseract-OCR\tesseract.exe is not installed or it's not in your PATH. See README file for more information.
f99b3efadece9bde10e251760cc71b1c_jpg.rf.0186b91293f50212eb85125238ab6331.jpg,/kaggle/input/datasets/nagendra048/aadhar-dataset/test/images,Error: C:\Program Files\Tesseract-OCR\tesseract.exe is not installed or it's not in your PATH. See README file for more information.
efbefce86a6ebb47ef70edd9f85d5324_jpg.rf.77473cf0d72e992991b46aac8cddf7e0.jpg,/kaggle/input/datasets/nagendra048/aadhar-dataset/test/images,Error: C:\Program Files\Tesseract-OCR\tesseract.exe is not installed or it's not in your PATH. See README file for more information.
6d8e67208737a556302565d3c61dc373_jpg.rf.c1bd0fc7810710ea840d37754e750cb5.jpg,/kaggle/input/datasets/nagendra048/aadhar-dataset/test/images,Error: C:\Program Files\Tesseract-OCR\tesseract.exe is not installed or it's not in your PATH. See README file for more information.
35c4f8abcda3c0e3fe13b2435deaaff4_jpg.rf.5c511a5a9ebe10ae6eced954001c1d7f.jpg,/kaggle/input/datasets/nagendra048/aadhar-dataset/test/images,Error: C:\Program Files\Tesseract-OCR\tesseract.exe is not installed or it's not in your PATH. See README file for more information.
DE8svj0U0AAEnrD_jpg.rf.c7402ff58d5a04a36b15d851a825d486.jpg,/kaggle/input/datasets/nagendra048/aadhar-dataset/test/images,Error: C:\Program Files\Tesseract-OCR\tesseract.exe is not installed or it's not in your PATH. See README file for more information.
b4ec339af5996addce61a9c73b7162f3-1-_jpg.rf.c0dae001e0d2f17e10a4ec1f7d73ad99.jpg,/kaggle/input/datasets/nagendra048/aadhar-dataset/test/images,Error: C:\Program Files\Tesseract-OCR\tesseract.exe is not installed or it's not in your PATH. See README file for more information.
25305fe9d4d92e3899f5fbcab86fb2c7_jpg.rf.b08751bef94d1f455d8a20c3f6f22a91.jpg,/kaggle/input/datasets/nagendra048/aadhar-dataset/test/images,Error: C:\Program Files\Tesseract-OCR\tesseract.exe is not installed or it's not in your PATH. See README file for more information.
f6644ae09eb9acfc6a71f01115f917f9_jpg.rf.18f204959b89830f9760a1f959ce5578.jpg,/kaggle/input/datasets/nagendra048/aadhar-dataset/test/images,Error: C:\Program Files\Tesseract-OCR\tesseract.exe is not installed or it's not in your PATH. See README file for more information.
1b26b406ad9485c98cd496bc371db57f_jpg.rf.57b9dcafd0d5d82f6c6b80922dff1ade.jpg,/kaggle/input/datasets/nagendra048/aadhar-dataset/test/images,Error: C:\Program Files\Tesseract-OCR\tesseract.exe is not installed or it's not in your PATH. See README file for more information.
images-18-_jpg.rf.8d8ed1df1e0bdad90001a6606be0268a.jpg,/kaggle/input/datasets/nagendra048/aadhar-dataset/test/images,Error: C:\Program Files\Tesseract-OCR\tesseract.exe is not installed or it's not in your PATH. See README file for more information.
maxresdefault-1_jpg.rf.266ac3f9489cacad511d4d29a4ea9fcf.jpg,/kaggle/input/datasets/nagendra048/aadhar-dataset/test/images,Error: C:\Program Files\Tesseract-OCR\tesseract.exe is not installed or it's not in your PATH. See README file for more information.
ff71c3cd26d34f1340a3f410f6e03a3f_jpg.rf.57584baf6690eb45986247fcd339bba9.jpg,/kaggle/input/datasets/nagendra048/aadhar-dataset/test/images,Error: C:\Program Files\Tesseract-OCR\tesseract.exe is not installed or it's not in your PATH. See README file for more information.
pvc_adhar-card-600x600_jpg.rf.2e137cf42e5355017183696b2c959ece.jpg,/kaggle/input/datasets/nagendra048/aadhar-dataset/test/images,Error: C:\Program Files\Tesseract-OCR\tesseract.exe is not installed or it's not in your PATH. See README file for more information.
766ad22cd5a05c1a9d21c658bb1e925c_jpg.rf.4131ee7d52c7ee48fdd00a08bda8d5ac.jpg,/kaggle/input/datasets/nagendra048/aadhar-dataset/test/images,Error: C:\Program Files\Tesseract-OCR\tesseract.exe is not installed or it's not in your PATH. See README file for more information.
c7d12dabedb1da10342b91dea665a917-1-_jpg.rf.4152c589fc18eeb2ccc62c7fc663f948.jpg,/kaggle/input/datasets/nagendra048/aadhar-dataset/test/images,Error: C:\Program Files\Tesseract-OCR\tesseract.exe is not installed or it's not in your PATH. See README file for more information.
images-1-_jpg.rf.7085fbf100f870aeade7f55eacdf8b13.jpg,/kaggle/input/datasets/nagendra048/aadhar-dataset/test/images,Error: C:\Program Files\Tesseract-OCR\tesseract.exe is not installed or it's not in your PATH. See README file for more information.
amb-022_1636178548_jpg.rf.4e8f2f0b44a1eedfaf27b3fcb2be3b83.jpg,/kaggle/input/datasets/nagendra048/aadhar-dataset/test/images,Error: C:\Program Files\Tesseract-OCR\tesseract.exe is not installed or it's not in your PATH. See README file for more information.
images-18-_jpg.rf.af63fa02705cafc02a08cb6878773156.jpg,/kaggle/input/datasets/nagendra048/aadhar-dataset/test/images,Error: C:\Program Files\Tesseract-OCR\tesseract.exe is not installed or it's not in your PATH. See README file for more information.
images-20-_jpg.rf.777048d0fa5da3ab6863fec59741613b.jpg,/kaggle/input/datasets/nagendra048/aadhar-dataset/test/images,Error: C:\Program Files\Tesseract-OCR\tesseract.exe is not installed or it's not in your PATH. See README file for more information.
14171f7e3e906f9bb9cbee0e44b183ab-1-_jpg.rf.08e306a6d8b48d3ee6311bdb46da1ee8.jpg,/kaggle/input/datasets/nagendra048/aadhar-dataset/test/images,Error: C:\Program Files\Tesseract-OCR\tesseract.exe is not installed or it's not in your PATH. See README file for more information.
0d4c873ace54e82fb49c451a9bdc6d24_jpg.rf.ace4d5e5287b475a42cc6ff51a027fda.jpg,/kaggle/input/datasets/nagendra048/aadhar-dataset/test/images,Error: C:\Program Files\Tesseract-OCR\tesseract.exe is not installed or it's not in your PATH. See README file for more information.
a1e3125efaa4eebd8efc907ae48b69a1-2-_jpg.rf.31b74d806ea3856468d5a414c6b32912.jpg,/kaggle/input/datasets/nagendra048/aadhar-dataset/test/images,Error: C:\Program Files\Tesseract-OCR\tesseract.exe is not installed or it's not in your PATH. See README file for more information.
images-7-_jpg.rf.e86ca3fdfe09ff27848fd2a5d8103a6b.jpg,/kaggle/input/datasets/nagendra048/aadhar-dataset/test/images,Error: C:\Program Files\Tesseract-OCR\tesseract.exe is not installed or it's not in your PATH. See README file for more information.
49fa3bcf36cda2851f2d12adc5f9f6db-2-_jpg.rf.a5193af4709eb932b943f6478eacec77.jpg,/kaggle/input/datasets/nagendra048/aadhar-dataset/test/images,Error: C:\Program Files\Tesseract-OCR\tesseract.exe is not installed or it's not in your PATH. See README file for more information.
c9c6e3b130e3aed890884c240195ec9d_jpg.rf.299f189cd347bb84f141b209523fc82e.jpg,/kaggle/input/datasets/nagendra048/aadhar-dataset/test/images,Error: C:\Program Files\Tesseract-OCR\tesseract.exe is not installed or it's not in your PATH. See README file for more information.
f99b3efadece9bde10e251760cc71b1c_jpg.rf.09233b3649b19e28966f009687c888ee.jpg,/kaggle/input/datasets/nagendra048/aadhar-dataset/test/images,Error: C:\Program Files\Tesseract-OCR\tesseract.exe is not installed or it's not in your PATH. See README file for more information.
EWlRgN0UMAEhp1u_jpg.rf.dd1f49d5d6f4380b72a782f3040e3a65.jpg,/kaggle/input/datasets/nagendra048/aadhar-dataset/test/images,Error: C:\Program Files\Tesseract-OCR\tesseract.exe is not installed or it's not in your PATH. See README file for more information.
b4ec339af5996addce61a9c73b7162f3-1-_jpg.rf.10e8382b160f27114d3602284e1fa5b3.jpg,/kaggle/input/datasets/nagendra048/aadhar-dataset/test/images,Error: C:\Program Files\Tesseract-OCR\tesseract.exe is not installed or it's not in your PATH. See README file for more information.
banner_jpg.rf.6c1d7a68efe886863145f143c6ea7ddb.jpg,/kaggle/input/datasets/nagendra048/aadhar-dataset/test/images,Error: C:\Program Files\Tesseract-OCR\tesseract.exe is not installed or it's not in your PATH. See README file for more information.
1b26b406ad9485c98cd496bc371db57f_jpg.rf.3971db2690b5f9b5692e172d7f7b913f.jpg,/kaggle/input/datasets/nagendra048/aadhar-dataset/test/images,Error: C:\Program Files\Tesseract-OCR\tesseract.exe is not installed or it's not in your PATH. See README file for more information.
10069_jpg.rf.b9981b49cb390c217bdab9cabb7b4c10.jpg,/kaggle/input/datasets/nagendra048/aadhar-dataset/test/images,Error: C:\Program Files\Tesseract-OCR\tesseract.exe is not installed or it's not in your PATH. See README file for more information.
ff71c3cd26d34f1340a3f410f6e03a3f_jpg.rf.344229d44fc3b7ac54706e5ac18f6554.jpg,/kaggle/input/datasets/nagendra048/aadhar-dataset/test/images,Error: C:\Program Files\Tesseract-OCR\tesseract.exe is not installed or it's not in your PATH. See README file for more information.
6faf8790a38b5e6a7d9e3347ba84a24f_jpg.rf.6dae4cc3f50cb4a71bcd8496eaaf07a1.jpg,/kaggle/input/datasets/nagendra048/aadhar-dataset/test/images,Error: C:\Program Files\Tesseract-OCR\tesseract.exe is not installed or it's not in your PATH. See README file for more information.
images-5-_jpg.rf.90d96dc306c5399358462c6eefe42816.jpg,/kaggle/input/datasets/nagendra048/aadhar-dataset/test/images,Error: C:\Program Files\Tesseract-OCR\tesseract.exe is not installed or it's not in your PATH. See README file for more information.
c5bc89c6e9cede0ff4d07085c5ce2488_jpg.rf.b5836773c43cee7f64e02651ecfb7767.jpg,/kaggle/input/datasets/nagendra048/aadhar-dataset/test/images,Error: C:\Program Files\Tesseract-OCR\tesseract.exe is not installed or it's not in your PATH. See README file for more information.
a1e3125efaa4eebd8efc907ae48b69a1-1-_jpg.rf.e13e33b49eb5faf5ed026d29b022f5df.jpg,/kaggle/input/datasets/nagendra048/aadhar-dataset/test/images,Error: C:\Program Files\Tesseract-OCR\tesseract.exe is not installed or it's not in your PATH. See README file for more information.
a1e3125efaa4eebd8efc907ae48b69a1-1-_jpg.rf.8df60a02ffa4941d96b247573359b635.jpg,/kaggle/input/datasets/nagendra048/aadhar-dataset/test/images,Error: C:\Program Files\Tesseract-OCR\tesseract.exe is not installed or it's not in your PATH. See README file for more information.
14171f7e3e906f9bb9cbee0e44b183ab-1-_jpg.rf.44fad98a2f2b5c217f49f9d8f7f44e54.jpg,/kaggle/input/datasets/nagendra048/aadhar-dataset/test/images,Error: C:\Program Files\Tesseract-OCR\tesseract.exe is not installed or it's not in your PATH. See README file for more information.
images-13-_jpg.rf.6f93b702aa3cd3b99835c95c38ca7de5.jpg,/kaggle/input/datasets/nagendra048/aadhar-dataset/test/images,Error: C:\Program Files\Tesseract-OCR\tesseract.exe is not installed or it's not in your PATH. See README file for more information.
unnamed_jpg.rf.3120a391053b3c15ddf835188ade4369.jpg,/kaggle/input/datasets/nagendra048/aadhar-dataset/test/images,Error: C:\Program Files\Tesseract-OCR\tesseract.exe is not installed or it's not in your PATH. See README file for more information.
ac313c63f18e91c513128fa97bce32d6_jpg.rf.f285f8fd7c0dc9b51126ca25933617ee.jpg,/kaggle/input/datasets/nagendra048/aadhar-dataset/test/images,Error: C:\Program Files\Tesseract-OCR\tesseract.exe is not installed or it's not in your PATH. See README file for more information.
EodP1JyUUAAQ_o2_jpg.rf.52d817f4eb2bbe8e1b0fcff41096f5b5.jpg,/kaggle/input/datasets/nagendra048/aadhar-dataset/test/images,Error: C:\Program Files\Tesseract-OCR\tesseract.exe is not installed or it's not in your PATH. See README file for more information.
images-4-_jpg.rf.2b67c0811580796f113c253f8d4ef552.jpg,/kaggle/input/datasets/nagendra048/aadhar-dataset/test/images,Error: C:\Program Files\Tesseract-OCR\tesseract.exe is not installed or it's not in your PATH. See README file for more information.
78ebbaace416b45c0b552a5a3de7b1a7_jpg.rf.d4af01944897e28033b40568ed83fe85.jpg,/kaggle/input/datasets/nagendra048/aadhar-dataset/test/images,Error: C:\Program Files\Tesseract-OCR\tesseract.exe is not installed or it's not in your PATH. See README file for more information.
e383ea165dd6f41b69ef72df10c4c473-1-_jpg.rf.80a505ce20eb9116f855699c651f43d5.jpg,/kaggle/input/datasets/nagendra048/aadhar-dataset/test/images,Error: C:\Program Files\Tesseract-OCR\tesseract.exe is not installed or it's not in your PATH. See README file for more information.
images-15-_jpg.rf.03662b61827dd0441441d09df6d829c4.jpg,/kaggle/input/datasets/nagendra048/aadhar-dataset/test/images,Error: C:\Program Files\Tesseract-OCR\tesseract.exe is not installed or it's not in your PATH. See README file for more information.
Adhar_Card_jpg.rf.c119817e5ac1a272edd6e2f4b3fed224.jpg,/kaggle/input/datasets/nagendra048/aadhar-dataset/test/images,Error: C:\Program Files\Tesseract-OCR\tesseract.exe is not installed or it's not in your PATH. See README file for more information.
a1e3125efaa4eebd8efc907ae48b69a1-1-_jpg.rf.20ddc9f7be6f889f8b6f20b3977d5366.jpg,/kaggle/input/datasets/nagendra048/aadhar-dataset/test/images,Error: C:\Program Files\Tesseract-OCR\tesseract.exe is not installed or it's not in your PATH. See README file for more information.
80-Adding-Aadhar-Card-Template-Download-in-Photoshop-with-Aadhar-Card-Template-Download_jpg.rf.6da808a073d25bf42f7984f8383697d5.jpg,/kaggle/input/datasets/nagendra048/aadhar-dataset/test/images,Error: C:\Program Files\Tesseract-OCR\tesseract.exe is not installed or it's not in your PATH. See README file for more information.
dd73e0797834fecca12c450729c37fef_jpg.rf.a75dbda8df4cc03c7aa8d67c536135ab.jpg,/kaggle/input/datasets/nagendra048/aadhar-dataset/test/images,Error: C:\Program Files\Tesseract-OCR\tesseract.exe is not installed or it's not in your PATH. See README file for more information.
3564191365d6dd7bff705c3252860029_jpg.rf.c2916c3602a6b5f5f29aa3523e4e2a74.jpg,/kaggle/input/datasets/nagendra048/aadhar-dataset/test/images,Error: C:\Program Files\Tesseract-OCR\tesseract.exe is not installed or it's not in your PATH. See README file for more information.
aa-Cover-k9ll0etrgjri1nlb9pgj8k12q2-20170526111344_jpg.rf.29e538a9a2e230f9633329a2a45cf01b.jpg,/kaggle/input/datasets/nagendra048/aadhar-dataset/test/images,Error: C:\Program Files\Tesseract-OCR\tesseract.exe is not installed or it's not in your PATH. See README file for more information.
49fa3bcf36cda2851f2d12adc5f9f6db-2-_jpg.rf.272d693151b558bba6d2f45d5aadc942.jpg,/kaggle/input/datasets/nagendra048/aadhar-dataset/test/images,Error: C:\Program Files\Tesseract-OCR\tesseract.exe is not installed or it's not in your PATH. See README file for more information.
unnamed_jpg.rf.dccfe8f9b5700cacfdf59b8bc2fbf01e.jpg,/kaggle/input/datasets/nagendra048/aadhar-dataset/test/images,Error: C:\Program Files\Tesseract-OCR\tesseract.exe is not installed or it's not in your PATH. See README file for more information.
1b26b406ad9485c98cd496bc371db57f_jpg.rf.372f8faabec2d92d7f64d5741809cc9f.jpg,/kaggle/input/datasets/nagendra048/aadhar-dataset/test/images,Error: C:\Program Files\Tesseract-OCR\tesseract.exe is not installed or it's not in your PATH. See README file for more information.
1b26b406ad9485c98cd496bc371db57f_jpg.rf.180c32ee69f5226183c235c361b2d91e.jpg,/kaggle/input/datasets/nagendra048/aadhar-dataset/test/images,Error: C:\Program Files\Tesseract-OCR\tesseract.exe is not installed or it's not in your PATH. See README file for more information.
10130_jpg.rf.9a9d104cab3d29b3606a1d351e6b5d3e.jpg,/kaggle/input/datasets/nagendra048/aadhar-dataset/test/images,Error: C:\Program Files\Tesseract-OCR\tesseract.exe is not installed or it's not in your PATH. See README file for more information.
c69b7f40144bf1cd4051251754af93ed-2-_jpg.rf.b2cb155aefec41692cc8c944512cd22f.jpg,/kaggle/input/datasets/nagendra048/aadhar-dataset/test/images,Error: C:\Program Files\Tesseract-OCR\tesseract.exe is not installed or it's not in your PATH. See README file for more information.
6cc303eb6be78797fd871ec8cad3a65d_jpg.rf.aa9b9dd3882d3a0cf52031d083f935bf.jpg,/kaggle/input/datasets/nagendra048/aadhar-dataset/test/images,Error: C:\Program Files\Tesseract-OCR\tesseract.exe is not installed or it's not in your PATH. See README file for more information.
0e0a5204f238d9c743ae456a8dc6529a_jpg.rf.c3ca9420de53c5d7b5a7234f51f53644.jpg,/kaggle/input/datasets/nagendra048/aadhar-dataset/test/images,Error: C:\Program Files\Tesseract-OCR\tesseract.exe is not installed or it's not in your PATH. See README file for more information.
368a4dd1224bf4d35aa30fc7b61d32d2-1-_jpg.rf.0065937b856bb733ddafeb2462371ee1.jpg,/kaggle/input/datasets/nagendra048/aadhar-dataset/test/images,Error: C:\Program Files\Tesseract-OCR\tesseract.exe is not installed or it's not in your PATH. See README file for more information.
ff71c3cd26d34f1340a3f410f6e03a3f_jpg.rf.4a45edf6a6c3abeb79567546a82eea63.jpg,/kaggle/input/datasets/nagendra048/aadhar-dataset/test/images,Error: C:\Program Files\Tesseract-OCR\tesseract.exe is not installed or it's not in your PATH. See README file for more information.
IMG_20180723_120159_jpg.rf.f55adbff4a71b0534a0d40a72114526c.jpg,/kaggle/input/datasets/nagendra048/aadhar-dataset/test/images,Error: C:\Program Files\Tesseract-OCR\tesseract.exe is not installed or it's not in your PATH. See README file for more information.
8988c5603729dd48f76f59d6f3c6148e_jpg.rf.15376fc1b38a29b0d4165ee99ad69065.jpg,/kaggle/input/datasets/nagendra048/aadhar-dataset/test/images,Error: C:\Program Files\Tesseract-OCR\tesseract.exe is not installed or it's not in your PATH. See README file for more information.
dwRqcW6_jpg.rf.d085bc70bd6351bc0d987242cc26e8ce.jpg,/kaggle/input/datasets/nagendra048/aadhar-dataset/test/images,Error: C:\Program Files\Tesseract-OCR\tesseract.exe is not installed or it's not in your PATH. See README file for more information.
meerut-news_1591527061_jpg.rf.18c5d64568f4baadd2cc53280ebfb32f.jpg,/kaggle/input/datasets/nagendra048/aadhar-dataset/test/images,Error: C:\Program Files\Tesseract-OCR\tesseract.exe is not installed or it's not in your PATH. See README file for more information.
25305fe9d4d92e3899f5fbcab86fb2c7-1-_jpg.rf.19c876c6bd2841288b8ac497ad5c4874.jpg,/kaggle/input/datasets/nagendra048/aadhar-dataset/test/images,Error: C:\Program Files\Tesseract-OCR\tesseract.exe is not installed or it's not in your PATH. See README file for more information.
14171f7e3e906f9bb9cbee0e44b183ab-1-_jpg.rf.e27d0af90fa71a2553699a70633d37c0.jpg,/kaggle/input/datasets/nagendra048/aadhar-dataset/test/images,Error: C:\Program Files\Tesseract-OCR\tesseract.exe is not installed or it's not in your PATH. See README file for more information.
82a73cb534ca5805e7136e48059e7000_jpg.rf.a9dbc01e03aa94a28114bceef16c02ac.jpg,/kaggle/input/datasets/nagendra048/aadhar-dataset/test/images,Error: C:\Program Files\Tesseract-OCR\tesseract.exe is not installed or it's not in your PATH. See README file for more information.
b7becd5c330f22d135ef4ffa3b26e65e_jpg.rf.9b0fdd3b7ffec1bddd42d3aefdacb10a.jpg,/kaggle/input/datasets/nagendra048/aadhar-dataset/test/images,Error: C:\Program Files\Tesseract-OCR\tesseract.exe is not installed or it's not in your PATH. See README file for more information.
44ca6539da21ea839134cf0e39ff6e37_jpg.rf.35c971d486e343fec0599a3117360912.jpg,/kaggle/input/datasets/nagendra048/aadhar-dataset/test/images,Error: C:\Program Files\Tesseract-OCR\tesseract.exe is not installed or it's not in your PATH. See README file for more information.
product-500x500_jpg.rf.1c9d1fc93c9dbe9b46d5c3a86c8b9850.jpg,/kaggle/input/datasets/nagendra048/aadhar-dataset/test/images,Error: C:\Program Files\Tesseract-OCR\tesseract.exe is not installed or it's not in your PATH. See README file for more information.
images_jpg.rf.964d6694651be90b4b33b7276a4c6d07.jpg,/kaggle/input/datasets/nagendra048/aadhar-dataset/test/images,Error: C:\Program Files\Tesseract-OCR\tesseract.exe is not installed or it's not in your PATH. See README file for more information.
26e69450edbd8716ee253bd7ec9b7607_jpg.rf.b7f02b22541a169559cd40455a8b886b.jpg,/kaggle/input/datasets/nagendra048/aadhar-dataset/test/images,Error: C:\Program Files\Tesseract-OCR\tesseract.exe is not installed or it's not in your PATH. See README file for more information.
images-19-_jpg.rf.b10c93fefadb31a46c9c097b37105c80.jpg,/kaggle/input/datasets/nagendra048/aadhar-dataset/test/images,Error: C:\Program Files\Tesseract-OCR\tesseract.exe is not installed or it's not in your PATH. See README file for more information.
images-19-_jpg.rf.a954102fdb14d89b0d6a8974f792b9fa.jpg,/kaggle/input/datasets/nagendra048/aadhar-dataset/test/images,Error: C:\Program Files\Tesseract-OCR\tesseract.exe is not installed or it's not in your PATH. See README file for more information.
6cc303eb6be78797fd871ec8cad3a65d_jpg.rf.d9226a1b739895bdcad78065fa27291f.jpg,/kaggle/input/datasets/nagendra048/aadhar-dataset/test/images,Error: C:\Program Files\Tesseract-OCR\tesseract.exe is not installed or it's not in your PATH. See README file for more information.
images-19-_jpg.rf.a59636aa24a0e39e0e1cd7fe55c85795.jpg,/kaggle/input/datasets/nagendra048/aadhar-dataset/test/images,Error: C:\Program Files\Tesseract-OCR\tesseract.exe is not installed or it's not in your PATH. See README file for more information.
c709629e7d00468f6c112daa8ca6c9e8_jpg.rf.9217899d1dce39c0ec8c5c874f36b155.jpg,/kaggle/input/datasets/nagendra048/aadhar-dataset/test/images,Error: C:\Program Files\Tesseract-OCR\tesseract.exe is not installed or it's not in your PATH. See README file for more information.
c69b7f40144bf1cd4051251754af93ed-2-_jpg.rf.6485421bba0cd994fed7fc6a3bcae9ce.jpg,/kaggle/input/datasets/nagendra048/aadhar-dataset/test/images,Error: C:\Program Files\Tesseract-OCR\tesseract.exe is not installed or it's not in your PATH. See README file for more information.
8c7dab60c3bdf9f210aaaca1a87c78de_jpg.rf.efc4f906b57e34f8d8ccee52679e3dbc.jpg,/kaggle/input/datasets/nagendra048/aadhar-dataset/test/images,Error: C:\Program Files\Tesseract-OCR\tesseract.exe is not installed or it's not in your PATH. See README file for more information.
7e65eb61f2d964e4e46a9ee5e1330c28_jpg.rf.cc3c2eb29f75365a3b9591d2c1afe526.jpg,/kaggle/input/datasets/nagendra048/aadhar-dataset/test/images,Error: C:\Program Files\Tesseract-OCR\tesseract.exe is not installed or it's not in your PATH. See README file for more information.
b71fb182905bbdeea99549bff81f9c22_jpg.rf.19b5d8b6b42d7823ab0bd868d589d639.jpg,/kaggle/input/datasets/nagendra048/aadhar-dataset/test/images,Error: C:\Program Files\Tesseract-OCR\tesseract.exe is not installed or it's not in your PATH. See README file for more information.
368a4dd1224bf4d35aa30fc7b61d32d2-1-_jpg.rf.0e39ab28f41ec733332c5c023861c732.jpg,/kaggle/input/datasets/nagendra048/aadhar-dataset/test/images,Error: C:\Program Files\Tesseract-OCR\tesseract.exe is not installed or it's not in your PATH. See README file for more information.
images-6-_jpg.rf.c63f554e503953dbb115ef97cfa1aaff.jpg,/kaggle/input/datasets/nagendra048/aadhar-dataset/test/images,Error: C:\Program Files\Tesseract-OCR\tesseract.exe is not installed or it's not in your PATH. See README file for more information.
9ccffeac84c5b19e14bab96b9177b18b_jpg.rf.0876d3c796ce732b89fc3f1d66875c1c.jpg,/kaggle/input/datasets/nagendra048/aadhar-dataset/test/images,Error: C:\Program Files\Tesseract-OCR\tesseract.exe is not installed or it's not in your PATH. See README file for more information.
81eadb49cb7736c4e7460f318ebd5d29_jpg.rf.48eb7b67f93cd1046100ef7067e37448.jpg,/kaggle/input/datasets/nagendra048/aadhar-dataset/test/images,Error: C:\Program Files\Tesseract-OCR\tesseract.exe is not installed or it's not in your PATH. See README file for more information.
amb-022_1636178548_jpg.rf.0e65a11e32ec3e2b54995a4d949e70fc.jpg,/kaggle/input/datasets/nagendra048/aadhar-dataset/test/images,Error: C:\Program Files\Tesseract-OCR\tesseract.exe is not installed or it's not in your PATH. See README file for more information.
3564191365d6dd7bff705c3252860029_jpg.rf.4da254870df54ce8a718330c511011c4.jpg,/kaggle/input/datasets/nagendra048/aadhar-dataset/test/images,Error: C:\Program Files\Tesseract-OCR\tesseract.exe is not installed or it's not in your PATH. See README file for more information.
7e65eb61f2d964e4e46a9ee5e1330c28_jpg.rf.6143f3affde0e34f33469eeea1f05743.jpg,/kaggle/input/datasets/nagendra048/aadhar-dataset/test/images,Error: C:\Program Files\Tesseract-OCR\tesseract.exe is not installed or it's not in your PATH. See README file for more information.
c06a8a5d5214f4545a91b5c35eb7aa43_jpg.rf.45fba5d79d1faac706c02b068a44b194.jpg,/kaggle/input/datasets/nagendra048/aadhar-dataset/test/images,Error: C:\Program Files\Tesseract-OCR\tesseract.exe is not installed or it's not in your PATH. See README file for more information.
25305fe9d4d92e3899f5fbcab86fb2c7-1-_jpg.rf.c72fbfb4f37cc087531074f32990737f.jpg,/kaggle/input/datasets/nagendra048/aadhar-dataset/train/images,Error: C:\Program Files\Tesseract-OCR\tesseract.exe is not installed or it's not in your PATH. See README file for more information.
IMG-20180722-WA0038_jpg.rf.ceef61957b24e9b135227b29c074d869.jpg,/kaggle/input/datasets/nagendra048/aadhar-dataset/train/images,Error: C:\Program Files\Tesseract-OCR\tesseract.exe is not installed or it's not in your PATH. See README file for more information.
9ccffeac84c5b19e14bab96b9177b18b_jpg.rf.07269da5e0b3989529bd159ca14e621f.jpg,/kaggle/input/datasets/nagendra048/aadhar-dataset/train/images,Error: C:\Program Files\Tesseract-OCR\tesseract.exe is not installed or it's not in your PATH. See README file for more information.
46bad340b458a566dc6e2fd9cd2b1b33_jpg.rf.0ed747f67be1dcac5c3fecfefd4f0594.jpg,/kaggle/input/datasets/nagendra048/aadhar-dataset/train/images,Error: C:\Program Files\Tesseract-OCR\tesseract.exe is not installed or it's not in your PATH. See README file for more information.
Aadhar-Card-678x381_jpg.rf.85e86e57ef12c86bf842a50faa074d9e.jpg,/kaggle/input/datasets/nagendra048/aadhar-dataset/train/images,Error: C:\Program Files\Tesseract-OCR\tesseract.exe is not installed or it's not in your PATH. See README file for more information.
ffa5e80e5c547686632c7bc9746fee87_jpg.rf.ce803de0532b5fe87d48288205314f51.jpg,/kaggle/input/datasets/nagendra048/aadhar-dataset/train/images,Error: C:\Program Files\Tesseract-OCR\tesseract.exe is not installed or it's not in your PATH. See README file for more information.
adhar1_2366193f_jpg.rf.9b1b8fc2aff6f1ea9d807aae0db5b24d.jpg,/kaggle/input/datasets/nagendra048/aadhar-dataset/train/images,Error: C:\Program Files\Tesseract-OCR\tesseract.exe is not installed or it's not in your PATH. See README file for more information.
c5bc89c6e9cede0ff4d07085c5ce2488-1-_jpg.rf.cdd26b4484d940fb0a6c74729afcac5c.jpg,/kaggle/input/datasets/nagendra048/aadhar-dataset/train/images,Error: C:\Program Files\Tesseract-OCR\tesseract.exe is not installed or it's not in your PATH. See README file for more information.
ac6c7da416cbf07230d588741cbb2d99_jpg.rf.be9e8e82b93e9fb13c0f5bb11d30f288.jpg,/kaggle/input/datasets/nagendra048/aadhar-dataset/train/images,Error: C:\Program Files\Tesseract-OCR\tesseract.exe is not installed or it's not in your PATH. See README file for more information.
6faf8790a38b5e6a7d9e3347ba84a24f_jpg.rf.e68a9c035d86f743ec85cc11c6092966.jpg,/kaggle/input/datasets/nagendra048/aadhar-dataset/train/images,Error: C:\Program Files\Tesseract-OCR\tesseract.exe is not installed or it's not in your PATH. See README file for more information.
efbefce86a6ebb47ef70edd9f85d5324_jpg.rf.1a0e0298bfc8270dd3adb73cf6765ec0.jpg,/kaggle/input/datasets/nagendra048/aadhar-dataset/train/images,Error: C:\Program Files\Tesseract-OCR\tesseract.exe is not installed or it's not in your PATH. See README file for more information.
10128_jpg.rf.4a65c65ded1128fe62623703e0fa8c9e.jpg,/kaggle/input/datasets/nagendra048/aadhar-dataset/train/images,Error: C:\Program Files\Tesseract-OCR\tesseract.exe is not installed or it's not in your PATH. See README file for more information.
6d8e67208737a556302565d3c61dc373_jpg.rf.e4970a20eec532081550afee9d7c5061.jpg,/kaggle/input/datasets/nagendra048/aadhar-dataset/train/images,Error: C:\Program Files\Tesseract-OCR\tesseract.exe is not installed or it's not in your PATH. See README file for more information.
c7d12dabedb1da10342b91dea665a917_jpg.rf.b6fe67e34425a5adb03e92bc86df675b.jpg,/kaggle/input/datasets/nagendra048/aadhar-dataset/train/images,Error: C:\Program Files\Tesseract-OCR\tesseract.exe is not installed or it's not in your PATH. See README file for more information.
78ebbaace416b45c0b552a5a3de7b1a7_jpg.rf.a5f7c1c82078321faac0605396e1abdb.jpg,/kaggle/input/datasets/nagendra048/aadhar-dataset/train/images,Error: C:\Program Files\Tesseract-OCR\tesseract.exe is not installed or it's not in your PATH. See README file for more information.
f99b3efadece9bde10e251760cc71b1c_jpg.rf.4cb43b4cb19e4bcf01ef2aabca2fc1b3.jpg,/kaggle/input/datasets/nagendra048/aadhar-dataset/train/images,Error: C:\Program Files\Tesseract-OCR\tesseract.exe is not installed or it's not in your PATH. See README file for more information.
IMG-20180722-WA0038_jpg.rf.1b785ac1107ec6135c50f2e6d89f7fcb.jpg,/kaggle/input/datasets/nagendra048/aadhar-dataset/train/images,Error: C:\Program Files\Tesseract-OCR\tesseract.exe is not installed or it's not in your PATH. See README file for more information.
card_jpg.rf.c97f5701f9cda6dfa3e6dfc1f27cdb43.jpg,/kaggle/input/datasets/nagendra048/aadhar-dataset/train/images,Error: C:\Program Files\Tesseract-OCR\tesseract.exe is not installed or it's not in your PATH. See README file for more information.
10086_jpg.rf.43fb94b81ff9c3be22e3b86273df88b1.jpg,/kaggle/input/datasets/nagendra048/aadhar-dataset/train/images,Error: C:\Program Files\Tesseract-OCR\tesseract.exe is not installed or it's not in your PATH. See README file for more information.
img_1628671278092_474_jpg.rf.8d108ce6fd973101b51c70137e4c991b.jpg,/kaggle/input/datasets/nagendra048/aadhar-dataset/train/images,Error: C:\Program Files\Tesseract-OCR\tesseract.exe is not installed or it's not in your PATH. See README file for more information.
aadhar_jpg.rf.5f87a44fd9562ca2803c2fb02ccd8812.jpg,/kaggle/input/datasets/nagendra048/aadhar-dataset/train/images,Error: C:\Program Files\Tesseract-OCR\tesseract.exe is not installed or it's not in your PATH. See README file for more information.
images-8-_jpg.rf.19943d1e1c1b1a587a2c96c7e7c93568.jpg,/kaggle/input/datasets/nagendra048/aadhar-dataset/train/images,Error: C:\Program Files\Tesseract-OCR\tesseract.exe is not installed or it's not in your PATH. See README file for more information.
efbefce86a6ebb47ef70edd9f85d5324_jpg.rf.982d94770239b803fbb6537df3e5ee25.jpg,/kaggle/input/datasets/nagendra048/aadhar-dataset/train/images,Error: C:\Program Files\Tesseract-OCR\tesseract.exe is not installed or it's not in your PATH. See README file for more information.
sp-42095176-5v4rgi-thumbnail_jpg.rf.d37f0f4729f333219577f5536abc0515.jpg,/kaggle/input/datasets/nagendra048/aadhar-dataset/train/images,Error: C:\Program Files\Tesseract-OCR\tesseract.exe is not installed or it's not in your PATH. See README file for more information.
15702284b04c27864e819ad89483b80d_jpg.rf.837f53103cae33cbcfadcbe9a26c851d.jpg,/kaggle/input/datasets/nagendra048/aadhar-dataset/train/images,Error: C:\Program Files\Tesseract-OCR\tesseract.exe is not installed or it's not in your PATH. See README file for more information.
Aadhar-Card-678x381_jpg.rf.0851e126208ba4158e1deabc0526090f.jpg,/kaggle/input/datasets/nagendra048/aadhar-dataset/train/images,Error: C:\Program Files\Tesseract-OCR\tesseract.exe is not installed or it's not in your PATH. See README file for more information.
maxresdefault-1_jpg.rf.5b316068e695debdbd5e263cb95bba3e.jpg,/kaggle/input/datasets/nagendra048/aadhar-dataset/train/images,Error: C:\Program Files\Tesseract-OCR\tesseract.exe is not installed or it's not in your PATH. See README file for more information.
2017_7image_01_34_3344908890_jpg.rf.c4297e6d42347ff4e39cbc355902025e.jpg,/kaggle/input/datasets/nagendra048/aadhar-dataset/train/images,Error: C:\Program Files\Tesseract-OCR\tesseract.exe is not installed or it's not in your PATH. See README file for more information.
images-5-_jpg.rf.001ac6b6aa5cd712e1ac3b3596806819.jpg,/kaggle/input/datasets/nagendra048/aadhar-dataset/train/images,Error: C:\Program Files\Tesseract-OCR\tesseract.exe is not installed or it's not in your PATH. See README file for more information.
c86a0da801ae2e586164e814b43de3c9_jpg.rf.51b3f4bc5bc2fefdb7a9cb490f9b68d1.jpg,/kaggle/input/datasets/nagendra048/aadhar-dataset/train/images,Error: C:\Program Files\Tesseract-OCR\tesseract.exe is not installed or it's not in your PATH. See README file for more information.
c709629e7d00468f6c112daa8ca6c9e8_jpg.rf.a638e6885f36b3caa35ae8974fb98e1a.jpg,/kaggle/input/datasets/nagendra048/aadhar-dataset/train/images,Error: C:\Program Files\Tesseract-OCR\tesseract.exe is not installed or it's not in your PATH. See README file for more information.
c7d12dabedb1da10342b91dea665a917-1-_jpg.rf.71fd95dbe25013b4954291adfa36f808.jpg,/kaggle/input/datasets/nagendra048/aadhar-dataset/train/images,Error: C:\Program Files\Tesseract-OCR\tesseract.exe is not installed or it's not in your PATH. See README file for more information.
116508899_159713039053118_8698401500526480570_n_jpg.rf.01943e9fc362bc0500a6afbb1e24be31.jpg,/kaggle/input/datasets/nagendra048/aadhar-dataset/train/images,Error: C:\Program Files\Tesseract-OCR\tesseract.exe is not installed or it's not in your PATH. See README file for more information.
06a0686f91bed47d1f4873e4d104442c_jpg.rf.4958c1473add6955238b1e5a891cb7ec.jpg,/kaggle/input/datasets/nagendra048/aadhar-dataset/train/images,Error: C:\Program Files\Tesseract-OCR\tesseract.exe is not installed or it's not in your PATH. See README file for more information.
banner_jpg.rf.63c4edd35bb956b51987a51c884f2b91.jpg,/kaggle/input/datasets/nagendra048/aadhar-dataset/train/images,Error: C:\Program Files\Tesseract-OCR\tesseract.exe is not installed or it's not in your PATH. See README file for more information.
60643f2e835245dfa9b0c9c988abb748_jpg.rf.1297982d9f150f919b5f77afa820ae19.jpg,/kaggle/input/datasets/nagendra048/aadhar-dataset/train/images,Error: C:\Program Files\Tesseract-OCR\tesseract.exe is not installed or it's not in your PATH. See README file for more information.
dd73e0797834fecca12c450729c37fef_jpg.rf.44a5a0acad4039207994cc9f28162357.jpg,/kaggle/input/datasets/nagendra048/aadhar-dataset/train/images,Error: C:\Program Files\Tesseract-OCR\tesseract.exe is not installed or it's not in your PATH. See README file for more information.
adhar1_2366193f_jpg.rf.aee89b6da49f16d1a94c0b1a993f4fd5.jpg,/kaggle/input/datasets/nagendra048/aadhar-dataset/train/images,Error: C:\Program Files\Tesseract-OCR\tesseract.exe is not installed or it's not in your PATH. See README file for more information.
images_jpg.rf.25e065c85150bfcbf787a2aae8e5d0e9.jpg,/kaggle/input/datasets/nagendra048/aadhar-dataset/train/images,Error: C:\Program Files\Tesseract-OCR\tesseract.exe is not installed or it's not in your PATH. See README file for more information.
b4ec339af5996addce61a9c73b7162f3_jpg.rf.c5a04e5f7a22759e83325ff6832ca9d2.jpg,/kaggle/input/datasets/nagendra048/aadhar-dataset/train/images,Error: C:\Program Files\Tesseract-OCR\tesseract.exe is not installed or it's not in your PATH. See README file for more information.
78ebbaace416b45c0b552a5a3de7b1a7_jpg.rf.f1510cff63c63f11619a041885d3af6f.jpg,/kaggle/input/datasets/nagendra048/aadhar-dataset/train/images,Error: C:\Program Files\Tesseract-OCR\tesseract.exe is not installed or it's not in your PATH. See README file for more information.
25305fe9d4d92e3899f5fbcab86fb2c7-1-_jpg.rf.cdbded8e30e716e6a2196cb8a30a565e.jpg,/kaggle/input/datasets/nagendra048/aadhar-dataset/train/images,Error: C:\Program Files\Tesseract-OCR\tesseract.exe is not installed or it's not in your PATH. See README file for more information.
0521_adhar_jpg.rf.ea1dbcaf19ab44ee6540102a01787953.jpg,/kaggle/input/datasets/nagendra048/aadhar-dataset/train/images,Error: C:\Program Files\Tesseract-OCR\tesseract.exe is not installed or it's not in your PATH. See README file for more information.
D8E0Re_VsAEzhCg_jpg.rf.f11b9b30613aae9e7567f0d70e41c525.jpg,/kaggle/input/datasets/nagendra048/aadhar-dataset/train/images,Error: C:\Program Files\Tesseract-OCR\tesseract.exe is not installed or it's not in your PATH. See README file for more information.
EodP1JyUUAAQ_o2_jpg.rf.0205757a0d859c17288da1fc06d0cda8.jpg,/kaggle/input/datasets/nagendra048/aadhar-dataset/train/images,Error: C:\Program Files\Tesseract-OCR\tesseract.exe is not installed or it's not in your PATH. See README file for more information.
adhar1_2366193f_jpg.rf.3ae5f83cde77596ff4330bbec5fbb22e.jpg,/kaggle/input/datasets/nagendra048/aadhar-dataset/train/images,Error: C:\Program Files\Tesseract-OCR\tesseract.exe is not installed or it's not in your PATH. See README file for more information.
thumb_jpg.rf.71d36309d2627d87d84504e406c2e47c.jpg,/kaggle/input/datasets/nagendra048/aadhar-dataset/train/images,Error: C:\Program Files\Tesseract-OCR\tesseract.exe is not installed or it's not in your PATH. See README file for more information.
17e77ff746a7f6995dcbe80f0b107701_jpg.rf.5b7b770de1f44292b4f986bb729b86b0.jpg,/kaggle/input/datasets/nagendra048/aadhar-dataset/train/images,Error: C:\Program Files\Tesseract-OCR\tesseract.exe is not installed or it's not in your PATH. See README file for more information.
1_xMzwx1zuB5KlpNM53l2nfw_jpg.rf.3277075e38f90b9b1baad9d873050fdd.jpg,/kaggle/input/datasets/nagendra048/aadhar-dataset/train/images,Error: C:\Program Files\Tesseract-OCR\tesseract.exe is not installed or it's not in your PATH. See README file for more information.
116508899_159713039053118_8698401500526480570_n_jpg.rf.e16126763d3b85e9b3d82be5d5256c7c.jpg,/kaggle/input/datasets/nagendra048/aadhar-dataset/train/images,Error: C:\Program Files\Tesseract-OCR\tesseract.exe is not installed or it's not in your PATH. See README file for more information.
b9cc3312597d27a7d53152d949674eec_jpg.rf.80a24f34bf392e5ae58aa83d5a79d6dd.jpg,/kaggle/input/datasets/nagendra048/aadhar-dataset/train/images,Error: C:\Program Files\Tesseract-OCR\tesseract.exe is not installed or it's not in your PATH. See README file for more information.
maxresdefault-1_jpg.rf.8fd689922f2ee84e96869796c07c21e9.jpg,/kaggle/input/datasets/nagendra048/aadhar-dataset/train/images,Error: C:\Program Files\Tesseract-OCR\tesseract.exe is not installed or it's not in your PATH. See README file for more information.
a1e3125efaa4eebd8efc907ae48b69a1-2-_jpg.rf.83cec42fe2c08c7ed7ffe297a0ae24d7.jpg,/kaggle/input/datasets/nagendra048/aadhar-dataset/train/images,Error: C:\Program Files\Tesseract-OCR\tesseract.exe is not installed or it's not in your PATH. See README file for more information.
49fa3bcf36cda2851f2d12adc5f9f6db-1-_jpg.rf.27cd8607e3a4490e39a8b17fe0982595.jpg,/kaggle/input/datasets/nagendra048/aadhar-dataset/train/images,Error: C:\Program Files\Tesseract-OCR\tesseract.exe is not installed or it's not in your PATH. See README file for more information.
a1e3125efaa4eebd8efc907ae48b69a1_jpg.rf.61e9f246621854542c086bb6dfe70cd7.jpg,/kaggle/input/datasets/nagendra048/aadhar-dataset/train/images,Error: C:\Program Files\Tesseract-OCR\tesseract.exe is not installed or it's not in your PATH. See README file for more information.
c709629e7d00468f6c112daa8ca6c9e8_jpg.rf.cbe8ec2129c26fa2a5c10364d9b18fae.jpg,/kaggle/input/datasets/nagendra048/aadhar-dataset/train/images,Error: C:\Program Files\Tesseract-OCR\tesseract.exe is not installed or it's not in your PATH. See README file for more information.
c7d12dabedb1da10342b91dea665a917_jpg.rf.5ea89f73fb3acd01611f8f09451ca0b9.jpg,/kaggle/input/datasets/nagendra048/aadhar-dataset/train/images,Error: C:\Program Files\Tesseract-OCR\tesseract.exe is not installed or it's not in your PATH. See README file for more information.
EodP1JyUUAAQ_o2_jpg.rf.f227848851f43ff0193b3cba0b6d2a31.jpg,/kaggle/input/datasets/nagendra048/aadhar-dataset/train/images,Error: C:\Program Files\Tesseract-OCR\tesseract.exe is not installed or it's not in your PATH. See README file for more information.
images-1-_jpg.rf.6fb9b2a910a8c5581ecf8d26777fc536.jpg,/kaggle/input/datasets/nagendra048/aadhar-dataset/train/images,Error: C:\Program Files\Tesseract-OCR\tesseract.exe is not installed or it's not in your PATH. See README file for more information.
dd73e0797834fecca12c450729c37fef_jpg.rf.f05338322d7abd505bfadcc0f990e149.jpg,/kaggle/input/datasets/nagendra048/aadhar-dataset/train/images,Error: C:\Program Files\Tesseract-OCR\tesseract.exe is not installed or it's not in your PATH. See README file for more information.
Father_Aadhar_Card_of_Baby_Sanavi_Jehangir_Hospital_jpg.rf.0902194d4a6526c90cde9d51d0e052cf.jpg,/kaggle/input/datasets/nagendra048/aadhar-dataset/train/images,Error: C:\Program Files\Tesseract-OCR\tesseract.exe is not installed or it's not in your PATH. See README file for more information.
dd1b5eeb6239e3d97be96c4fa66a4eb7_jpg.rf.e09d5dda87ed78d9158178c38e7096be.jpg,/kaggle/input/datasets/nagendra048/aadhar-dataset/train/images,Error: C:\Program Files\Tesseract-OCR\tesseract.exe is not installed or it's not in your PATH. See README file for more information.
c69b7f40144bf1cd4051251754af93ed-1-_jpg.rf.497683ff5afbfb67c8f508ffa1dfa6cf.jpg,/kaggle/input/datasets/nagendra048/aadhar-dataset/train/images,Error: C:\Program Files\Tesseract-OCR\tesseract.exe is not installed or it's not in your PATH. See README file for more information.
product-500x500_jpg.rf.1a32d0e95ef4c9bc2a599a0a3121d54e.jpg,/kaggle/input/datasets/nagendra048/aadhar-dataset/train/images,Error: C:\Program Files\Tesseract-OCR\tesseract.exe is not installed or it's not in your PATH. See README file for more information.
f6644ae09eb9acfc6a71f01115f917f9_jpg.rf.4dd59ef130fc8214b16583fe56be8f9c.jpg,/kaggle/input/datasets/nagendra048/aadhar-dataset/train/images,Error: C:\Program Files\Tesseract-OCR\tesseract.exe is not installed or it's not in your PATH. See README file for more information.
c5cad996e165b070b99d2b76cdfb39dc_jpg.rf.cd7fd70afe9d0c552db4bd3f96b25f32.jpg,/kaggle/input/datasets/nagendra048/aadhar-dataset/train/images,Error: C:\Program Files\Tesseract-OCR\tesseract.exe is not installed or it's not in your PATH. See README file for more information.
60643f2e835245dfa9b0c9c988abb748_jpg.rf.4500ec59ae6b66039265a093a2125eae.jpg,/kaggle/input/datasets/nagendra048/aadhar-dataset/train/images,Error: C:\Program Files\Tesseract-OCR\tesseract.exe is not installed or it's not in your PATH. See README file for more information.
aa-Cover-k9ll0etrgjri1nlb9pgj8k12q2-20170526111344_jpg.rf.ce96fac5702d13e262afb6a6ea9b2b7e.jpg,/kaggle/input/datasets/nagendra048/aadhar-dataset/train/images,Error: C:\Program Files\Tesseract-OCR\tesseract.exe is not installed or it's not in your PATH. See README file for more information.
EodP1JyUUAAQ_o2_jpg.rf.c1b738b6b426cef7f7b208f1a77e9169.jpg,/kaggle/input/datasets/nagendra048/aadhar-dataset/train/images,Error: C:\Program Files\Tesseract-OCR\tesseract.exe is not installed or it's not in your PATH. See README file for more information.
DE8svj0U0AAEnrD_jpg.rf.08b9e88a22bd09e7af0ca3c1e4561120.jpg,/kaggle/input/datasets/nagendra048/aadhar-dataset/train/images,Error: C:\Program Files\Tesseract-OCR\tesseract.exe is not installed or it's not in your PATH. See README file for more information.
images-11-_jpg.rf.061c7d952fd55fa0282ab402a12ff79b.jpg,/kaggle/input/datasets/nagendra048/aadhar-dataset/train/images,Error: C:\Program Files\Tesseract-OCR\tesseract.exe is not installed or it's not in your PATH. See README file for more information.
10068_jpg.rf.d90537e0e356f7105439eb79e1bea939.jpg,/kaggle/input/datasets/nagendra048/aadhar-dataset/train/images,Error: C:\Program Files\Tesseract-OCR\tesseract.exe is not installed or it's not in your PATH. See README file for more information.
images-9-_jpg.rf.c80b75429b65d68ac270478512b029bd.jpg,/kaggle/input/datasets/nagendra048/aadhar-dataset/train/images,Error: C:\Program Files\Tesseract-OCR\tesseract.exe is not installed or it's not in your PATH. See README file for more information.
97d297f8384d0e9b857e3ebc0bd31dcd_jpg.rf.26118588df7265f48a84659e5be43156.jpg,/kaggle/input/datasets/nagendra048/aadhar-dataset/train/images,Error: C:\Program Files\Tesseract-OCR\tesseract.exe is not installed or it's not in your PATH. See README file for more information.
b4047be5f6a409a7ac20777d25d5a058_jpg.rf.9b80e38606f79d28e5764ba8b184349c.jpg,/kaggle/input/datasets/nagendra048/aadhar-dataset/train/images,Error: C:\Program Files\Tesseract-OCR\tesseract.exe is not installed or it's not in your PATH. See README file for more information.
images-10-_jpg.rf.d9ffa8eea8c309e423ae1be8b4358e00.jpg,/kaggle/input/datasets/nagendra048/aadhar-dataset/train/images,Error: C:\Program Files\Tesseract-OCR\tesseract.exe is not installed or it's not in your PATH. See README file for more information.
ershad-adhar-centre-dinajpur-aadhaar-card-agents-gqwff0s4do_jpg.rf.7a4ed9ee74fffc9cd6a64b4bb3f2f74d.jpg,/kaggle/input/datasets/nagendra048/aadhar-dataset/train/images,Error: C:\Program Files\Tesseract-OCR\tesseract.exe is not installed or it's not in your PATH. See README file for more information.
images-11-_jpg.rf.7abb81038a00ce4dea9519c5e48ca4a7.jpg,/kaggle/input/datasets/nagendra048/aadhar-dataset/train/images,Error: C:\Program Files\Tesseract-OCR\tesseract.exe is not installed or it's not in your PATH. See README file for more information.
9ccffeac84c5b19e14bab96b9177b18b_jpg.rf.d6facfb1eeabd666d95b0611ea422d4a.jpg,/kaggle/input/datasets/nagendra048/aadhar-dataset/train/images,Error: C:\Program Files\Tesseract-OCR\tesseract.exe is not installed or it's not in your PATH. See README file for more information.
download_jpg.rf.9984fe3aed4fe25d407472bdac602251.jpg,/kaggle/input/datasets/nagendra048/aadhar-dataset/train/images,Error: C:\Program Files\Tesseract-OCR\tesseract.exe is not installed or it's not in your PATH. See README file for more information.
images-4-_jpg.rf.3cd5473da17052aa4c80ff1b920ac6f9.jpg,/kaggle/input/datasets/nagendra048/aadhar-dataset/train/images,Error: C:\Program Files\Tesseract-OCR\tesseract.exe is not installed or it's not in your PATH. See README file for more information.
06_01_2022_03_15_22_png_jpg.rf.6116b26a88a9667e365693bed0daec59.jpg,/kaggle/input/datasets/nagendra048/aadhar-dataset/train/images,Error: C:\Program Files\Tesseract-OCR\tesseract.exe is not installed or it's not in your PATH. See README file for more information.
60643f2e835245dfa9b0c9c988abb748_jpg.rf.fcffc69b4fef91c0e616cfecff837249.jpg,/kaggle/input/datasets/nagendra048/aadhar-dataset/train/images,Error: C:\Program Files\Tesseract-OCR\tesseract.exe is not installed or it's not in your PATH. See README file for more information.
8c7dab60c3bdf9f210aaaca1a87c78de_jpg.rf.f98a74b96166d51b48fba91fbfbfeeba.jpg,/kaggle/input/datasets/nagendra048/aadhar-dataset/train/images,Error: C:\Program Files\Tesseract-OCR\tesseract.exe is not installed or it's not in your PATH. See README file for more information.
58a8a1d7cf82feffbc75786afbe700ad_jpg.rf.362f17c261b8fe740be11dd0f30a2c7f.jpg,/kaggle/input/datasets/nagendra048/aadhar-dataset/train/images,Error: C:\Program Files\Tesseract-OCR\tesseract.exe is not installed or it's not in your PATH. See README file for more information.
116508899_159713039053118_8698401500526480570_n_jpg.rf.fa6f7e3d4d9d02b8a6d525c41bb213b6.jpg,/kaggle/input/datasets/nagendra048/aadhar-dataset/train/images,Error: C:\Program Files\Tesseract-OCR\tesseract.exe is not installed or it's not in your PATH. See README file for more information.
amb-022_1636178548_jpg.rf.20892c0ab415a64608cc18f2c5011353.jpg,/kaggle/input/datasets/nagendra048/aadhar-dataset/train/images,Error: C:\Program Files\Tesseract-OCR\tesseract.exe is not installed or it's not in your PATH. See README file for more information.
c69b7f40144bf1cd4051251754af93ed_jpg.rf.ffce37b214cb256fb5e4d8c914e68aa0.jpg,/kaggle/input/datasets/nagendra048/aadhar-dataset/train/images,Error: C:\Program Files\Tesseract-OCR\tesseract.exe is not installed or it's not in your PATH. See README file for more information.
06a0686f91bed47d1f4873e4d104442c_jpg.rf.bf9506e5890422e536a4235073efc0cd.jpg,/kaggle/input/datasets/nagendra048/aadhar-dataset/train/images,Error: C:\Program Files\Tesseract-OCR\tesseract.exe is not installed or it's not in your PATH. See README file for more information.
9ccffeac84c5b19e14bab96b9177b18b_jpg.rf.993c7b21886d55d0d6c55fd928de8945.jpg,/kaggle/input/datasets/nagendra048/aadhar-dataset/train/images,Error: C:\Program Files\Tesseract-OCR\tesseract.exe is not installed or it's not in your PATH. See README file for more information.
e383ea165dd6f41b69ef72df10c4c473-1-_jpg.rf.b6295ac0d5d38e8c0b10acd12a48a166.jpg,/kaggle/input/datasets/nagendra048/aadhar-dataset/train/images,Error: C:\Program Files\Tesseract-OCR\tesseract.exe is not installed or it's not in your PATH. See README file for more information.
58a8a1d7cf82feffbc75786afbe700ad_jpg.rf.c7e6495c6661f88dbd04a789ee4fdee6.jpg,/kaggle/input/datasets/nagendra048/aadhar-dataset/train/images,Error: C:\Program Files\Tesseract-OCR\tesseract.exe is not installed or it's not in your PATH. See README file for more information.
ac313c63f18e91c513128fa97bce32d6_jpg.rf.1eaaeece87b4cfb1a351e4ea959d17f6.jpg,/kaggle/input/datasets/nagendra048/aadhar-dataset/train/images,Error: C:\Program Files\Tesseract-OCR\tesseract.exe is not installed or it's not in your PATH. See README file for more information.
15702284b04c27864e819ad89483b80d_jpg.rf.45e17421894c2f2c20f114448319986e.jpg,/kaggle/input/datasets/nagendra048/aadhar-dataset/train/images,Error: C:\Program Files\Tesseract-OCR\tesseract.exe is not installed or it's not in your PATH. See README file for more information.
766ad22cd5a05c1a9d21c658bb1e925c_jpg.rf.6da5ffc474888caebf3c607c91a9f591.jpg,/kaggle/input/datasets/nagendra048/aadhar-dataset/train/images,Error: C:\Program Files\Tesseract-OCR\tesseract.exe is not installed or it's not in your PATH. See README file for more information.
ffa5e80e5c547686632c7bc9746fee87_jpg.rf.c7665d986cb7484daa2416cba29cf24a.jpg,/kaggle/input/datasets/nagendra048/aadhar-dataset/train/images,Error: C:\Program Files\Tesseract-OCR\tesseract.exe is not installed or it's not in your PATH. See README file for more information.
dd73e0797834fecca12c450729c37fef_jpg.rf.1910235f1929a9bf2fe2198da8fb4133.jpg,/kaggle/input/datasets/nagendra048/aadhar-dataset/train/images,Error: C:\Program Files\Tesseract-OCR\tesseract.exe is not installed or it's not in your PATH. See README file for more information.
1c89969c27b6f7ea57d47a74f579b5cc-1-_jpg.rf.8f4383082aab998379bdf480adff728a.jpg,/kaggle/input/datasets/nagendra048/aadhar-dataset/train/images,Error: C:\Program Files\Tesseract-OCR\tesseract.exe is not installed or it's not in your PATH. See README file for more information.
c5cad996e165b070b99d2b76cdfb39dc_jpg.rf.10c71df3ce91905be7f8f58bc20a415c.jpg,/kaggle/input/datasets/nagendra048/aadhar-dataset/train/images,Error: C:\Program Files\Tesseract-OCR\tesseract.exe is not installed or it's not in your PATH. See README file for more information.
images-12-_jpg.rf.7144050fb52a26feadf8992c6cc96e36.jpg,/kaggle/input/datasets/nagendra048/aadhar-dataset/train/images,Error: C:\Program Files\Tesseract-OCR\tesseract.exe is not installed or it's not in your PATH. See README file for more information.
c06a8a5d5214f4545a91b5c35eb7aa43_jpg.rf.81e1550cee78c53df7028143be5da626.jpg,/kaggle/input/datasets/nagendra048/aadhar-dataset/train/images,Error: C:\Program Files\Tesseract-OCR\tesseract.exe is not installed or it's not in your PATH. See README file for more information.
0e0a5204f238d9c743ae456a8dc6529a_jpg.rf.cba566eca1fe9c99c14b590341e156ec.jpg,/kaggle/input/datasets/nagendra048/aadhar-dataset/train/images,Error: C:\Program Files\Tesseract-OCR\tesseract.exe is not installed or it's not in your PATH. See README file for more information.
images_jpg.rf.6ec959928c55f589828b618880844d9b.jpg,/kaggle/input/datasets/nagendra048/aadhar-dataset/train/images,Error: C:\Program Files\Tesseract-OCR\tesseract.exe is not installed or it's not in your PATH. See README file for more information.
CvwkVIoUsAAXA2M_jpg.rf.947853b3f4c43f4eae4c34cebe29faef.jpg,/kaggle/input/datasets/nagendra048/aadhar-dataset/train/images,Error: C:\Program Files\Tesseract-OCR\tesseract.exe is not installed or it's not in your PATH. See README file for more information.
94fc829f3e5abeea915fd790fba1ca4f_jpg.rf.ecad2e43abfb9918dbf5d85d3067d4f6.jpg,/kaggle/input/datasets/nagendra048/aadhar-dataset/train/images,Error: C:\Program Files\Tesseract-OCR\tesseract.exe is not installed or it's not in your PATH. See README file for more information.
images-2-_jpg.rf.f97fd7139fee9f895bd8ce564debf562.jpg,/kaggle/input/datasets/nagendra048/aadhar-dataset/train/images,Error: C:\Program Files\Tesseract-OCR\tesseract.exe is not installed or it's not in your PATH. See README file for more information.
a1e3125efaa4eebd8efc907ae48b69a1-2-_jpg.rf.f6d2a32d9e324f2b0b8d4434704723cb.jpg,/kaggle/input/datasets/nagendra048/aadhar-dataset/train/images,Error: C:\Program Files\Tesseract-OCR\tesseract.exe is not installed or it's not in your PATH. See README file for more information.
ershad-adhar-centre-dinajpur-aadhaar-card-agents-gqwff0s4do_jpg.rf.213524a7ea516eae95afb4d0674d9518.jpg,/kaggle/input/datasets/nagendra048/aadhar-dataset/train/images,Error: C:\Program Files\Tesseract-OCR\tesseract.exe is not installed or it's not in your PATH. See README file for more information.
img_1628671278092_474_jpg.rf.912cdfff0876e4744866a5912dfc33e4.jpg,/kaggle/input/datasets/nagendra048/aadhar-dataset/train/images,Error: C:\Program Files\Tesseract-OCR\tesseract.exe is not installed or it's not in your PATH. See README file for more information.
images-16-_jpg.rf.69c43c62b305d3fa1b0d6f26d27c25ae.jpg,/kaggle/input/datasets/nagendra048/aadhar-dataset/train/images,Error: C:\Program Files\Tesseract-OCR\tesseract.exe is not installed or it's not in your PATH. See README file for more information.
EL-ezv8UEAMzzu4_jpg.rf.4174a527be08db27e71a162892f5f0c3.jpg,/kaggle/input/datasets/nagendra048/aadhar-dataset/train/images,Error: C:\Program Files\Tesseract-OCR\tesseract.exe is not installed or it's not in your PATH. See README file for more information.
60643f2e835245dfa9b0c9c988abb748_jpg.rf.ee2b06b62f9cc910b47d319f4e1ab110.jpg,/kaggle/input/datasets/nagendra048/aadhar-dataset/train/images,Error: C:\Program Files\Tesseract-OCR\tesseract.exe is not installed or it's not in your PATH. See README file for more information.
6b6ad42e38094e11a2260c2694582da5_jpg.rf.0e79a2f86c0ac8f7154fca8b268967bb.jpg,/kaggle/input/datasets/nagendra048/aadhar-dataset/train/images,Error: C:\Program Files\Tesseract-OCR\tesseract.exe is not installed or it's not in your PATH. See README file for more information.
3564191365d6dd7bff705c3252860029_jpg.rf.f631c504d92a93f08a27a0ca0724358a.jpg,/kaggle/input/datasets/nagendra048/aadhar-dataset/train/images,Error: C:\Program Files\Tesseract-OCR\tesseract.exe is not installed or it's not in your PATH. See README file for more information.
2b923b9c9b526e45022e18d0493946ba-1-_jpg.rf.683115a05e13987e0554a3c2b81db147.jpg,/kaggle/input/datasets/nagendra048/aadhar-dataset/train/images,Error: C:\Program Files\Tesseract-OCR\tesseract.exe is not installed or it's not in your PATH. See README file for more information.
10046_jpg.rf.76c1bd68cf0f9a41a49c866e3c898db7.jpg,/kaggle/input/datasets/nagendra048/aadhar-dataset/train/images,Error: C:\Program Files\Tesseract-OCR\tesseract.exe is not installed or it's not in your PATH. See README file for more information.
17e77ff746a7f6995dcbe80f0b107701_jpg.rf.fd2ef2442fd910ba861127584dac9e21.jpg,/kaggle/input/datasets/nagendra048/aadhar-dataset/train/images,Error: C:\Program Files\Tesseract-OCR\tesseract.exe is not installed or it's not in your PATH. See README file for more information.
EL-ezv8UEAMzzu4_jpg.rf.a69ddb16f13883b34569f1a5480c5539.jpg,/kaggle/input/datasets/nagendra048/aadhar-dataset/train/images,Error: C:\Program Files\Tesseract-OCR\tesseract.exe is not installed or it's not in your PATH. See README file for more information.
0e0a5204f238d9c743ae456a8dc6529a_jpg.rf.ca4a384955a70f55dc3443edf3d2550c.jpg,/kaggle/input/datasets/nagendra048/aadhar-dataset/train/images,Error: C:\Program Files\Tesseract-OCR\tesseract.exe is not installed or it's not in your PATH. See README file for more information.
102_509409293_jpg.rf.74c4eeb4d79eae78e6e1fab35b098708.jpg,/kaggle/input/datasets/nagendra048/aadhar-dataset/train/images,Error: C:\Program Files\Tesseract-OCR\tesseract.exe is not installed or it's not in your PATH. See README file for more information.
c9c6e3b130e3aed890884c240195ec9d_jpg.rf.0457bae31d52d67d32eb988bd561110c.jpg,/kaggle/input/datasets/nagendra048/aadhar-dataset/train/images,Error: C:\Program Files\Tesseract-OCR\tesseract.exe is not installed or it's not in your PATH. See README file for more information.
b9cc3312597d27a7d53152d949674eec_jpg.rf.62110f098dce02c98c941dfd04b4ea04.jpg,/kaggle/input/datasets/nagendra048/aadhar-dataset/train/images,Error: C:\Program Files\Tesseract-OCR\tesseract.exe is not installed or it's not in your PATH. See README file for more information.
94eb12c96f2d79889f4856eb47ae25a4_jpg.rf.b14774f82ebed55118922b3c010057da.jpg,/kaggle/input/datasets/nagendra048/aadhar-dataset/train/images,Error: C:\Program Files\Tesseract-OCR\tesseract.exe is not installed or it's not in your PATH. See README file for more information.
80-Adding-Aadhar-Card-Template-Download-in-Photoshop-with-Aadhar-Card-Template-Download_jpg.rf.e1c31a2eac8f35aa11ec56cd9277dec3.jpg,/kaggle/input/datasets/nagendra048/aadhar-dataset/train/images,Error: C:\Program Files\Tesseract-OCR\tesseract.exe is not installed or it's not in your PATH. See README file for more information.
adhar_card_6402313_835x547-m_jpg.rf.bf84020d5729bcc2a17e4215fc48a4d6.jpg,/kaggle/input/datasets/nagendra048/aadhar-dataset/train/images,Error: C:\Program Files\Tesseract-OCR\tesseract.exe is not installed or it's not in your PATH. See README file for more information.
26e69450edbd8716ee253bd7ec9b7607_jpg.rf.b26ca3dfcd061f12f99834bcc6fd524a.jpg,/kaggle/input/datasets/nagendra048/aadhar-dataset/train/images,Error: C:\Program Files\Tesseract-OCR\tesseract.exe is not installed or it's not in your PATH. See README file for more information.
e46c99152bf3cfd347cc7ba27eb6ecd2_jpg.rf.f9e2c50caf90fd7d48152f8f18ffc94a.jpg,/kaggle/input/datasets/nagendra048/aadhar-dataset/train/images,Error: C:\Program Files\Tesseract-OCR\tesseract.exe is not installed or it's not in your PATH. See README file for more information.
images-15-_jpg.rf.20118f1f816a110d47cdb1a6fdac40eb.jpg,/kaggle/input/datasets/nagendra048/aadhar-dataset/train/images,Error: C:\Program Files\Tesseract-OCR\tesseract.exe is not installed or it's not in your PATH. See README file for more information.
8455878ee3f6d5bf35580169888b3fb6_jpg.rf.89e4847566680ec0be7c9b982511d1d9.jpg,/kaggle/input/datasets/nagendra048/aadhar-dataset/train/images,Error: C:\Program Files\Tesseract-OCR\tesseract.exe is not installed or it's not in your PATH. See README file for more information.
94eb12c96f2d79889f4856eb47ae25a4_jpg.rf.6d91cd8a37b15a5f59d3434b4dca9a2f.jpg,/kaggle/input/datasets/nagendra048/aadhar-dataset/train/images,Error: C:\Program Files\Tesseract-OCR\tesseract.exe is not installed or it's not in your PATH. See README file for more information.
c69b7f40144bf1cd4051251754af93ed_jpg.rf.d17b218c2cc740b1f68735c8e64a0131.jpg,/kaggle/input/datasets/nagendra048/aadhar-dataset/train/images,Error: C:\Program Files\Tesseract-OCR\tesseract.exe is not installed or it's not in your PATH. See README file for more information.
25305fe9d4d92e3899f5fbcab86fb2c7-1-_jpg.rf.dcd80d373d0bbf3cfbed15e52cbbf67d.jpg,/kaggle/input/datasets/nagendra048/aadhar-dataset/train/images,Error: C:\Program Files\Tesseract-OCR\tesseract.exe is not installed or it's not in your PATH. See README file for more information.
unnamed_jpg.rf.098d0399eb31ae93e10c440d7340c309.jpg,/kaggle/input/datasets/nagendra048/aadhar-dataset/train/images,Error: C:\Program Files\Tesseract-OCR\tesseract.exe is not installed or it's not in your PATH. See README file for more information.
94fc829f3e5abeea915fd790fba1ca4f_jpg.rf.98d9b9ae510c8e6d18648727733864ec.jpg,/kaggle/input/datasets/nagendra048/aadhar-dataset/train/images,Error: C:\Program Files\Tesseract-OCR\tesseract.exe is not installed or it's not in your PATH. See README file for more information.
19b620ad00aeb2885f0f0a1ccb337919_jpg.rf.8e97f71ff94879f0ff5cf3015fdd61eb.jpg,/kaggle/input/datasets/nagendra048/aadhar-dataset/train/images,Error: C:\Program Files\Tesseract-OCR\tesseract.exe is not installed or it's not in your PATH. See README file for more information.
EL-ezv8UEAMzzu4_jpg.rf.76114b3d2b0e0794916c5df70d4feab8.jpg,/kaggle/input/datasets/nagendra048/aadhar-dataset/train/images,Error: C:\Program Files\Tesseract-OCR\tesseract.exe is not installed or it's not in your PATH. See README file for more information.
49fa3bcf36cda2851f2d12adc5f9f6db-2-_jpg.rf.651983fccc99ef6c57ae9e0b77068a52.jpg,/kaggle/input/datasets/nagendra048/aadhar-dataset/train/images,Error: C:\Program Files\Tesseract-OCR\tesseract.exe is not installed or it's not in your PATH. See README file for more information.
unnamed_jpg.rf.4ab7099c12f0591c508919fdf6c9ef36.jpg,/kaggle/input/datasets/nagendra048/aadhar-dataset/train/images,Error: C:\Program Files\Tesseract-OCR\tesseract.exe is not installed or it's not in your PATH. See README file for more information.
0c0584201ff552c4bdcbe160315aa432_jpg.rf.96da227a111410ee00fc2f6ef73ba432.jpg,/kaggle/input/datasets/nagendra048/aadhar-dataset/train/images,Error: C:\Program Files\Tesseract-OCR\tesseract.exe is not installed or it's not in your PATH. See README file for more information.
06a0686f91bed47d1f4873e4d104442c_jpg.rf.bd1a202b4dc43f714b8f3c706fde6ff9.jpg,/kaggle/input/datasets/nagendra048/aadhar-dataset/train/images,Error: C:\Program Files\Tesseract-OCR\tesseract.exe is not installed or it's not in your PATH. See README file for more information.
efbefce86a6ebb47ef70edd9f85d5324_jpg.rf.f138d81e9b4691228d7f220ddae8188d.jpg,/kaggle/input/datasets/nagendra048/aadhar-dataset/train/images,Error: C:\Program Files\Tesseract-OCR\tesseract.exe is not installed or it's not in your PATH. See README file for more information.
c86a0da801ae2e586164e814b43de3c9_jpg.rf.66e326e395923944c273e3480f961537.jpg,/kaggle/input/datasets/nagendra048/aadhar-dataset/train/images,Error: C:\Program Files\Tesseract-OCR\tesseract.exe is not installed or it's not in your PATH. See README file for more information.
banner_jpg.rf.d73ae0252551e96b1cac97f1b783da27.jpg,/kaggle/input/datasets/nagendra048/aadhar-dataset/train/images,Error: C:\Program Files\Tesseract-OCR\tesseract.exe is not installed or it's not in your PATH. See README file for more information.
71697128_jpg.rf.b629d200c2d304c02ae495e33d6eced9.jpg,/kaggle/input/datasets/nagendra048/aadhar-dataset/train/images,Error: C:\Program Files\Tesseract-OCR\tesseract.exe is not installed or it's not in your PATH. See README file for more information.
60643f2e835245dfa9b0c9c988abb748_jpg.rf.980f0596050ed7111ab246835be6813e.jpg,/kaggle/input/datasets/nagendra048/aadhar-dataset/train/images,Error: C:\Program Files\Tesseract-OCR\tesseract.exe is not installed or it's not in your PATH. See README file for more information.
e383ea165dd6f41b69ef72df10c4c473-1-_jpg.rf.d4dd2325bc8adf7996b299cdc0735e09.jpg,/kaggle/input/datasets/nagendra048/aadhar-dataset/train/images,Error: C:\Program Files\Tesseract-OCR\tesseract.exe is not installed or it's not in your PATH. See README file for more information.
0d4c873ace54e82fb49c451a9bdc6d24_jpg.rf.170fa392bf58e33d16c9dbd4e0fcec85.jpg,/kaggle/input/datasets/nagendra048/aadhar-dataset/train/images,Error: C:\Program Files\Tesseract-OCR\tesseract.exe is not installed or it's not in your PATH. See README file for more information.
pvc_adhar-card-600x600_jpg.rf.7ff9193e55ee1585a651c2737e9c8ffb.jpg,/kaggle/input/datasets/nagendra048/aadhar-dataset/train/images,Error: C:\Program Files\Tesseract-OCR\tesseract.exe is not installed or it's not in your PATH. See README file for more information.
Father_Aadhar_Card_of_Baby_Sanavi_Jehangir_Hospital_jpg.rf.98202d8ee3a89f4568496a83c91ae3d2.jpg,/kaggle/input/datasets/nagendra048/aadhar-dataset/train/images,Error: C:\Program Files\Tesseract-OCR\tesseract.exe is not installed or it's not in your PATH. See README file for more information.
ac6c7da416cbf07230d588741cbb2d99_jpg.rf.49822babbf6ab40be7b0eff2846e9b6e.jpg,/kaggle/input/datasets/nagendra048/aadhar-dataset/train/images,Error: C:\Program Files\Tesseract-OCR\tesseract.exe is not installed or it's not in your PATH. See README file for more information.
6b6ad42e38094e11a2260c2694582da5_jpg.rf.3cfe1bdc196843afbcb5bee55e7fbc88.jpg,/kaggle/input/datasets/nagendra048/aadhar-dataset/train/images,Error: C:\Program Files\Tesseract-OCR\tesseract.exe is not installed or it's not in your PATH. See README file for more information.
82a73cb534ca5805e7136e48059e7000_jpg.rf.4d95b46472b2a092e01699676993000e.jpg,/kaggle/input/datasets/nagendra048/aadhar-dataset/train/images,Error: C:\Program Files\Tesseract-OCR\tesseract.exe is not installed or it's not in your PATH. See README file for more information.
46804894d63fe5b3fea2582cfa7657c7-2-_jpg.rf.6b1ecfa9612f4dd7787bebc0c47e04b1.jpg,/kaggle/input/datasets/nagendra048/aadhar-dataset/train/images,Error: C:\Program Files\Tesseract-OCR\tesseract.exe is not installed or it's not in your PATH. See README file for more information.
766ad22cd5a05c1a9d21c658bb1e925c_jpg.rf.32ba84bf6632dbb156e4d33cb7960cfa.jpg,/kaggle/input/datasets/nagendra048/aadhar-dataset/train/images,Error: C:\Program Files\Tesseract-OCR\tesseract.exe is not installed or it's not in your PATH. See README file for more information.
49fa3bcf36cda2851f2d12adc5f9f6db-1-_jpg.rf.6d808861ceaf8fa375d440edae734d2e.jpg,/kaggle/input/datasets/nagendra048/aadhar-dataset/train/images,Error: C:\Program Files\Tesseract-OCR\tesseract.exe is not installed or it's not in your PATH. See README file for more information.
photos-11111778-16310969735991632_jpg.rf.385a02ac294cc96568f1c7258aaa9b7c.jpg,/kaggle/input/datasets/nagendra048/aadhar-dataset/train/images,Error: C:\Program Files\Tesseract-OCR\tesseract.exe is not installed or it's not in your PATH. See README file for more information.
46804894d63fe5b3fea2582cfa7657c7-2-_jpg.rf.763dec7b69428eec90b5611f035f387f.jpg,/kaggle/input/datasets/nagendra048/aadhar-dataset/train/images,Error: C:\Program Files\Tesseract-OCR\tesseract.exe is not installed or it's not in your PATH. See README file for more information.
banner_jpg.rf.d165b2a4dcc10601a99cc4b5daddc9c3.jpg,/kaggle/input/datasets/nagendra048/aadhar-dataset/train/images,Error: C:\Program Files\Tesseract-OCR\tesseract.exe is not installed or it's not in your PATH. See README file for more information.
DE8svj0U0AAEnrD_jpg.rf.bcd0ec2aa73daacb1ed546ca0af7142c.jpg,/kaggle/input/datasets/nagendra048/aadhar-dataset/train/images,Error: C:\Program Files\Tesseract-OCR\tesseract.exe is not installed or it's not in your PATH. See README file for more information.
c5cad996e165b070b99d2b76cdfb39dc_jpg.rf.4ded1e16e856a5daecd472098d24acce.jpg,/kaggle/input/datasets/nagendra048/aadhar-dataset/train/images,Error: C:\Program Files\Tesseract-OCR\tesseract.exe is not installed or it's not in your PATH. See README file for more information.
images-9-_jpg.rf.a9a930376baeb14e91633b47c4fe9a47.jpg,/kaggle/input/datasets/nagendra048/aadhar-dataset/train/images,Error: C:\Program Files\Tesseract-OCR\tesseract.exe is not installed or it's not in your PATH. See README file for more information.
ffa5e80e5c547686632c7bc9746fee87_jpg.rf.d8db62192e87d4e14bdff69c6f9df665.jpg,/kaggle/input/datasets/nagendra048/aadhar-dataset/train/images,Error: C:\Program Files\Tesseract-OCR\tesseract.exe is not installed or it's not in your PATH. See README file for more information.
10163_jpg.rf.4598c719814d6ed76fcf83b40a022158.jpg,/kaggle/input/datasets/nagendra048/aadhar-dataset/train/images,Error: C:\Program Files\Tesseract-OCR\tesseract.exe is not installed or it's not in your PATH. See README file for more information.
banner_jpg.rf.fca2ae57f916de6a20c619250e04fa42.jpg,/kaggle/input/datasets/nagendra048/aadhar-dataset/train/images,Error: C:\Program Files\Tesseract-OCR\tesseract.exe is not installed or it's not in your PATH. See README file for more information.
adhar1_2366193f_jpg.rf.8ec06895b7940b731f8e6942c5dfa13e.jpg,/kaggle/input/datasets/nagendra048/aadhar-dataset/train/images,Error: C:\Program Files\Tesseract-OCR\tesseract.exe is not installed or it's not in your PATH. See README file for more information.
amb-022_1636178548_jpg.rf.a6d90d6b8453322e9d363475d8d2020e.jpg,/kaggle/input/datasets/nagendra048/aadhar-dataset/train/images,Error: C:\Program Files\Tesseract-OCR\tesseract.exe is not installed or it's not in your PATH. See README file for more information.
25305fe9d4d92e3899f5fbcab86fb2c7-1-_jpg.rf.9c946862948a51cc6287043ad3721c13.jpg,/kaggle/input/datasets/nagendra048/aadhar-dataset/train/images,Error: C:\Program Files\Tesseract-OCR\tesseract.exe is not installed or it's not in your PATH. See README file for more information.
1b26b406ad9485c98cd496bc371db57f_jpg.rf.3d102ef58cf231aa0264f696730f86a5.jpg,/kaggle/input/datasets/nagendra048/aadhar-dataset/train/images,Error: C:\Program Files\Tesseract-OCR\tesseract.exe is not installed or it's not in your PATH. See README file for more information.
10065_jpg.rf.296cdeb4c61e3f4dfbe3912befc9e73e.jpg,/kaggle/input/datasets/nagendra048/aadhar-dataset/train/images,Error: C:\Program Files\Tesseract-OCR\tesseract.exe is not installed or it's not in your PATH. See README file for more information.
c5bc89c6e9cede0ff4d07085c5ce2488_jpg.rf.bf9ddbcaa2417de0eae61ac62248a919.jpg,/kaggle/input/datasets/nagendra048/aadhar-dataset/train/images,Error: C:\Program Files\Tesseract-OCR\tesseract.exe is not installed or it's not in your PATH. See README file for more information.
adhar_card_6402313_835x547-m_jpg.rf.b4250a06e9d9a137ac8d1235424ab5cb.jpg,/kaggle/input/datasets/nagendra048/aadhar-dataset/train/images,Error: C:\Program Files\Tesseract-OCR\tesseract.exe is not installed or it's not in your PATH. See README file for more information.
c7d12dabedb1da10342b91dea665a917-1-_jpg.rf.d58baee57e4863b738b83265eaaca948.jpg,/kaggle/input/datasets/nagendra048/aadhar-dataset/train/images,Error: C:\Program Files\Tesseract-OCR\tesseract.exe is not installed or it's not in your PATH. See README file for more information.
images-12-_jpg.rf.ad959a89fb1d472684688bb44a7b52a1.jpg,/kaggle/input/datasets/nagendra048/aadhar-dataset/train/images,Error: C:\Program Files\Tesseract-OCR\tesseract.exe is not installed or it's not in your PATH. See README file for more information.
1c89969c27b6f7ea57d47a74f579b5cc-2-_jpg.rf.f94419acb2c183d8b1aa3358dc698da6.jpg,/kaggle/input/datasets/nagendra048/aadhar-dataset/train/images,Error: C:\Program Files\Tesseract-OCR\tesseract.exe is not installed or it's not in your PATH. See README file for more information.
b9cc3312597d27a7d53152d949674eec_jpg.rf.fc4f4b749bf20f0770083ea146ebc4e7.jpg,/kaggle/input/datasets/nagendra048/aadhar-dataset/train/images,Error: C:\Program Files\Tesseract-OCR\tesseract.exe is not installed or it's not in your PATH. See README file for more information.
6cc303eb6be78797fd871ec8cad3a65d_jpg.rf.832a39eefaaad3d368d6fa54788bcff2.jpg,/kaggle/input/datasets/nagendra048/aadhar-dataset/train/images,Error: C:\Program Files\Tesseract-OCR\tesseract.exe is not installed or it's not in your PATH. See README file for more information.
cfd6db78024aa90c6166e6873945fa56_jpg.rf.21dfff5ddb7a727dcac09ebdf979926e.jpg,/kaggle/input/datasets/nagendra048/aadhar-dataset/train/images,Error: C:\Program Files\Tesseract-OCR\tesseract.exe is not installed or it's not in your PATH. See README file for more information.
25305fe9d4d92e3899f5fbcab86fb2c7-1-_jpg.rf.c210d2a73d27d18a1cee0dd035ee0fd2.jpg,/kaggle/input/datasets/nagendra048/aadhar-dataset/train/images,Error: C:\Program Files\Tesseract-OCR\tesseract.exe is not installed or it's not in your PATH. See README file for more information.
unnamed_jpg.rf.bf8f1fcb4ef4ff5f73e04977ce0125b2.jpg,/kaggle/input/datasets/nagendra048/aadhar-dataset/train/images,Error: C:\Program Files\Tesseract-OCR\tesseract.exe is not installed or it's not in your PATH. See README file for more information.
8455878ee3f6d5bf35580169888b3fb6_jpg.rf.30d6636497942bdbfabe7dcf1843cfab.jpg,/kaggle/input/datasets/nagendra048/aadhar-dataset/train/images,Error: C:\Program Files\Tesseract-OCR\tesseract.exe is not installed or it's not in your PATH. See README file for more information.
1c89969c27b6f7ea57d47a74f579b5cc-2-_jpg.rf.228d85de281453e44f4443fd2f7799f2.jpg,/kaggle/input/datasets/nagendra048/aadhar-dataset/train/images,Error: C:\Program Files\Tesseract-OCR\tesseract.exe is not installed or it's not in your PATH. See README file for more information.
images-11-_jpg.rf.a825f4d3e9d602ef116136cce2453cc6.jpg,/kaggle/input/datasets/nagendra048/aadhar-dataset/train/images,Error: C:\Program Files\Tesseract-OCR\tesseract.exe is not installed or it's not in your PATH. See README file for more information.
0d4c873ace54e82fb49c451a9bdc6d24_jpg.rf.ddd70e063b1aaabdef2529eb29c8a25f.jpg,/kaggle/input/datasets/nagendra048/aadhar-dataset/train/images,Error: C:\Program Files\Tesseract-OCR\tesseract.exe is not installed or it's not in your PATH. See README file for more information.
06a0686f91bed47d1f4873e4d104442c_jpg.rf.4840287fed947db8d67e97dc64750e88.jpg,/kaggle/input/datasets/nagendra048/aadhar-dataset/train/images,Error: C:\Program Files\Tesseract-OCR\tesseract.exe is not installed or it's not in your PATH. See README file for more information.
dd1b5eeb6239e3d97be96c4fa66a4eb7_jpg.rf.565e0fdea7cd4410c3963f5f75d4c3c4.jpg,/kaggle/input/datasets/nagendra048/aadhar-dataset/train/images,Error: C:\Program Files\Tesseract-OCR\tesseract.exe is not installed or it's not in your PATH. See README file for more information.
c5bc89c6e9cede0ff4d07085c5ce2488_jpg.rf.b16a56038d4c6cdf0b168b385bd605ee.jpg,/kaggle/input/datasets/nagendra048/aadhar-dataset/train/images,Error: C:\Program Files\Tesseract-OCR\tesseract.exe is not installed or it's not in your PATH. See README file for more information.
2bfd2f150b31581bac34445b5c49dd26_jpg.rf.ea891e005a20df8d97699144c6a12e00.jpg,/kaggle/input/datasets/nagendra048/aadhar-dataset/train/images,Error: C:\Program Files\Tesseract-OCR\tesseract.exe is not installed or it's not in your PATH. See README file for more information.
116508899_159713039053118_8698401500526480570_n_jpg.rf.ac35e8820afc9a497cb1e4caf1faa628.jpg,/kaggle/input/datasets/nagendra048/aadhar-dataset/train/images,Error: C:\Program Files\Tesseract-OCR\tesseract.exe is not installed or it's not in your PATH. See README file for more information.
46804894d63fe5b3fea2582cfa7657c7-1-_jpg.rf.66f949e8f0d2dc36710affff311bc916.jpg,/kaggle/input/datasets/nagendra048/aadhar-dataset/train/images,Error: C:\Program Files\Tesseract-OCR\tesseract.exe is not installed or it's not in your PATH. See README file for more information.
110_504886170_jpg.rf.6fed793de21a7c44e5c37e61bdce5c5c.jpg,/kaggle/input/datasets/nagendra048/aadhar-dataset/train/images,Error: C:\Program Files\Tesseract-OCR\tesseract.exe is not installed or it's not in your PATH. See README file for more information.
110_504886170_jpg.rf.4bdf459007f943a8db597251840ab1d5.jpg,/kaggle/input/datasets/nagendra048/aadhar-dataset/train/images,Error: C:\Program Files\Tesseract-OCR\tesseract.exe is not installed or it's not in your PATH. See README file for more information.
f99b3efadece9bde10e251760cc71b1c_jpg.rf.7a6a2a1592359301a3c651aa769c860d.jpg,/kaggle/input/datasets/nagendra048/aadhar-dataset/train/images,Error: C:\Program Files\Tesseract-OCR\tesseract.exe is not installed or it's not in your PATH. See README file for more information.
Aadhar-Card-678x381_jpg.rf.ba917c51efe042c7f182da3336323bd7.jpg,/kaggle/input/datasets/nagendra048/aadhar-dataset/train/images,Error: C:\Program Files\Tesseract-OCR\tesseract.exe is not installed or it's not in your PATH. See README file for more information.
0521_adhar_jpg.rf.cb479daab7e826bc8552bc9386c169d2.jpg,/kaggle/input/datasets/nagendra048/aadhar-dataset/train/images,Error: C:\Program Files\Tesseract-OCR\tesseract.exe is not installed or it's not in your PATH. See README file for more information.
IMG-20180722-WA0038_jpg.rf.128bdab0a68ef9c3caf5a940d5149c87.jpg,/kaggle/input/datasets/nagendra048/aadhar-dataset/train/images,Error: C:\Program Files\Tesseract-OCR\tesseract.exe is not installed or it's not in your PATH. See README file for more information.
81eadb49cb7736c4e7460f318ebd5d29_jpg.rf.e7e68739f2d0bc0dfd4741e138f7dc5d.jpg,/kaggle/input/datasets/nagendra048/aadhar-dataset/train/images,Error: C:\Program Files\Tesseract-OCR\tesseract.exe is not installed or it's not in your PATH. See README file for more information.
images-4-_jpg.rf.82762c0b9fa9ff9ae2555c8e89456c47.jpg,/kaggle/input/datasets/nagendra048/aadhar-dataset/train/images,Error: C:\Program Files\Tesseract-OCR\tesseract.exe is not installed or it's not in your PATH. See README file for more information.
2017_7image_01_34_3344908890_jpg.rf.dc40d67a0f64b7a3d7def0514aa2eced.jpg,/kaggle/input/datasets/nagendra048/aadhar-dataset/train/images,Error: C:\Program Files\Tesseract-OCR\tesseract.exe is not installed or it's not in your PATH. See README file for more information.
110_504886170_jpg.rf.1acd778f9b21218a3efd3b47d579cce4.jpg,/kaggle/input/datasets/nagendra048/aadhar-dataset/train/images,Error: C:\Program Files\Tesseract-OCR\tesseract.exe is not installed or it's not in your PATH. See README file for more information.
b4047be5f6a409a7ac20777d25d5a058_jpg.rf.4b3a79d48c90d39b7855f4c97a4413b5.jpg,/kaggle/input/datasets/nagendra048/aadhar-dataset/train/images,Error: C:\Program Files\Tesseract-OCR\tesseract.exe is not installed or it's not in your PATH. See README file for more information.
81eadb49cb7736c4e7460f318ebd5d29_jpg.rf.cc37760f8b8e0ed6f008674ee5590a70.jpg,/kaggle/input/datasets/nagendra048/aadhar-dataset/train/images,Error: C:\Program Files\Tesseract-OCR\tesseract.exe is not installed or it's not in your PATH. See README file for more information.
ac313c63f18e91c513128fa97bce32d6_jpg.rf.71d18fc3c06b73a5d68f133407c33082.jpg,/kaggle/input/datasets/nagendra048/aadhar-dataset/train/images,Error: C:\Program Files\Tesseract-OCR\tesseract.exe is not installed or it's not in your PATH. See README file for more information.
ffa5e80e5c547686632c7bc9746fee87_jpg.rf.252ec7ebca2ac225018d3f46db524352.jpg,/kaggle/input/datasets/nagendra048/aadhar-dataset/train/images,Error: C:\Program Files\Tesseract-OCR\tesseract.exe is not installed or it's not in your PATH. See README file for more information.
c5bc89c6e9cede0ff4d07085c5ce2488_jpg.rf.505fbb71c1c752f55e1812d957665841.jpg,/kaggle/input/datasets/nagendra048/aadhar-dataset/train/images,Error: C:\Program Files\Tesseract-OCR\tesseract.exe is not installed or it's not in your PATH. See README file for more information.
c7d12dabedb1da10342b91dea665a917_jpg.rf.8f5e6608bb02944fa086b31fe6b52414.jpg,/kaggle/input/datasets/nagendra048/aadhar-dataset/train/images,Error: C:\Program Files\Tesseract-OCR\tesseract.exe is not installed or it's not in your PATH. See README file for more information.
46804894d63fe5b3fea2582cfa7657c7-1-_jpg.rf.695d364665a216dfeac5aea63479dbe9.jpg,/kaggle/input/datasets/nagendra048/aadhar-dataset/train/images,Error: C:\Program Files\Tesseract-OCR\tesseract.exe is not installed or it's not in your PATH. See README file for more information.
aad43_jpg.rf.a3ab3fe40da4ce694a39f004e1315629.jpg,/kaggle/input/datasets/nagendra048/aadhar-dataset/train/images,Error: C:\Program Files\Tesseract-OCR\tesseract.exe is not installed or it's not in your PATH. See README file for more information.
images_jpg.rf.65cdeed348c6091f2c26d10e64c56b26.jpg,/kaggle/input/datasets/nagendra048/aadhar-dataset/train/images,Error: C:\Program Files\Tesseract-OCR\tesseract.exe is not installed or it's not in your PATH. See README file for more information.
6faf8790a38b5e6a7d9e3347ba84a24f_jpg.rf.91beb47d89c9295490f28c7c6973bec2.jpg,/kaggle/input/datasets/nagendra048/aadhar-dataset/train/images,Error: C:\Program Files\Tesseract-OCR\tesseract.exe is not installed or it's not in your PATH. See README file for more information.
banner_jpg.rf.9d1d41dff6f0bc562326d54a96f9b706.jpg,/kaggle/input/datasets/nagendra048/aadhar-dataset/train/images,Error: C:\Program Files\Tesseract-OCR\tesseract.exe is not installed or it's not in your PATH. See README file for more information.
images-12-_jpg.rf.7102c5d759c4b575b38ca77cdd1e96f7.jpg,/kaggle/input/datasets/nagendra048/aadhar-dataset/train/images,Error: C:\Program Files\Tesseract-OCR\tesseract.exe is not installed or it's not in your PATH. See README file for more information.
6b6ad42e38094e11a2260c2694582da5_jpg.rf.e7e3a80ef3f0518f39e78d6db619784b.jpg,/kaggle/input/datasets/nagendra048/aadhar-dataset/train/images,Error: C:\Program Files\Tesseract-OCR\tesseract.exe is not installed or it's not in your PATH. See README file for more information.
ac6c7da416cbf07230d588741cbb2d99_jpg.rf.727261f2df62cdc100a563228707ad01.jpg,/kaggle/input/datasets/nagendra048/aadhar-dataset/train/images,Error: C:\Program Files\Tesseract-OCR\tesseract.exe is not installed or it's not in your PATH. See README file for more information.
ac6c7da416cbf07230d588741cbb2d99_jpg.rf.b70f26be973b9a0fb78de606ee343153.jpg,/kaggle/input/datasets/nagendra048/aadhar-dataset/train/images,Error: C:\Program Files\Tesseract-OCR\tesseract.exe is not installed or it's not in your PATH. See README file for more information.
images-6-_jpg.rf.716c910e22762b102df1a082eabf5946.jpg,/kaggle/input/datasets/nagendra048/aadhar-dataset/train/images,Error: C:\Program Files\Tesseract-OCR\tesseract.exe is not installed or it's not in your PATH. See README file for more information.
0521_adhar_jpg.rf.0b52a68eba1d0f3ea5d868a66390409a.jpg,/kaggle/input/datasets/nagendra048/aadhar-dataset/train/images,Error: C:\Program Files\Tesseract-OCR\tesseract.exe is not installed or it's not in your PATH. See README file for more information.
images-5-_jpg.rf.8ed85130fd61489259b45bde760e120b.jpg,/kaggle/input/datasets/nagendra048/aadhar-dataset/train/images,Error: C:\Program Files\Tesseract-OCR\tesseract.exe is not installed or it's not in your PATH. See README file for more information.
photos-11111778-16310969735991632_jpg.rf.c3b7b263c3c60576388e0a5e28510278.jpg,/kaggle/input/datasets/nagendra048/aadhar-dataset/train/images,Error: C:\Program Files\Tesseract-OCR\tesseract.exe is not installed or it's not in your PATH. See README file for more information.
D8E0Re_VsAEzhCg_jpg.rf.93b8f5bd1afcbea3dbb4ab3a439efd90.jpg,/kaggle/input/datasets/nagendra048/aadhar-dataset/train/images,Error: C:\Program Files\Tesseract-OCR\tesseract.exe is not installed or it's not in your PATH. See README file for more information.
images-5-_jpg.rf.317178e9641b55516ee114b64b8b14ed.jpg,/kaggle/input/datasets/nagendra048/aadhar-dataset/train/images,Error: C:\Program Files\Tesseract-OCR\tesseract.exe is not installed or it's not in your PATH. See README file for more information.
b4ec339af5996addce61a9c73b7162f3_jpg.rf.abe1ca0a6feeb4e71af5562c09c38533.jpg,/kaggle/input/datasets/nagendra048/aadhar-dataset/train/images,Error: C:\Program Files\Tesseract-OCR\tesseract.exe is not installed or it's not in your PATH. See README file for more information.
3564191365d6dd7bff705c3252860029_jpg.rf.9035511218fbcaa3a937b7a83c6d42c7.jpg,/kaggle/input/datasets/nagendra048/aadhar-dataset/train/images,Error: C:\Program Files\Tesseract-OCR\tesseract.exe is not installed or it's not in your PATH. See README file for more information.
116508899_159713039053118_8698401500526480570_n_jpg.rf.4660527e40b2d98cae7c2424797a2d1b.jpg,/kaggle/input/datasets/nagendra048/aadhar-dataset/train/images,Error: C:\Program Files\Tesseract-OCR\tesseract.exe is not installed or it's not in your PATH. See README file for more information.
766ad22cd5a05c1a9d21c658bb1e925c_jpg.rf.feb459becde57ca3098e1d7aff5bd71c.jpg,/kaggle/input/datasets/nagendra048/aadhar-dataset/train/images,Error: C:\Program Files\Tesseract-OCR\tesseract.exe is not installed or it's not in your PATH. See README file for more information.
cfd6db78024aa90c6166e6873945fa56_jpg.rf.fb40b8f379af3a6fe653f760a03c899e.jpg,/kaggle/input/datasets/nagendra048/aadhar-dataset/train/images,Error: C:\Program Files\Tesseract-OCR\tesseract.exe is not installed or it's not in your PATH. See README file for more information.
116508899_159713039053118_8698401500526480570_n_jpg.rf.529613991f2c54e83d5a8417f45b9ca8.jpg,/kaggle/input/datasets/nagendra048/aadhar-dataset/train/images,Error: C:\Program Files\Tesseract-OCR\tesseract.exe is not installed or it's not in your PATH. See README file for more information.
images-13-_jpg.rf.cc10b46ca93bc7bab0b1598172c378ee.jpg,/kaggle/input/datasets/nagendra048/aadhar-dataset/train/images,Error: C:\Program Files\Tesseract-OCR\tesseract.exe is not installed or it's not in your PATH. See README file for more information.
15702284b04c27864e819ad89483b80d_jpg.rf.8e533794ef9793f5c0086ad8cbf6eb31.jpg,/kaggle/input/datasets/nagendra048/aadhar-dataset/train/images,Error: C:\Program Files\Tesseract-OCR\tesseract.exe is not installed or it's not in your PATH. See README file for more information.
f99b3efadece9bde10e251760cc71b1c_jpg.rf.755d5ab6353774748a756c2b4268d42f.jpg,/kaggle/input/datasets/nagendra048/aadhar-dataset/train/images,Error: C:\Program Files\Tesseract-OCR\tesseract.exe is not installed or it's not in your PATH. See README file for more information.
e383ea165dd6f41b69ef72df10c4c473-1-_jpg.rf.b26be5c2df7952979ad3466cc8961b3b.jpg,/kaggle/input/datasets/nagendra048/aadhar-dataset/train/images,Error: C:\Program Files\Tesseract-OCR\tesseract.exe is not installed or it's not in your PATH. See README file for more information.
97d297f8384d0e9b857e3ebc0bd31dcd_jpg.rf.a5b4f537e1c5d5fd1acfe8e72058dab8.jpg,/kaggle/input/datasets/nagendra048/aadhar-dataset/train/images,Error: C:\Program Files\Tesseract-OCR\tesseract.exe is not installed or it's not in your PATH. See README file for more information.
images-2-_jpg.rf.76abaa13bd859f511ae2eae15c30ba45.jpg,/kaggle/input/datasets/nagendra048/aadhar-dataset/train/images,Error: C:\Program Files\Tesseract-OCR\tesseract.exe is not installed or it's not in your PATH. See README file for more information.
b9cc3312597d27a7d53152d949674eec_jpg.rf.ad53438d11ddfdf27061757d94292aa4.jpg,/kaggle/input/datasets/nagendra048/aadhar-dataset/train/images,Error: C:\Program Files\Tesseract-OCR\tesseract.exe is not installed or it's not in your PATH. See README file for more information.
1_xMzwx1zuB5KlpNM53l2nfw_jpg.rf.c64884616f0f91b531cf577266277c46.jpg,/kaggle/input/datasets/nagendra048/aadhar-dataset/train/images,Error: C:\Program Files\Tesseract-OCR\tesseract.exe is not installed or it's not in your PATH. See README file for more information.
images-3-_jpg.rf.86768060602a6ca04911b89ebb608955.jpg,/kaggle/input/datasets/nagendra048/aadhar-dataset/train/images,Error: C:\Program Files\Tesseract-OCR\tesseract.exe is not installed or it's not in your PATH. See README file for more information.
94eb12c96f2d79889f4856eb47ae25a4_jpg.rf.53564ff2311753fd7c489efe13dd889f.jpg,/kaggle/input/datasets/nagendra048/aadhar-dataset/train/images,Error: C:\Program Files\Tesseract-OCR\tesseract.exe is not installed or it's not in your PATH. See README file for more information.
766ad22cd5a05c1a9d21c658bb1e925c_jpg.rf.04a6b796ac5c16cb52d00408c710f3ae.jpg,/kaggle/input/datasets/nagendra048/aadhar-dataset/train/images,Error: C:\Program Files\Tesseract-OCR\tesseract.exe is not installed or it's not in your PATH. See README file for more information.
0d4c873ace54e82fb49c451a9bdc6d24_jpg.rf.f8825be3d3e7110ac6ae200bebd14c87.jpg,/kaggle/input/datasets/nagendra048/aadhar-dataset/train/images,Error: C:\Program Files\Tesseract-OCR\tesseract.exe is not installed or it's not in your PATH. See README file for more information.
25305fe9d4d92e3899f5fbcab86fb2c7_jpg.rf.27e5f98ccc15cffca6f65935c9594514.jpg,/kaggle/input/datasets/nagendra048/aadhar-dataset/train/images,Error: C:\Program Files\Tesseract-OCR\tesseract.exe is not installed or it's not in your PATH. See README file for more information.
thumb_jpg.rf.18e71e5e0c7cb7d91e97e1824cc74de4.jpg,/kaggle/input/datasets/nagendra048/aadhar-dataset/train/images,Error: C:\Program Files\Tesseract-OCR\tesseract.exe is not installed or it's not in your PATH. See README file for more information.
06_01_2022_03_15_06_png_jpg.rf.e79ddeddcc0fbf7189226259cbedcaa9.jpg,/kaggle/input/datasets/nagendra048/aadhar-dataset/train/images,Error: C:\Program Files\Tesseract-OCR\tesseract.exe is not installed or it's not in your PATH. See README file for more information.
0d4c873ace54e82fb49c451a9bdc6d24_jpg.rf.0cc163cd8e219baceb44f76924eaf494.jpg,/kaggle/input/datasets/nagendra048/aadhar-dataset/train/images,Error: C:\Program Files\Tesseract-OCR\tesseract.exe is not installed or it's not in your PATH. See README file for more information.
60643f2e835245dfa9b0c9c988abb748_jpg.rf.1c58ec5138609346a0223f70a577864d.jpg,/kaggle/input/datasets/nagendra048/aadhar-dataset/train/images,Error: C:\Program Files\Tesseract-OCR\tesseract.exe is not installed or it's not in your PATH. See README file for more information.
aadhar_jpg.rf.7753c02381bdd376c2ceb44bf9de3953.jpg,/kaggle/input/datasets/nagendra048/aadhar-dataset/train/images,Error: C:\Program Files\Tesseract-OCR\tesseract.exe is not installed or it's not in your PATH. See README file for more information.
JAI_AADHAR_jpg.rf.31ba90c12bc554b9c2b9e8f9ffc44150.jpg,/kaggle/input/datasets/nagendra048/aadhar-dataset/train/images,Error: C:\Program Files\Tesseract-OCR\tesseract.exe is not installed or it's not in your PATH. See README file for more information.
c86a0da801ae2e586164e814b43de3c9_jpg.rf.7dc856617f7582f94f41a707805f89fb.jpg,/kaggle/input/datasets/nagendra048/aadhar-dataset/train/images,Error: C:\Program Files\Tesseract-OCR\tesseract.exe is not installed or it's not in your PATH. See README file for more information.
product-500x500_jpg.rf.f78cec7eb0780e30e5bdb259e74581fe.jpg,/kaggle/input/datasets/nagendra048/aadhar-dataset/train/images,Error: C:\Program Files\Tesseract-OCR\tesseract.exe is not installed or it's not in your PATH. See README file for more information.
766ad22cd5a05c1a9d21c658bb1e925c_jpg.rf.0e15ee219d23008d81eebb5b653c8e11.jpg,/kaggle/input/datasets/nagendra048/aadhar-dataset/train/images,Error: C:\Program Files\Tesseract-OCR\tesseract.exe is not installed or it's not in your PATH. See README file for more information.
b4047be5f6a409a7ac20777d25d5a058_jpg.rf.02065d3c68973ae4d881ec0313d9f99e.jpg,/kaggle/input/datasets/nagendra048/aadhar-dataset/train/images,Error: C:\Program Files\Tesseract-OCR\tesseract.exe is not installed or it's not in your PATH. See README file for more information.
adhar_card_6402313_835x547-m_jpg.rf.b05399a5c1366f21bf2115552cf5891b.jpg,/kaggle/input/datasets/nagendra048/aadhar-dataset/train/images,Error: C:\Program Files\Tesseract-OCR\tesseract.exe is not installed or it's not in your PATH. See README file for more information.
110_504886170_jpg.rf.d6cd2d9e07059da8f0aabd97a005e4fc.jpg,/kaggle/input/datasets/nagendra048/aadhar-dataset/train/images,Error: C:\Program Files\Tesseract-OCR\tesseract.exe is not installed or it's not in your PATH. See README file for more information.
14171f7e3e906f9bb9cbee0e44b183ab_jpg.rf.52487266aa55740ff0160ab8e4efe81a.jpg,/kaggle/input/datasets/nagendra048/aadhar-dataset/train/images,Error: C:\Program Files\Tesseract-OCR\tesseract.exe is not installed or it's not in your PATH. See README file for more information.
10098_jpg.rf.6b53312dd7aadb2d6f4b7c073f4debcb.jpg,/kaggle/input/datasets/nagendra048/aadhar-dataset/train/images,Error: C:\Program Files\Tesseract-OCR\tesseract.exe is not installed or it's not in your PATH. See README file for more information.
06a0686f91bed47d1f4873e4d104442c_jpg.rf.e43c1041ebda4394f97ceaa1ba65672c.jpg,/kaggle/input/datasets/nagendra048/aadhar-dataset/train/images,Error: C:\Program Files\Tesseract-OCR\tesseract.exe is not installed or it's not in your PATH. See README file for more information.
19b620ad00aeb2885f0f0a1ccb337919_jpg.rf.2d02758ee91252dc7371eadc8b10d1b0.jpg,/kaggle/input/datasets/nagendra048/aadhar-dataset/train/images,Error: C:\Program Files\Tesseract-OCR\tesseract.exe is not installed or it's not in your PATH. See README file for more information.
78ebbaace416b45c0b552a5a3de7b1a7_jpg.rf.976fa7f489a9e4b1978940b08fb85c78.jpg,/kaggle/input/datasets/nagendra048/aadhar-dataset/train/images,Error: C:\Program Files\Tesseract-OCR\tesseract.exe is not installed or it's not in your PATH. See README file for more information.
b7becd5c330f22d135ef4ffa3b26e65e_jpg.rf.07c5afe0dba27b5282d817489e8290a4.jpg,/kaggle/input/datasets/nagendra048/aadhar-dataset/train/images,Error: C:\Program Files\Tesseract-OCR\tesseract.exe is not installed or it's not in your PATH. See README file for more information.
b4ec339af5996addce61a9c73b7162f3_jpg.rf.be5ebf5450fc7285caba29caa160fba3.jpg,/kaggle/input/datasets/nagendra048/aadhar-dataset/train/images,Error: C:\Program Files\Tesseract-OCR\tesseract.exe is not installed or it's not in your PATH. See README file for more information.
5a9f2c8658426f9b1b17bfa65ef0d62c_jpg.rf.6f71e2a197215391c568a04c2826a798.jpg,/kaggle/input/datasets/nagendra048/aadhar-dataset/train/images,Error: C:\Program Files\Tesseract-OCR\tesseract.exe is not installed or it's not in your PATH. See README file for more information.
c709629e7d00468f6c112daa8ca6c9e8_jpg.rf.a55834dc01fd320c0cb021b66e6e2110.jpg,/kaggle/input/datasets/nagendra048/aadhar-dataset/train/images,Error: C:\Program Files\Tesseract-OCR\tesseract.exe is not installed or it's not in your PATH. See README file for more information.
EFdEgzrUYAMutNm_jpg.rf.cab98ce16074c97e79df361f3599ed2b.jpg,/kaggle/input/datasets/nagendra048/aadhar-dataset/train/images,Error: C:\Program Files\Tesseract-OCR\tesseract.exe is not installed or it's not in your PATH. See README file for more information.
9ccffeac84c5b19e14bab96b9177b18b_jpg.rf.046e7b498293c221a052489dcaab7ea7.jpg,/kaggle/input/datasets/nagendra048/aadhar-dataset/train/images,Error: C:\Program Files\Tesseract-OCR\tesseract.exe is not installed or it's not in your PATH. See README file for more information.
c5cad996e165b070b99d2b76cdfb39dc_jpg.rf.93d7dcab167627837155ce0578d3bc8f.jpg,/kaggle/input/datasets/nagendra048/aadhar-dataset/train/images,Error: C:\Program Files\Tesseract-OCR\tesseract.exe is not installed or it's not in your PATH. See README file for more information.
5a9f2c8658426f9b1b17bfa65ef0d62c_jpg.rf.3e8e1b8b472f3800eeca02894653a088.jpg,/kaggle/input/datasets/nagendra048/aadhar-dataset/train/images,Error: C:\Program Files\Tesseract-OCR\tesseract.exe is not installed or it's not in your PATH. See README file for more information.
images-3-_jpg.rf.270c4b1820091c45ee9632a1c9dafc56.jpg,/kaggle/input/datasets/nagendra048/aadhar-dataset/train/images,Error: C:\Program Files\Tesseract-OCR\tesseract.exe is not installed or it's not in your PATH. See README file for more information.
49fa3bcf36cda2851f2d12adc5f9f6db-2-_jpg.rf.557a2f8b4cc513516a60b0a8d25ee2c3.jpg,/kaggle/input/datasets/nagendra048/aadhar-dataset/train/images,Error: C:\Program Files\Tesseract-OCR\tesseract.exe is not installed or it's not in your PATH. See README file for more information.
8988c5603729dd48f76f59d6f3c6148e_jpg.rf.d3f58ab7a520aa36857dd06c42b7db5d.jpg,/kaggle/input/datasets/nagendra048/aadhar-dataset/train/images,Error: C:\Program Files\Tesseract-OCR\tesseract.exe is not installed or it's not in your PATH. See README file for more information.
25305fe9d4d92e3899f5fbcab86fb2c7-1-_jpg.rf.cf21da0c22e6c30abe85755eb5535cdb.jpg,/kaggle/input/datasets/nagendra048/aadhar-dataset/train/images,Error: C:\Program Files\Tesseract-OCR\tesseract.exe is not installed or it's not in your PATH. See README file for more information.
aadhar_jpg.rf.086b2d1429f3a116dabc8a6f836afc09.jpg,/kaggle/input/datasets/nagendra048/aadhar-dataset/train/images,Error: C:\Program Files\Tesseract-OCR\tesseract.exe is not installed or it's not in your PATH. See README file for more information.
images-11-_jpg.rf.77c91b44b56cfad051c964acb2b9c58c.jpg,/kaggle/input/datasets/nagendra048/aadhar-dataset/train/images,Error: C:\Program Files\Tesseract-OCR\tesseract.exe is not installed or it's not in your PATH. See README file for more information.
images-14-_jpg.rf.7602d79e870d92bcf78e866f2afc4787.jpg,/kaggle/input/datasets/nagendra048/aadhar-dataset/train/images,Error: C:\Program Files\Tesseract-OCR\tesseract.exe is not installed or it's not in your PATH. See README file for more information.
447675edf75967ed3047d0ff28f280ac-1-_jpg.rf.7a4af3bb21074491c1a51de11f3ee80a.jpg,/kaggle/input/datasets/nagendra048/aadhar-dataset/train/images,Error: C:\Program Files\Tesseract-OCR\tesseract.exe is not installed or it's not in your PATH. See README file for more information.
46804894d63fe5b3fea2582cfa7657c7-2-_jpg.rf.cb4976ad6ef2db74e33c84f9e9a81c9a.jpg,/kaggle/input/datasets/nagendra048/aadhar-dataset/train/images,Error: C:\Program Files\Tesseract-OCR\tesseract.exe is not installed or it's not in your PATH. See README file for more information.
82a73cb534ca5805e7136e48059e7000_jpg.rf.6ae823ebe628d2d1bf982666bfbe6673.jpg,/kaggle/input/datasets/nagendra048/aadhar-dataset/train/images,Error: C:\Program Files\Tesseract-OCR\tesseract.exe is not installed or it's not in your PATH. See README file for more information.
06a0686f91bed47d1f4873e4d104442c_jpg.rf.d24daa91192fa1fdbe33700e0ffbe799.jpg,/kaggle/input/datasets/nagendra048/aadhar-dataset/train/images,Error: C:\Program Files\Tesseract-OCR\tesseract.exe is not installed or it's not in your PATH. See README file for more information.
46804894d63fe5b3fea2582cfa7657c7-2-_jpg.rf.c89247dcbce8df5ff63578889a4e562d.jpg,/kaggle/input/datasets/nagendra048/aadhar-dataset/train/images,Error: C:\Program Files\Tesseract-OCR\tesseract.exe is not installed or it's not in your PATH. See README file for more information.
b9cc3312597d27a7d53152d949674eec_jpg.rf.12ced1de68597d20f0e4d8bb035a09e5.jpg,/kaggle/input/datasets/nagendra048/aadhar-dataset/train/images,Error: C:\Program Files\Tesseract-OCR\tesseract.exe is not installed or it's not in your PATH. See README file for more information.
23752a535ecca255d677464b5a7a24f4_jpg.rf.480220eee00540287e0916c99e918ab2.jpg,/kaggle/input/datasets/nagendra048/aadhar-dataset/train/images,Error: C:\Program Files\Tesseract-OCR\tesseract.exe is not installed or it's not in your PATH. See README file for more information.
086d820550f34066764f4047ddc263ca_jpg.rf.7b04882ba7663602694d57824971262d.jpg,/kaggle/input/datasets/nagendra048/aadhar-dataset/train/images,Error: C:\Program Files\Tesseract-OCR\tesseract.exe is not installed or it's not in your PATH. See README file for more information.
images-9-_jpg.rf.2c985aa656ea300991cc860d8451f84f.jpg,/kaggle/input/datasets/nagendra048/aadhar-dataset/train/images,Error: C:\Program Files\Tesseract-OCR\tesseract.exe is not installed or it's not in your PATH. See README file for more information.
images-11-_jpg.rf.e5e0d28b1ec5c3254ea9aed943d6efaf.jpg,/kaggle/input/datasets/nagendra048/aadhar-dataset/train/images,Error: C:\Program Files\Tesseract-OCR\tesseract.exe is not installed or it's not in your PATH. See README file for more information.
73a8158ee961472799e57e72b1868f54_jpg.rf.4cc2c90ea1cd111b26294b680deb83a2.jpg,/kaggle/input/datasets/nagendra048/aadhar-dataset/train/images,Error: C:\Program Files\Tesseract-OCR\tesseract.exe is not installed or it's not in your PATH. See README file for more information.
a1e3125efaa4eebd8efc907ae48b69a1-1-_jpg.rf.8134658609efb20cad16ac1973837b33.jpg,/kaggle/input/datasets/nagendra048/aadhar-dataset/train/images,Error: C:\Program Files\Tesseract-OCR\tesseract.exe is not installed or it's not in your PATH. See README file for more information.
c5bc89c6e9cede0ff4d07085c5ce2488_jpg.rf.f7ceff1836dda759b77d51a85d159398.jpg,/kaggle/input/datasets/nagendra048/aadhar-dataset/train/images,Error: C:\Program Files\Tesseract-OCR\tesseract.exe is not installed or it's not in your PATH. See README file for more information.
35c4f8abcda3c0e3fe13b2435deaaff4_jpg.rf.63beb828b861f66df2e13f5f0d30479b.jpg,/kaggle/input/datasets/nagendra048/aadhar-dataset/train/images,Error: C:\Program Files\Tesseract-OCR\tesseract.exe is not installed or it's not in your PATH. See README file for more information.
086d820550f34066764f4047ddc263ca_jpg.rf.b93a8823d3b2529decf91e7bc30caecd.jpg,/kaggle/input/datasets/nagendra048/aadhar-dataset/train/images,Error: C:\Program Files\Tesseract-OCR\tesseract.exe is not installed or it's not in your PATH. See README file for more information.
images-6-_jpg.rf.4c7c44bcce080f65aacb27ecc22db98e.jpg,/kaggle/input/datasets/nagendra048/aadhar-dataset/train/images,Error: C:\Program Files\Tesseract-OCR\tesseract.exe is not installed or it's not in your PATH. See README file for more information.
14171f7e3e906f9bb9cbee0e44b183ab-1-_jpg.rf.faf6864af333cc654a0ac42cb3319b7d.jpg,/kaggle/input/datasets/nagendra048/aadhar-dataset/train/images,Error: C:\Program Files\Tesseract-OCR\tesseract.exe is not installed or it's not in your PATH. See README file for more information.
amb-022_1636178548_jpg.rf.a9028135def0f7b18a09e450fd764883.jpg,/kaggle/input/datasets/nagendra048/aadhar-dataset/train/images,Error: C:\Program Files\Tesseract-OCR\tesseract.exe is not installed or it's not in your PATH. See README file for more information.
ac313c63f18e91c513128fa97bce32d6_jpg.rf.771d7c5503cefe8df44923b1ddd911f7.jpg,/kaggle/input/datasets/nagendra048/aadhar-dataset/train/images,Error: C:\Program Files\Tesseract-OCR\tesseract.exe is not installed or it's not in your PATH. See README file for more information.
10d68e66-4b5a-4ab4-9c5b-65aebe0aa040_jpg.rf.f71d4231be2ed9c7c569192edbe9c512.jpg,/kaggle/input/datasets/nagendra048/aadhar-dataset/train/images,Error: C:\Program Files\Tesseract-OCR\tesseract.exe is not installed or it's not in your PATH. See README file for more information.
25305fe9d4d92e3899f5fbcab86fb2c7_jpg.rf.c303498d03f8f0836ba57a8c513fbc5b.jpg,/kaggle/input/datasets/nagendra048/aadhar-dataset/train/images,Error: C:\Program Files\Tesseract-OCR\tesseract.exe is not installed or it's not in your PATH. See README file for more information.
c7d12dabedb1da10342b91dea665a917_jpg.rf.59f96378c8a74aed29bbaec03893df8d.jpg,/kaggle/input/datasets/nagendra048/aadhar-dataset/train/images,Error: C:\Program Files\Tesseract-OCR\tesseract.exe is not installed or it's not in your PATH. See README file for more information.
meerut-news_1591527061_jpg.rf.826976607f1751a2f54909e8866e9afc.jpg,/kaggle/input/datasets/nagendra048/aadhar-dataset/train/images,Error: C:\Program Files\Tesseract-OCR\tesseract.exe is not installed or it's not in your PATH. See README file for more information.
17e77ff746a7f6995dcbe80f0b107701_jpg.rf.6558e12dee441235e89ad23ec320253e.jpg,/kaggle/input/datasets/nagendra048/aadhar-dataset/train/images,Error: C:\Program Files\Tesseract-OCR\tesseract.exe is not installed or it's not in your PATH. See README file for more information.
e383ea165dd6f41b69ef72df10c4c473-1-_jpg.rf.725f4eeab7ce7982b0ce62c16cabb354.jpg,/kaggle/input/datasets/nagendra048/aadhar-dataset/train/images,Error: C:\Program Files\Tesseract-OCR\tesseract.exe is not installed or it's not in your PATH. See README file for more information.
c9c6e3b130e3aed890884c240195ec9d_jpg.rf.159ec782988ec79fe5de148fd17ae65a.jpg,/kaggle/input/datasets/nagendra048/aadhar-dataset/train/images,Error: C:\Program Files\Tesseract-OCR\tesseract.exe is not installed or it's not in your PATH. See README file for more information.
images-16-_jpg.rf.4d85eb0b5cf56bee5bdb1dfe3557563f.jpg,/kaggle/input/datasets/nagendra048/aadhar-dataset/train/images,Error: C:\Program Files\Tesseract-OCR\tesseract.exe is not installed or it's not in your PATH. See README file for more information.
1b26b406ad9485c98cd496bc371db57f_jpg.rf.1595ef305fdf82147349ed0a130e06e6.jpg,/kaggle/input/datasets/nagendra048/aadhar-dataset/train/images,Error: C:\Program Files\Tesseract-OCR\tesseract.exe is not installed or it's not in your PATH. See README file for more information.
a1e3125efaa4eebd8efc907ae48b69a1-2-_jpg.rf.6a02574fb06b39df54d0ae5dbc68c04f.jpg,/kaggle/input/datasets/nagendra048/aadhar-dataset/train/images,Error: C:\Program Files\Tesseract-OCR\tesseract.exe is not installed or it's not in your PATH. See README file for more information.
7e65eb61f2d964e4e46a9ee5e1330c28_jpg.rf.6d7d9de8cad108dcd51cee3465feeff5.jpg,/kaggle/input/datasets/nagendra048/aadhar-dataset/train/images,Error: C:\Program Files\Tesseract-OCR\tesseract.exe is not installed or it's not in your PATH. See README file for more information.
b2487cba906731d63c4ca7884bd1a2f0_jpg.rf.ed80ba87841d7e2f9daddb4bb119638c.jpg,/kaggle/input/datasets/nagendra048/aadhar-dataset/train/images,Error: C:\Program Files\Tesseract-OCR\tesseract.exe is not installed or it's not in your PATH. See README file for more information.
images_jpg.rf.1d81ff983361ea8a53816197e9102853.jpg,/kaggle/input/datasets/nagendra048/aadhar-dataset/train/images,Error: C:\Program Files\Tesseract-OCR\tesseract.exe is not installed or it's not in your PATH. See README file for more information.
ce1ea2dcb0a8e8dac1e26793ad3d5ecb_jpg.rf.319f747b28d7cde12955be2d12663e99.jpg,/kaggle/input/datasets/nagendra048/aadhar-dataset/train/images,Error: C:\Program Files\Tesseract-OCR\tesseract.exe is not installed or it's not in your PATH. See README file for more information.
c69b7f40144bf1cd4051251754af93ed-2-_jpg.rf.dfd79ef95faf9a7ed7f9cc6eaacfd75a.jpg,/kaggle/input/datasets/nagendra048/aadhar-dataset/train/images,Error: C:\Program Files\Tesseract-OCR\tesseract.exe is not installed or it's not in your PATH. See README file for more information.
images-6-_jpg.rf.7006464dfba606c93cf1206036515528.jpg,/kaggle/input/datasets/nagendra048/aadhar-dataset/train/images,Error: C:\Program Files\Tesseract-OCR\tesseract.exe is not installed or it's not in your PATH. See README file for more information.
2bfd2f150b31581bac34445b5c49dd26_jpg.rf.0fab2732afc3271da43a59c9f50f7323.jpg,/kaggle/input/datasets/nagendra048/aadhar-dataset/train/images,Error: C:\Program Files\Tesseract-OCR\tesseract.exe is not installed or it's not in your PATH. See README file for more information.
JAI_AADHAR_jpg.rf.dbd87ce66de54641df6f8699935f52c3.jpg,/kaggle/input/datasets/nagendra048/aadhar-dataset/train/images,Error: C:\Program Files\Tesseract-OCR\tesseract.exe is not installed or it's not in your PATH. See README file for more information.
94fc829f3e5abeea915fd790fba1ca4f_jpg.rf.45bfd5c2774db0853a73e9abb665b763.jpg,/kaggle/input/datasets/nagendra048/aadhar-dataset/train/images,Error: C:\Program Files\Tesseract-OCR\tesseract.exe is not installed or it's not in your PATH. See README file for more information.
images-13-_jpg.rf.0c567a64244f98ce0bad02df49d6dbe2.jpg,/kaggle/input/datasets/nagendra048/aadhar-dataset/train/images,Error: C:\Program Files\Tesseract-OCR\tesseract.exe is not installed or it's not in your PATH. See README file for more information.
pvc_adhar-card-600x600_jpg.rf.f44c7c3708d4bb97157d3c813b6e88b8.jpg,/kaggle/input/datasets/nagendra048/aadhar-dataset/train/images,Error: C:\Program Files\Tesseract-OCR\tesseract.exe is not installed or it's not in your PATH. See README file for more information.
images-18-_jpg.rf.9e526165ee4b13c208429bc5b43463b6.jpg,/kaggle/input/datasets/nagendra048/aadhar-dataset/train/images,Error: C:\Program Files\Tesseract-OCR\tesseract.exe is not installed or it's not in your PATH. See README file for more information.
82a73cb534ca5805e7136e48059e7000_jpg.rf.bba930edd98730d31c19738e36f0fa36.jpg,/kaggle/input/datasets/nagendra048/aadhar-dataset/train/images,Error: C:\Program Files\Tesseract-OCR\tesseract.exe is not installed or it's not in your PATH. See README file for more information.
06_01_2022_03_15_26_png_jpg.rf.477874f6b162746706622ae8fa8e5918.jpg,/kaggle/input/datasets/nagendra048/aadhar-dataset/train/images,Error: C:\Program Files\Tesseract-OCR\tesseract.exe is not installed or it's not in your PATH. See README file for more information.
368a4dd1224bf4d35aa30fc7b61d32d2-1-_jpg.rf.0453619288516046716efbd57ded72af.jpg,/kaggle/input/datasets/nagendra048/aadhar-dataset/train/images,Error: C:\Program Files\Tesseract-OCR\tesseract.exe is not installed or it's not in your PATH. See README file for more information.
1b26b406ad9485c98cd496bc371db57f_jpg.rf.34022591fbca7315405efd8dc07bbe9f.jpg,/kaggle/input/datasets/nagendra048/aadhar-dataset/train/images,Error: C:\Program Files\Tesseract-OCR\tesseract.exe is not installed or it's not in your PATH. See README file for more information.
25305fe9d4d92e3899f5fbcab86fb2c7_jpg.rf.25933615c323b0bcae36e207eea0028b.jpg,/kaggle/input/datasets/nagendra048/aadhar-dataset/train/images,Error: C:\Program Files\Tesseract-OCR\tesseract.exe is not installed or it's not in your PATH. See README file for more information.
amb-022_1636178548_jpg.rf.f93b1c6914715945322270a10d279e68.jpg,/kaggle/input/datasets/nagendra048/aadhar-dataset/train/images,Error: C:\Program Files\Tesseract-OCR\tesseract.exe is not installed or it's not in your PATH. See README file for more information.
110_504886170_jpg.rf.48273e5de16ef16c993be984dbe3f019.jpg,/kaggle/input/datasets/nagendra048/aadhar-dataset/train/images,Error: C:\Program Files\Tesseract-OCR\tesseract.exe is not installed or it's not in your PATH. See README file for more information.
8455878ee3f6d5bf35580169888b3fb6_jpg.rf.b9a838a87eb84529c45b3ddd519498cf.jpg,/kaggle/input/datasets/nagendra048/aadhar-dataset/train/images,Error: C:\Program Files\Tesseract-OCR\tesseract.exe is not installed or it's not in your PATH. See README file for more information.
images-8-_jpg.rf.115cf0806ef204065160cf780ad1d7fe.jpg,/kaggle/input/datasets/nagendra048/aadhar-dataset/train/images,Error: C:\Program Files\Tesseract-OCR\tesseract.exe is not installed or it's not in your PATH. See README file for more information.
f6644ae09eb9acfc6a71f01115f917f9_jpg.rf.d33d110bda9fdb95ba6ec9480f24b60d.jpg,/kaggle/input/datasets/nagendra048/aadhar-dataset/train/images,Error: C:\Program Files\Tesseract-OCR\tesseract.exe is not installed or it's not in your PATH. See README file for more information.
6d8e67208737a556302565d3c61dc373_jpg.rf.0dadbe48489e5ee9597432e3b8995989.jpg,/kaggle/input/datasets/nagendra048/aadhar-dataset/train/images,Error: C:\Program Files\Tesseract-OCR\tesseract.exe is not installed or it's not in your PATH. See README file for more information.
cfd6db78024aa90c6166e6873945fa56_jpg.rf.8a70bd88b0ebcfff2735a438cbebeced.jpg,/kaggle/input/datasets/nagendra048/aadhar-dataset/train/images,Error: C:\Program Files\Tesseract-OCR\tesseract.exe is not installed or it's not in your PATH. See README file for more information.
b4ec339af5996addce61a9c73b7162f3-1-_jpg.rf.4d52573e91c1107e01ee5d0664bdfda1.jpg,/kaggle/input/datasets/nagendra048/aadhar-dataset/train/images,Error: C:\Program Files\Tesseract-OCR\tesseract.exe is not installed or it's not in your PATH. See README file for more information.
10044_jpg.rf.2c25295015e075c3af7a549e28a21b7d.jpg,/kaggle/input/datasets/nagendra048/aadhar-dataset/train/images,Error: C:\Program Files\Tesseract-OCR\tesseract.exe is not installed or it's not in your PATH. See README file for more information.
images-12-_jpg.rf.21377b69beebc51cf1aef93bbc7feffe.jpg,/kaggle/input/datasets/nagendra048/aadhar-dataset/train/images,Error: C:\Program Files\Tesseract-OCR\tesseract.exe is not installed or it's not in your PATH. See README file for more information.
d9c5c2aa49da5daf5ab4a18dd030726c_jpg.rf.0fbcc4066667fc9f9f2652e99718a0cf.jpg,/kaggle/input/datasets/nagendra048/aadhar-dataset/train/images,Error: C:\Program Files\Tesseract-OCR\tesseract.exe is not installed or it's not in your PATH. See README file for more information.
e46c99152bf3cfd347cc7ba27eb6ecd2_jpg.rf.d354fdca0c8812aa088e757e96be3cf2.jpg,/kaggle/input/datasets/nagendra048/aadhar-dataset/train/images,Error: C:\Program Files\Tesseract-OCR\tesseract.exe is not installed or it's not in your PATH. See README file for more information.
c5bc89c6e9cede0ff4d07085c5ce2488-1-_jpg.rf.604d034bb7e7c5ad760e585a5414fa85.jpg,/kaggle/input/datasets/nagendra048/aadhar-dataset/train/images,Error: C:\Program Files\Tesseract-OCR\tesseract.exe is not installed or it's not in your PATH. See README file for more information.
e731587b225d7bad435c4cfb7cbec669_jpg.rf.b96192ab31f80a01ba60dc8386d4662a.jpg,/kaggle/input/datasets/nagendra048/aadhar-dataset/train/images,Error: C:\Program Files\Tesseract-OCR\tesseract.exe is not installed or it's not in your PATH. See README file for more information.
unnamed_jpg.rf.9ad182998ee0599126b134e8b96115b5.jpg,/kaggle/input/datasets/nagendra048/aadhar-dataset/train/images,Error: C:\Program Files\Tesseract-OCR\tesseract.exe is not installed or it's not in your PATH. See README file for more information.
images-11-_jpg.rf.d88ab36b04687222782ffaff5fb5309f.jpg,/kaggle/input/datasets/nagendra048/aadhar-dataset/train/images,Error: C:\Program Files\Tesseract-OCR\tesseract.exe is not installed or it's not in your PATH. See README file for more information.
46bad340b458a566dc6e2fd9cd2b1b33_jpg.rf.48a119802f5776bf54fa949230a8ac72.jpg,/kaggle/input/datasets/nagendra048/aadhar-dataset/train/images,Error: C:\Program Files\Tesseract-OCR\tesseract.exe is not installed or it's not in your PATH. See README file for more information.
49fa3bcf36cda2851f2d12adc5f9f6db-1-_jpg.rf.7a946afdd21458f0ad53620d40c0277e.jpg,/kaggle/input/datasets/nagendra048/aadhar-dataset/train/images,Error: C:\Program Files\Tesseract-OCR\tesseract.exe is not installed or it's not in your PATH. See README file for more information.
a1e3125efaa4eebd8efc907ae48b69a1_jpg.rf.b4930791cf6c3a1e963f0718a5dd7ae8.jpg,/kaggle/input/datasets/nagendra048/aadhar-dataset/train/images,Error: C:\Program Files\Tesseract-OCR\tesseract.exe is not installed or it's not in your PATH. See README file for more information.
images-5-_jpg.rf.a4c630ee82d2ad95997c9a88f81bcb34.jpg,/kaggle/input/datasets/nagendra048/aadhar-dataset/train/images,Error: C:\Program Files\Tesseract-OCR\tesseract.exe is not installed or it's not in your PATH. See README file for more information.
maxresdefault-1_jpg.rf.2f5a8c3d9e51196de4fb69a8a9975df3.jpg,/kaggle/input/datasets/nagendra048/aadhar-dataset/train/images,Error: C:\Program Files\Tesseract-OCR\tesseract.exe is not installed or it's not in your PATH. See README file for more information.
10037_jpg.rf.309fc1b4b64b2a2729d3f92c0e7dc7d6.jpg,/kaggle/input/datasets/nagendra048/aadhar-dataset/train/images,Error: C:\Program Files\Tesseract-OCR\tesseract.exe is not installed or it's not in your PATH. See README file for more information.
images-18-_jpg.rf.f3e5231beec4a82c120919c28282e1ef.jpg,/kaggle/input/datasets/nagendra048/aadhar-dataset/train/images,Error: C:\Program Files\Tesseract-OCR\tesseract.exe is not installed or it's not in your PATH. See README file for more information.
26e69450edbd8716ee253bd7ec9b7607_jpg.rf.ef840498f40f66e2c7633548e8f1c48b.jpg,/kaggle/input/datasets/nagendra048/aadhar-dataset/train/images,Error: C:\Program Files\Tesseract-OCR\tesseract.exe is not installed or it's not in your PATH. See README file for more information.
dd73e0797834fecca12c450729c37fef_jpg.rf.bdcd53d4a352de6448d83d551e40ee10.jpg,/kaggle/input/datasets/nagendra048/aadhar-dataset/train/images,Error: C:\Program Files\Tesseract-OCR\tesseract.exe is not installed or it's not in your PATH. See README file for more information.
49fa3bcf36cda2851f2d12adc5f9f6db-1-_jpg.rf.5b47c2ff6431667ee3c01d2e057e4c4d.jpg,/kaggle/input/datasets/nagendra048/aadhar-dataset/train/images,Error: C:\Program Files\Tesseract-OCR\tesseract.exe is not installed or it's not in your PATH. See README file for more information.
447675edf75967ed3047d0ff28f280ac-1-_jpg.rf.980da350de358ed35d2d5e3519ae5043.jpg,/kaggle/input/datasets/nagendra048/aadhar-dataset/train/images,Error: C:\Program Files\Tesseract-OCR\tesseract.exe is not installed or it's not in your PATH. See README file for more information.
b7becd5c330f22d135ef4ffa3b26e65e_jpg.rf.11ff8c401ff7188866558532f23cf8ba.jpg,/kaggle/input/datasets/nagendra048/aadhar-dataset/train/images,Error: C:\Program Files\Tesseract-OCR\tesseract.exe is not installed or it's not in your PATH. See README file for more information.
b0d100d4275f891c2fbc6d9d56dbd123_jpg.rf.aa82014e2ac440de016967001723fb56.jpg,/kaggle/input/datasets/nagendra048/aadhar-dataset/train/images,Error: C:\Program Files\Tesseract-OCR\tesseract.exe is not installed or it's not in your PATH. See README file for more information.
efbefce86a6ebb47ef70edd9f85d5324_jpg.rf.2419e1460b0d274530cbfc975678cb81.jpg,/kaggle/input/datasets/nagendra048/aadhar-dataset/train/images,Error: C:\Program Files\Tesseract-OCR\tesseract.exe is not installed or it's not in your PATH. See README file for more information.
19b620ad00aeb2885f0f0a1ccb337919_jpg.rf.79c21cf868167485185abd70acdbc86f.jpg,/kaggle/input/datasets/nagendra048/aadhar-dataset/train/images,Error: C:\Program Files\Tesseract-OCR\tesseract.exe is not installed or it's not in your PATH. See README file for more information.
efbefce86a6ebb47ef70edd9f85d5324_jpg.rf.88ea24d992987defc38e4fad0e85b821.jpg,/kaggle/input/datasets/nagendra048/aadhar-dataset/train/images,Error: C:\Program Files\Tesseract-OCR\tesseract.exe is not installed or it's not in your PATH. See README file for more information.
78ebbaace416b45c0b552a5a3de7b1a7_jpg.rf.9664ca50f6edad2872e21f687c48e4d4.jpg,/kaggle/input/datasets/nagendra048/aadhar-dataset/train/images,Error: C:\Program Files\Tesseract-OCR\tesseract.exe is not installed or it's not in your PATH. See README file for more information.
c7d12dabedb1da10342b91dea665a917-1-_jpg.rf.643a3ea06c734e8c97d2f0901b75a378.jpg,/kaggle/input/datasets/nagendra048/aadhar-dataset/train/images,Error: C:\Program Files\Tesseract-OCR\tesseract.exe is not installed or it's not in your PATH. See README file for more information.
82a73cb534ca5805e7136e48059e7000_jpg.rf.3b7ab2ac6ca9f6122a8061c2476f87ed.jpg,/kaggle/input/datasets/nagendra048/aadhar-dataset/train/images,Error: C:\Program Files\Tesseract-OCR\tesseract.exe is not installed or it's not in your PATH. See README file for more information.
b4047be5f6a409a7ac20777d25d5a058_jpg.rf.00361daa2d635af7413d14c9799a9e03.jpg,/kaggle/input/datasets/nagendra048/aadhar-dataset/train/images,Error: C:\Program Files\Tesseract-OCR\tesseract.exe is not installed or it's not in your PATH. See README file for more information.
44ca6539da21ea839134cf0e39ff6e37_jpg.rf.5982f36b04b725593c76361a0b383f0e.jpg,/kaggle/input/datasets/nagendra048/aadhar-dataset/train/images,Error: C:\Program Files\Tesseract-OCR\tesseract.exe is not installed or it's not in your PATH. See README file for more information.
b71fb182905bbdeea99549bff81f9c22_jpg.rf.7c52aaa08c87481c1fd8edde391f29d4.jpg,/kaggle/input/datasets/nagendra048/aadhar-dataset/train/images,Error: C:\Program Files\Tesseract-OCR\tesseract.exe is not installed or it's not in your PATH. See README file for more information.
unnamed_jpg.rf.01b4d7fabc3fc8b3fc13f3ffa88f96a7.jpg,/kaggle/input/datasets/nagendra048/aadhar-dataset/train/images,Error: C:\Program Files\Tesseract-OCR\tesseract.exe is not installed or it's not in your PATH. See README file for more information.
c69b7f40144bf1cd4051251754af93ed-1-_jpg.rf.28e3829b5ad5ee0e538517b3c2029f47.jpg,/kaggle/input/datasets/nagendra048/aadhar-dataset/train/images,Error: C:\Program Files\Tesseract-OCR\tesseract.exe is not installed or it's not in your PATH. See README file for more information.
maxresdefault-1_jpg.rf.7890bb54004e3a72421aec053094eec2.jpg,/kaggle/input/datasets/nagendra048/aadhar-dataset/train/images,Error: C:\Program Files\Tesseract-OCR\tesseract.exe is not installed or it's not in your PATH. See README file for more information.
unnamed_jpg.rf.e2e092d5e58e6c1e7497c84734a96180.jpg,/kaggle/input/datasets/nagendra048/aadhar-dataset/train/images,Error: C:\Program Files\Tesseract-OCR\tesseract.exe is not installed or it's not in your PATH. See README file for more information.
1b26b406ad9485c98cd496bc371db57f_jpg.rf.a01d0ad7f9674ff76ae0762bf3bc7754.jpg,/kaggle/input/datasets/nagendra048/aadhar-dataset/train/images,Error: C:\Program Files\Tesseract-OCR\tesseract.exe is not installed or it's not in your PATH. See README file for more information.
e731587b225d7bad435c4cfb7cbec669_jpg.rf.afaa535d51e2a0dda2ddfc0d56ff2a7d.jpg,/kaggle/input/datasets/nagendra048/aadhar-dataset/train/images,Error: C:\Program Files\Tesseract-OCR\tesseract.exe is not installed or it's not in your PATH. See README file for more information.
dd73e0797834fecca12c450729c37fef_jpg.rf.edaea402a4ae9846a206e5dbce50241f.jpg,/kaggle/input/datasets/nagendra048/aadhar-dataset/train/images,Error: C:\Program Files\Tesseract-OCR\tesseract.exe is not installed or it's not in your PATH. See README file for more information.
10078_jpg.rf.760ee0c94374794f53686d9c6a8a2a1a.jpg,/kaggle/input/datasets/nagendra048/aadhar-dataset/train/images,Error: C:\Program Files\Tesseract-OCR\tesseract.exe is not installed or it's not in your PATH. See README file for more information.
0e0a5204f238d9c743ae456a8dc6529a_jpg.rf.f3a97eed0cdb5073661c6b3e867587bb.jpg,/kaggle/input/datasets/nagendra048/aadhar-dataset/train/images,Error: C:\Program Files\Tesseract-OCR\tesseract.exe is not installed or it's not in your PATH. See README file for more information.
dwRqcW6_jpg.rf.7cadf236547c310ce95153efc8363fae.jpg,/kaggle/input/datasets/nagendra048/aadhar-dataset/train/images,Error: C:\Program Files\Tesseract-OCR\tesseract.exe is not installed or it's not in your PATH. See README file for more information.
6d8e67208737a556302565d3c61dc373_jpg.rf.7d21d07e5a4170463925e5be0a6426f4.jpg,/kaggle/input/datasets/nagendra048/aadhar-dataset/train/images,Error: C:\Program Files\Tesseract-OCR\tesseract.exe is not installed or it's not in your PATH. See README file for more information.
images-3-_jpg.rf.145a465a2d5d67b46c13c137d8061ae9.jpg,/kaggle/input/datasets/nagendra048/aadhar-dataset/train/images,Error: C:\Program Files\Tesseract-OCR\tesseract.exe is not installed or it's not in your PATH. See README file for more information.
14171f7e3e906f9bb9cbee0e44b183ab_jpg.rf.e0bafdda24036a788dfbba4622adc64d.jpg,/kaggle/input/datasets/nagendra048/aadhar-dataset/train/images,Error: C:\Program Files\Tesseract-OCR\tesseract.exe is not installed or it's not in your PATH. See README file for more information.
10073_jpg.rf.85a0c25b3384cb3ca1d09eda6f704aab.jpg,/kaggle/input/datasets/nagendra048/aadhar-dataset/train/images,Error: C:\Program Files\Tesseract-OCR\tesseract.exe is not installed or it's not in your PATH. See README file for more information.
b2487cba906731d63c4ca7884bd1a2f0_jpg.rf.329ce4e2a626d6a4f9a0a4d28876b4d3.jpg,/kaggle/input/datasets/nagendra048/aadhar-dataset/train/images,Error: C:\Program Files\Tesseract-OCR\tesseract.exe is not installed or it's not in your PATH. See README file for more information.
73a8158ee961472799e57e72b1868f54_jpg.rf.3e913b9558c3a7c8d49af439e8fba673.jpg,/kaggle/input/datasets/nagendra048/aadhar-dataset/train/images,Error: C:\Program Files\Tesseract-OCR\tesseract.exe is not installed or it's not in your PATH. See README file for more information.
e731587b225d7bad435c4cfb7cbec669_jpg.rf.32b0c09b986fadcb4f3751b3dc596726.jpg,/kaggle/input/datasets/nagendra048/aadhar-dataset/train/images,Error: C:\Program Files\Tesseract-OCR\tesseract.exe is not installed or it's not in your PATH. See README file for more information.
94fc829f3e5abeea915fd790fba1ca4f_jpg.rf.dfd3db54dab8da121f133f277b22e35e.jpg,/kaggle/input/datasets/nagendra048/aadhar-dataset/train/images,Error: C:\Program Files\Tesseract-OCR\tesseract.exe is not installed or it's not in your PATH. See README file for more information.
c5cad996e165b070b99d2b76cdfb39dc_jpg.rf.9232e53e23ef6ea3b52b124a16bb761f.jpg,/kaggle/input/datasets/nagendra048/aadhar-dataset/train/images,Error: C:\Program Files\Tesseract-OCR\tesseract.exe is not installed or it's not in your PATH. See README file for more information.
26e69450edbd8716ee253bd7ec9b7607_jpg.rf.7b99e1b5afba24ece206b395ce440fcb.jpg,/kaggle/input/datasets/nagendra048/aadhar-dataset/train/images,Error: C:\Program Files\Tesseract-OCR\tesseract.exe is not installed or it's not in your PATH. See README file for more information.
ffa5e80e5c547686632c7bc9746fee87_jpg.rf.72ec62e7c95741d4a41c5296ff663537.jpg,/kaggle/input/datasets/nagendra048/aadhar-dataset/train/images,Error: C:\Program Files\Tesseract-OCR\tesseract.exe is not installed or it's not in your PATH. See README file for more information.
dwRqcW6_jpg.rf.5c79c858257e163f32b6a9bf2c487ba4.jpg,/kaggle/input/datasets/nagendra048/aadhar-dataset/train/images,Error: C:\Program Files\Tesseract-OCR\tesseract.exe is not installed or it's not in your PATH. See README file for more information.
15702284b04c27864e819ad89483b80d_jpg.rf.df03f61a83d9658b9a21278a79b82978.jpg,/kaggle/input/datasets/nagendra048/aadhar-dataset/train/images,Error: C:\Program Files\Tesseract-OCR\tesseract.exe is not installed or it's not in your PATH. See README file for more information.
sp-42095176-5v4rgi-thumbnail_jpg.rf.1bb0af742bf08cb62e037e2e5acfb5a8.jpg,/kaggle/input/datasets/nagendra048/aadhar-dataset/train/images,Error: C:\Program Files\Tesseract-OCR\tesseract.exe is not installed or it's not in your PATH. See README file for more information.
b0d100d4275f891c2fbc6d9d56dbd123_jpg.rf.80a3ad88edbba4740a21b39dc8523d93.jpg,/kaggle/input/datasets/nagendra048/aadhar-dataset/train/images,Error: C:\Program Files\Tesseract-OCR\tesseract.exe is not installed or it's not in your PATH. See README file for more information.
pvc_adhar-card-600x600_jpg.rf.e07292d2ea2fe7498da4a4158d69a0f9.jpg,/kaggle/input/datasets/nagendra048/aadhar-dataset/train/images,Error: C:\Program Files\Tesseract-OCR\tesseract.exe is not installed or it's not in your PATH. See README file for more information.
81eadb49cb7736c4e7460f318ebd5d29_jpg.rf.50fcfc7143c90df8d9bae052a7fefca1.jpg,/kaggle/input/datasets/nagendra048/aadhar-dataset/train/images,Error: C:\Program Files\Tesseract-OCR\tesseract.exe is not installed or it's not in your PATH. See README file for more information.
f6644ae09eb9acfc6a71f01115f917f9_jpg.rf.54ee67830f93f2b3e571770eb84ab1c8.jpg,/kaggle/input/datasets/nagendra048/aadhar-dataset/train/images,Error: C:\Program Files\Tesseract-OCR\tesseract.exe is not installed or it's not in your PATH. See README file for more information.
images-5-_jpg.rf.ab562d7cff9bd24a81f9142afa355728.jpg,/kaggle/input/datasets/nagendra048/aadhar-dataset/train/images,Error: C:\Program Files\Tesseract-OCR\tesseract.exe is not installed or it's not in your PATH. See README file for more information.
c86a0da801ae2e586164e814b43de3c9_jpg.rf.686e5b70ba419e2cdd1347aefe0ad36e.jpg,/kaggle/input/datasets/nagendra048/aadhar-dataset/train/images,Error: C:\Program Files\Tesseract-OCR\tesseract.exe is not installed or it's not in your PATH. See README file for more information.
1c89969c27b6f7ea57d47a74f579b5cc-1-_jpg.rf.ac98b820488e725c1fb364bc9212b49c.jpg,/kaggle/input/datasets/nagendra048/aadhar-dataset/train/images,Error: C:\Program Files\Tesseract-OCR\tesseract.exe is not installed or it's not in your PATH. See README file for more information.
aad43_jpg.rf.604ad6a2e2ff1a1f58ea1464a153fe8b.jpg,/kaggle/input/datasets/nagendra048/aadhar-dataset/train/images,Error: C:\Program Files\Tesseract-OCR\tesseract.exe is not installed or it's not in your PATH. See README file for more information.
73a8158ee961472799e57e72b1868f54_jpg.rf.50ca28e9f91455cdac5f6dfe6f76b3fa.jpg,/kaggle/input/datasets/nagendra048/aadhar-dataset/train/images,Error: C:\Program Files\Tesseract-OCR\tesseract.exe is not installed or it's not in your PATH. See README file for more information.
images-3-_jpg.rf.112cb2438731b0dfd9a1bc2c04826711.jpg,/kaggle/input/datasets/nagendra048/aadhar-dataset/train/images,Error: C:\Program Files\Tesseract-OCR\tesseract.exe is not installed or it's not in your PATH. See README file for more information.
maxresdefault-1_jpg.rf.1eff64b71d2acdee69ae9abda519b14a.jpg,/kaggle/input/datasets/nagendra048/aadhar-dataset/train/images,Error: C:\Program Files\Tesseract-OCR\tesseract.exe is not installed or it's not in your PATH. See README file for more information.
46804894d63fe5b3fea2582cfa7657c7-2-_jpg.rf.29405b5133e8065cf2fa8a508971cf61.jpg,/kaggle/input/datasets/nagendra048/aadhar-dataset/train/images,Error: C:\Program Files\Tesseract-OCR\tesseract.exe is not installed or it's not in your PATH. See README file for more information.
82a73cb534ca5805e7136e48059e7000_jpg.rf.f1397dfc0bbada34465a3a9073aba39b.jpg,/kaggle/input/datasets/nagendra048/aadhar-dataset/train/images,Error: C:\Program Files\Tesseract-OCR\tesseract.exe is not installed or it's not in your PATH. See README file for more information.
3564191365d6dd7bff705c3252860029_jpg.rf.5f50c3bec8c39727213702d5c2266537.jpg,/kaggle/input/datasets/nagendra048/aadhar-dataset/train/images,Error: C:\Program Files\Tesseract-OCR\tesseract.exe is not installed or it's not in your PATH. See README file for more information.
images-8-_jpg.rf.0f74731b9409c52347aad3bd43f94ba0.jpg,/kaggle/input/datasets/nagendra048/aadhar-dataset/train/images,Error: C:\Program Files\Tesseract-OCR\tesseract.exe is not installed or it's not in your PATH. See README file for more information.
c69b7f40144bf1cd4051251754af93ed_jpg.rf.4d908376229e0c189f3bb37bf5f76eb9.jpg,/kaggle/input/datasets/nagendra048/aadhar-dataset/train/images,Error: C:\Program Files\Tesseract-OCR\tesseract.exe is not installed or it's not in your PATH. See README file for more information.
EodP1JyUUAAQ_o2_jpg.rf.e3e920cd01a6372d38a8d56cc65c3a1c.jpg,/kaggle/input/datasets/nagendra048/aadhar-dataset/train/images,Error: C:\Program Files\Tesseract-OCR\tesseract.exe is not installed or it's not in your PATH. See README file for more information.
116508899_159713039053118_8698401500526480570_n_jpg.rf.2ea4e97c156ab298059c4817907f0d48.jpg,/kaggle/input/datasets/nagendra048/aadhar-dataset/train/images,Error: C:\Program Files\Tesseract-OCR\tesseract.exe is not installed or it's not in your PATH. See README file for more information.
19b620ad00aeb2885f0f0a1ccb337919_jpg.rf.859fc0a42f9e517bfc8cc84fce5d0e3c.jpg,/kaggle/input/datasets/nagendra048/aadhar-dataset/train/images,Error: C:\Program Files\Tesseract-OCR\tesseract.exe is not installed or it's not in your PATH. See README file for more information.
amb-022_1636178548_jpg.rf.18eddbb44e1c61d38cdc7c195c15e44f.jpg,/kaggle/input/datasets/nagendra048/aadhar-dataset/train/images,Error: C:\Program Files\Tesseract-OCR\tesseract.exe is not installed or it's not in your PATH. See README file for more information.
0c0584201ff552c4bdcbe160315aa432_jpg.rf.2b6b3019429fe97ca467ac2f5509fb48.jpg,/kaggle/input/datasets/nagendra048/aadhar-dataset/train/images,Error: C:\Program Files\Tesseract-OCR\tesseract.exe is not installed or it's not in your PATH. See README file for more information.
23752a535ecca255d677464b5a7a24f4_jpg.rf.ee9a35fce55fe3ea93c938505a699b80.jpg,/kaggle/input/datasets/nagendra048/aadhar-dataset/train/images,Error: C:\Program Files\Tesseract-OCR\tesseract.exe is not installed or it's not in your PATH. See README file for more information.
6faf8790a38b5e6a7d9e3347ba84a24f_jpg.rf.b55a7b3b1b80ca88d56d11e0c68fdae8.jpg,/kaggle/input/datasets/nagendra048/aadhar-dataset/train/images,Error: C:\Program Files\Tesseract-OCR\tesseract.exe is not installed or it's not in your PATH. See README file for more information.
images-11-_jpg.rf.7110d4de013033e7abc144f186578c84.jpg,/kaggle/input/datasets/nagendra048/aadhar-dataset/train/images,Error: C:\Program Files\Tesseract-OCR\tesseract.exe is not installed or it's not in your PATH. See README file for more information.
06_01_2022_03_15_15_png_jpg.rf.acae75724883c720cc8b6ad985e1f7c7.jpg,/kaggle/input/datasets/nagendra048/aadhar-dataset/train/images,Error: C:\Program Files\Tesseract-OCR\tesseract.exe is not installed or it's not in your PATH. See README file for more information.
46804894d63fe5b3fea2582cfa7657c7-1-_jpg.rf.a97acaae74fc53553f0b21412ccd87d1.jpg,/kaggle/input/datasets/nagendra048/aadhar-dataset/train/images,Error: C:\Program Files\Tesseract-OCR\tesseract.exe is not installed or it's not in your PATH. See README file for more information.
adhar1_2366193f_jpg.rf.3202d51c03121b3c53d075b2db208e8c.jpg,/kaggle/input/datasets/nagendra048/aadhar-dataset/train/images,Error: C:\Program Files\Tesseract-OCR\tesseract.exe is not installed or it's not in your PATH. See README file for more information.
6cc303eb6be78797fd871ec8cad3a65d_jpg.rf.ab9e4bf14d3e19903fec23ec1b7eba1c.jpg,/kaggle/input/datasets/nagendra048/aadhar-dataset/train/images,Error: C:\Program Files\Tesseract-OCR\tesseract.exe is not installed or it's not in your PATH. See README file for more information.
c69b7f40144bf1cd4051251754af93ed_jpg.rf.d079336a5b26a15161fa6a4d0e2f08e9.jpg,/kaggle/input/datasets/nagendra048/aadhar-dataset/train/images,Error: C:\Program Files\Tesseract-OCR\tesseract.exe is not installed or it's not in your PATH. See README file for more information.
EWlRgN0UMAEhp1u_jpg.rf.009d6f27fd21567762b44a9c80d8bb95.jpg,/kaggle/input/datasets/nagendra048/aadhar-dataset/train/images,Error: C:\Program Files\Tesseract-OCR\tesseract.exe is not installed or it's not in your PATH. See README file for more information.
dwRqcW6_jpg.rf.f7e537fb4d80222e6c9230606a761088.jpg,/kaggle/input/datasets/nagendra048/aadhar-dataset/train/images,Error: C:\Program Files\Tesseract-OCR\tesseract.exe is not installed or it's not in your PATH. See README file for more information.
6b6ad42e38094e11a2260c2694582da5_jpg.rf.817e7a0bfd00bb9737f7ee7443c92bce.jpg,/kaggle/input/datasets/nagendra048/aadhar-dataset/train/images,Error: C:\Program Files\Tesseract-OCR\tesseract.exe is not installed or it's not in your PATH. See README file for more information.
2b923b9c9b526e45022e18d0493946ba-1-_jpg.rf.d7fd50295f5d7adcb1b34a9221de53b8.jpg,/kaggle/input/datasets/nagendra048/aadhar-dataset/train/images,Error: C:\Program Files\Tesseract-OCR\tesseract.exe is not installed or it's not in your PATH. See README file for more information.
3564191365d6dd7bff705c3252860029_jpg.rf.1260aeb61e8faa9d1834a88fec1b9d82.jpg,/kaggle/input/datasets/nagendra048/aadhar-dataset/train/images,Error: C:\Program Files\Tesseract-OCR\tesseract.exe is not installed or it's not in your PATH. See README file for more information.
6faf8790a38b5e6a7d9e3347ba84a24f_jpg.rf.ccf0fab2ab1d168925bc377f94f1570c.jpg,/kaggle/input/datasets/nagendra048/aadhar-dataset/train/images,Error: C:\Program Files\Tesseract-OCR\tesseract.exe is not installed or it's not in your PATH. See README file for more information.
DE8svj0U0AAEnrD_jpg.rf.eba094c355caed91227d2be4b213b876.jpg,/kaggle/input/datasets/nagendra048/aadhar-dataset/train/images,Error: C:\Program Files\Tesseract-OCR\tesseract.exe is not installed or it's not in your PATH. See README file for more information.
94fc829f3e5abeea915fd790fba1ca4f_jpg.rf.e094d44768c4db5edf7394a3d34c25c5.jpg,/kaggle/input/datasets/nagendra048/aadhar-dataset/train/images,Error: C:\Program Files\Tesseract-OCR\tesseract.exe is not installed or it's not in your PATH. See README file for more information.
2017_7image_01_34_3344908890_jpg.rf.52edd8eb20792a1fb4992fff04bd6136.jpg,/kaggle/input/datasets/nagendra048/aadhar-dataset/train/images,Error: C:\Program Files\Tesseract-OCR\tesseract.exe is not installed or it's not in your PATH. See README file for more information.
ce1ea2dcb0a8e8dac1e26793ad3d5ecb_jpg.rf.3d0071d594a2e0d6768be4576f77d93e.jpg,/kaggle/input/datasets/nagendra048/aadhar-dataset/train/images,Error: C:\Program Files\Tesseract-OCR\tesseract.exe is not installed or it's not in your PATH. See README file for more information.
17e77ff746a7f6995dcbe80f0b107701_jpg.rf.603bbb80806d0d51a3d39f450c1c1170.jpg,/kaggle/input/datasets/nagendra048/aadhar-dataset/train/images,Error: C:\Program Files\Tesseract-OCR\tesseract.exe is not installed or it's not in your PATH. See README file for more information.
49fa3bcf36cda2851f2d12adc5f9f6db-2-_jpg.rf.761695ccad4499c8f18ad9ad9ba9305e.jpg,/kaggle/input/datasets/nagendra048/aadhar-dataset/train/images,Error: C:\Program Files\Tesseract-OCR\tesseract.exe is not installed or it's not in your PATH. See README file for more information.
25305fe9d4d92e3899f5fbcab86fb2c7_jpg.rf.04053f5603ebc0115d04ab98045a0c0c.jpg,/kaggle/input/datasets/nagendra048/aadhar-dataset/train/images,Error: C:\Program Files\Tesseract-OCR\tesseract.exe is not installed or it's not in your PATH. See README file for more information.
6d8e67208737a556302565d3c61dc373_jpg.rf.6b55f0323fc37d20484b20208d8be243.jpg,/kaggle/input/datasets/nagendra048/aadhar-dataset/train/images,Error: C:\Program Files\Tesseract-OCR\tesseract.exe is not installed or it's not in your PATH. See README file for more information.
71697128_jpg.rf.c4df8903f44452a153f8e3d7bb2ad196.jpg,/kaggle/input/datasets/nagendra048/aadhar-dataset/train/images,Error: C:\Program Files\Tesseract-OCR\tesseract.exe is not installed or it's not in your PATH. See README file for more information.
b0d100d4275f891c2fbc6d9d56dbd123_jpg.rf.b1cd7767441008bb0c9b5881192ef20b.jpg,/kaggle/input/datasets/nagendra048/aadhar-dataset/train/images,Error: C:\Program Files\Tesseract-OCR\tesseract.exe is not installed or it's not in your PATH. See README file for more information.
116508899_159713039053118_8698401500526480570_n_jpg.rf.5fa05b8f39bae4561ecae4f70209f104.jpg,/kaggle/input/datasets/nagendra048/aadhar-dataset/train/images,Error: C:\Program Files\Tesseract-OCR\tesseract.exe is not installed or it's not in your PATH. See README file for more information.
images-8-_jpg.rf.719d7c93e27196134f4d3590becd77ae.jpg,/kaggle/input/datasets/nagendra048/aadhar-dataset/train/images,Error: C:\Program Files\Tesseract-OCR\tesseract.exe is not installed or it's not in your PATH. See README file for more information.
c709629e7d00468f6c112daa8ca6c9e8_jpg.rf.24d06a517d7e4b5343dd3714ebc95e4e.jpg,/kaggle/input/datasets/nagendra048/aadhar-dataset/train/images,Error: C:\Program Files\Tesseract-OCR\tesseract.exe is not installed or it's not in your PATH. See README file for more information.
c7d12dabedb1da10342b91dea665a917_jpg.rf.08b1167e0410f9e1217f3ec75115cf84.jpg,/kaggle/input/datasets/nagendra048/aadhar-dataset/train/images,Error: C:\Program Files\Tesseract-OCR\tesseract.exe is not installed or it's not in your PATH. See README file for more information.
thumb_jpg.rf.fdcecbca74cf8501a2d54fa1119d3a08.jpg,/kaggle/input/datasets/nagendra048/aadhar-dataset/train/images,Error: C:\Program Files\Tesseract-OCR\tesseract.exe is not installed or it's not in your PATH. See README file for more information.
14171f7e3e906f9bb9cbee0e44b183ab-1-_jpg.rf.f711c528f953e8a5cf5ee3ea0369f30a.jpg,/kaggle/input/datasets/nagendra048/aadhar-dataset/train/images,Error: C:\Program Files\Tesseract-OCR\tesseract.exe is not installed or it's not in your PATH. See README file for more information.
images-20-_jpg.rf.69ea07769b95543a0da22be314d25b67.jpg,/kaggle/input/datasets/nagendra048/aadhar-dataset/train/images,Error: C:\Program Files\Tesseract-OCR\tesseract.exe is not installed or it's not in your PATH. See README file for more information.
9ccffeac84c5b19e14bab96b9177b18b_jpg.rf.a552510f75f334d1a3467b2a3c6cc26b.jpg,/kaggle/input/datasets/nagendra048/aadhar-dataset/train/images,Error: C:\Program Files\Tesseract-OCR\tesseract.exe is not installed or it's not in your PATH. See README file for more information.
6cc303eb6be78797fd871ec8cad3a65d_jpg.rf.25567399a75b94f4e71da9ce289ebf8c.jpg,/kaggle/input/datasets/nagendra048/aadhar-dataset/train/images,Error: C:\Program Files\Tesseract-OCR\tesseract.exe is not installed or it's not in your PATH. See README file for more information.
7e65eb61f2d964e4e46a9ee5e1330c28_jpg.rf.8e2ee2a185b96e384c9745cb5af79aec.jpg,/kaggle/input/datasets/nagendra048/aadhar-dataset/train/images,Error: C:\Program Files\Tesseract-OCR\tesseract.exe is not installed or it's not in your PATH. See README file for more information.
product-500x500_jpg.rf.39307be788c72e09aadcc7388442263c.jpg,/kaggle/input/datasets/nagendra048/aadhar-dataset/train/images,Error: C:\Program Files\Tesseract-OCR\tesseract.exe is not installed or it's not in your PATH. See README file for more information.
D8E0Re_VsAEzhCg_jpg.rf.e23779803e65088890dd7b59cbf5caa8.jpg,/kaggle/input/datasets/nagendra048/aadhar-dataset/train/images,Error: C:\Program Files\Tesseract-OCR\tesseract.exe is not installed or it's not in your PATH. See README file for more information.
447675edf75967ed3047d0ff28f280ac_jpg.rf.4676393151fa1ae32a795dc3223205b7.jpg,/kaggle/input/datasets/nagendra048/aadhar-dataset/train/images,Error: C:\Program Files\Tesseract-OCR\tesseract.exe is not installed or it's not in your PATH. See README file for more information.
meerut-news_1591527061_jpg.rf.19498e6cd32a6daacbfd3586fb8e7f57.jpg,/kaggle/input/datasets/nagendra048/aadhar-dataset/train/images,Error: C:\Program Files\Tesseract-OCR\tesseract.exe is not installed or it's not in your PATH. See README file for more information.
1b26b406ad9485c98cd496bc371db57f_jpg.rf.8ec07fb129f9cd765f8269053f40665c.jpg,/kaggle/input/datasets/nagendra048/aadhar-dataset/train/images,Error: C:\Program Files\Tesseract-OCR\tesseract.exe is not installed or it's not in your PATH. See README file for more information.
c709629e7d00468f6c112daa8ca6c9e8_jpg.rf.cd946d656deda1770292e4e89afd307e.jpg,/kaggle/input/datasets/nagendra048/aadhar-dataset/train/images,Error: C:\Program Files\Tesseract-OCR\tesseract.exe is not installed or it's not in your PATH. See README file for more information.
06a0686f91bed47d1f4873e4d104442c_jpg.rf.bf1ca77721a2875eb585301ca4b65a41.jpg,/kaggle/input/datasets/nagendra048/aadhar-dataset/train/images,Error: C:\Program Files\Tesseract-OCR\tesseract.exe is not installed or it's not in your PATH. See README file for more information.
447675edf75967ed3047d0ff28f280ac_jpg.rf.eec61f08857fa796d0aeea9cd8bc1469.jpg,/kaggle/input/datasets/nagendra048/aadhar-dataset/train/images,Error: C:\Program Files\Tesseract-OCR\tesseract.exe is not installed or it's not in your PATH. See README file for more information.
60643f2e835245dfa9b0c9c988abb748_jpg.rf.b786e54ed28c9095cabe93ff9b82a485.jpg,/kaggle/input/datasets/nagendra048/aadhar-dataset/train/images,Error: C:\Program Files\Tesseract-OCR\tesseract.exe is not installed or it's not in your PATH. See README file for more information.
086d820550f34066764f4047ddc263ca_jpg.rf.970465d47878484f03af2f5d75b1b6b3.jpg,/kaggle/input/datasets/nagendra048/aadhar-dataset/train/images,Error: C:\Program Files\Tesseract-OCR\tesseract.exe is not installed or it's not in your PATH. See README file for more information.
8455878ee3f6d5bf35580169888b3fb6_jpg.rf.4378bc477a60c1274e8ba6fc80da5b90.jpg,/kaggle/input/datasets/nagendra048/aadhar-dataset/train/images,Error: C:\Program Files\Tesseract-OCR\tesseract.exe is not installed or it's not in your PATH. See README file for more information.
b0d100d4275f891c2fbc6d9d56dbd123_jpg.rf.fc427eb745e7184671eb7ca8890eb3fe.jpg,/kaggle/input/datasets/nagendra048/aadhar-dataset/train/images,Error: C:\Program Files\Tesseract-OCR\tesseract.exe is not installed or it's not in your PATH. See README file for more information.
086d820550f34066764f4047ddc263ca_jpg.rf.e13dda013a3f625eed005d88c9fc2088.jpg,/kaggle/input/datasets/nagendra048/aadhar-dataset/train/images,Error: C:\Program Files\Tesseract-OCR\tesseract.exe is not installed or it's not in your PATH. See README file for more information.
25305fe9d4d92e3899f5fbcab86fb2c7_jpg.rf.2cc918fd5caffceb96c54c694d92fe4d.jpg,/kaggle/input/datasets/nagendra048/aadhar-dataset/train/images,Error: C:\Program Files\Tesseract-OCR\tesseract.exe is not installed or it's not in your PATH. See README file for more information.
8c7dab60c3bdf9f210aaaca1a87c78de_jpg.rf.06fac3aa5661ec2a88fba68367babc46.jpg,/kaggle/input/datasets/nagendra048/aadhar-dataset/train/images,Error: C:\Program Files\Tesseract-OCR\tesseract.exe is not installed or it's not in your PATH. See README file for more information.
94eb12c96f2d79889f4856eb47ae25a4_jpg.rf.7496da6124edf86d3f95b6d2819681a8.jpg,/kaggle/input/datasets/nagendra048/aadhar-dataset/train/images,Error: C:\Program Files\Tesseract-OCR\tesseract.exe is not installed or it's not in your PATH. See README file for more information.
a1e3125efaa4eebd8efc907ae48b69a1-1-_jpg.rf.d1b2c749b7a064cf430a87074fecf17d.jpg,/kaggle/input/datasets/nagendra048/aadhar-dataset/train/images,Error: C:\Program Files\Tesseract-OCR\tesseract.exe is not installed or it's not in your PATH. See README file for more information.
EL-ezv8UEAMzzu4_jpg.rf.4c79cf20bf08b0184b619ecd3d89e0e5.jpg,/kaggle/input/datasets/nagendra048/aadhar-dataset/train/images,Error: C:\Program Files\Tesseract-OCR\tesseract.exe is not installed or it's not in your PATH. See README file for more information.
c5bc89c6e9cede0ff4d07085c5ce2488_jpg.rf.9af13bff9269bee7d8fcfc103f107ecc.jpg,/kaggle/input/datasets/nagendra048/aadhar-dataset/train/images,Error: C:\Program Files\Tesseract-OCR\tesseract.exe is not installed or it's not in your PATH. See README file for more information.
images-1-_jpg.rf.ea4f784e400e1be39940e155f730b0fe.jpg,/kaggle/input/datasets/nagendra048/aadhar-dataset/train/images,Error: C:\Program Files\Tesseract-OCR\tesseract.exe is not installed or it's not in your PATH. See README file for more information.
c9c6e3b130e3aed890884c240195ec9d_jpg.rf.7f490ac389cfba4c90fdc2b6718960cc.jpg,/kaggle/input/datasets/nagendra048/aadhar-dataset/train/images,Error: C:\Program Files\Tesseract-OCR\tesseract.exe is not installed or it's not in your PATH. See README file for more information.
Ee-U7_SVAAIKkKh_jpg.rf.0b64623e042947e732d2a49b425f7fd0.jpg,/kaggle/input/datasets/nagendra048/aadhar-dataset/train/images,Error: C:\Program Files\Tesseract-OCR\tesseract.exe is not installed or it's not in your PATH. See README file for more information.
ac313c63f18e91c513128fa97bce32d6_jpg.rf.f8014e53f2948e043453ad75d7217cd2.jpg,/kaggle/input/datasets/nagendra048/aadhar-dataset/train/images,Error: C:\Program Files\Tesseract-OCR\tesseract.exe is not installed or it's not in your PATH. See README file for more information.
c69b7f40144bf1cd4051251754af93ed_jpg.rf.00eee9c15dac932ff0c9e10b96492588.jpg,/kaggle/input/datasets/nagendra048/aadhar-dataset/train/images,Error: C:\Program Files\Tesseract-OCR\tesseract.exe is not installed or it's not in your PATH. See README file for more information.
766ad22cd5a05c1a9d21c658bb1e925c_jpg.rf.0333e23f52eea205db0285bb30a1a2a8.jpg,/kaggle/input/datasets/nagendra048/aadhar-dataset/train/images,Error: C:\Program Files\Tesseract-OCR\tesseract.exe is not installed or it's not in your PATH. See README file for more information.
14171f7e3e906f9bb9cbee0e44b183ab_jpg.rf.07b1a28cfdee07444534b0d5e1f8eaa4.jpg,/kaggle/input/datasets/nagendra048/aadhar-dataset/train/images,Error: C:\Program Files\Tesseract-OCR\tesseract.exe is not installed or it's not in your PATH. See README file for more information.
images-7-_jpg.rf.3a5689292c66204c7493088e2c444b70.jpg,/kaggle/input/datasets/nagendra048/aadhar-dataset/train/images,Error: C:\Program Files\Tesseract-OCR\tesseract.exe is not installed or it's not in your PATH. See README file for more information.
c709629e7d00468f6c112daa8ca6c9e8_jpg.rf.5c4758f37a275c732be8bc4b87a4196a.jpg,/kaggle/input/datasets/nagendra048/aadhar-dataset/train/images,Error: C:\Program Files\Tesseract-OCR\tesseract.exe is not installed or it's not in your PATH. See README file for more information.
c709629e7d00468f6c112daa8ca6c9e8_jpg.rf.67fa3f77dff59b2eb30c883bb88242ab.jpg,/kaggle/input/datasets/nagendra048/aadhar-dataset/train/images,Error: C:\Program Files\Tesseract-OCR\tesseract.exe is not installed or it's not in your PATH. See README file for more information.
086d820550f34066764f4047ddc263ca_jpg.rf.54e55ee567e8943d8831a21edbba15b3.jpg,/kaggle/input/datasets/nagendra048/aadhar-dataset/train/images,Error: C:\Program Files\Tesseract-OCR\tesseract.exe is not installed or it's not in your PATH. See README file for more information.
15702284b04c27864e819ad89483b80d_jpg.rf.8cd323a415175d80c34587c9f91e3f0c.jpg,/kaggle/input/datasets/nagendra048/aadhar-dataset/train/images,Error: C:\Program Files\Tesseract-OCR\tesseract.exe is not installed or it's not in your PATH. See README file for more information.
1b26b406ad9485c98cd496bc371db57f_jpg.rf.638f92ce4134f54d2dad592d6147c3df.jpg,/kaggle/input/datasets/nagendra048/aadhar-dataset/train/images,Error: C:\Program Files\Tesseract-OCR\tesseract.exe is not installed or it's not in your PATH. See README file for more information.
EodP1JyUUAAQ_o2_jpg.rf.be6344ff949ae12ac11ec019ca92f455.jpg,/kaggle/input/datasets/nagendra048/aadhar-dataset/train/images,Error: C:\Program Files\Tesseract-OCR\tesseract.exe is not installed or it's not in your PATH. See README file for more information.
D8E0Re_VsAEzhCg_jpg.rf.b421b3b1107cd4fd309e58b2c6559f90.jpg,/kaggle/input/datasets/nagendra048/aadhar-dataset/train/images,Error: C:\Program Files\Tesseract-OCR\tesseract.exe is not installed or it's not in your PATH. See README file for more information.
44ca6539da21ea839134cf0e39ff6e37_jpg.rf.8e971f1c935e27de897cb446858bae96.jpg,/kaggle/input/datasets/nagendra048/aadhar-dataset/train/images,Error: C:\Program Files\Tesseract-OCR\tesseract.exe is not installed or it's not in your PATH. See README file for more information.
images-19-_jpg.rf.47f8e093425d14b5b5010ef8b08551d3.jpg,/kaggle/input/datasets/nagendra048/aadhar-dataset/train/images,Error: C:\Program Files\Tesseract-OCR\tesseract.exe is not installed or it's not in your PATH. See README file for more information.
aad43_jpg.rf.77930cbc2eb95342d1dc0ecbf3cb7d6a.jpg,/kaggle/input/datasets/nagendra048/aadhar-dataset/train/images,Error: C:\Program Files\Tesseract-OCR\tesseract.exe is not installed or it's not in your PATH. See README file for more information.
images-7-_jpg.rf.2b849990f43b1bc63813a72da2dd318d.jpg,/kaggle/input/datasets/nagendra048/aadhar-dataset/train/images,Error: C:\Program Files\Tesseract-OCR\tesseract.exe is not installed or it's not in your PATH. See README file for more information.
46804894d63fe5b3fea2582cfa7657c7-2-_jpg.rf.edb2f380cd062a9d271c079a144f9075.jpg,/kaggle/input/datasets/nagendra048/aadhar-dataset/train/images,Error: C:\Program Files\Tesseract-OCR\tesseract.exe is not installed or it's not in your PATH. See README file for more information.
766ad22cd5a05c1a9d21c658bb1e925c_jpg.rf.ef298a05291c1db3fd5ca0faaa998c71.jpg,/kaggle/input/datasets/nagendra048/aadhar-dataset/train/images,Error: C:\Program Files\Tesseract-OCR\tesseract.exe is not installed or it's not in your PATH. See README file for more information.
35c4f8abcda3c0e3fe13b2435deaaff4_jpg.rf.fa876ee085a3fd253ff62e6a9a134236.jpg,/kaggle/input/datasets/nagendra048/aadhar-dataset/train/images,Error: C:\Program Files\Tesseract-OCR\tesseract.exe is not installed or it's not in your PATH. See README file for more information.
EL-ezv8UEAMzzu4_jpg.rf.c9b14fbb92acadcf0dfdd946b422db42.jpg,/kaggle/input/datasets/nagendra048/aadhar-dataset/train/images,Error: C:\Program Files\Tesseract-OCR\tesseract.exe is not installed or it's not in your PATH. See README file for more information.
images-3-_jpg.rf.ce94357f892dc3bcfad0dc8eed38b258.jpg,/kaggle/input/datasets/nagendra048/aadhar-dataset/train/images,Error: C:\Program Files\Tesseract-OCR\tesseract.exe is not installed or it's not in your PATH. See README file for more information.
110_504886170_jpg.rf.821f1f17c832a941294cf07c92f68cef.jpg,/kaggle/input/datasets/nagendra048/aadhar-dataset/train/images,Error: C:\Program Files\Tesseract-OCR\tesseract.exe is not installed or it's not in your PATH. See README file for more information.
2b923b9c9b526e45022e18d0493946ba_jpg.rf.3b1e6350855a31ee10a599f78196e231.jpg,/kaggle/input/datasets/nagendra048/aadhar-dataset/train/images,Error: C:\Program Files\Tesseract-OCR\tesseract.exe is not installed or it's not in your PATH. See README file for more information.
D8E0Re_VsAEzhCg_jpg.rf.88780fca033ce0bf524dd3482124a6c3.jpg,/kaggle/input/datasets/nagendra048/aadhar-dataset/train/images,Error: C:\Program Files\Tesseract-OCR\tesseract.exe is not installed or it's not in your PATH. See README file for more information.
unnamed_jpg.rf.7ea6543d42f417c92ab8f51c5e204857.jpg,/kaggle/input/datasets/nagendra048/aadhar-dataset/train/images,Error: C:\Program Files\Tesseract-OCR\tesseract.exe is not installed or it's not in your PATH. See README file for more information.
images-4-_jpg.rf.d1f332073c3038e8cb41251be2662095.jpg,/kaggle/input/datasets/nagendra048/aadhar-dataset/train/images,Error: C:\Program Files\Tesseract-OCR\tesseract.exe is not installed or it's not in your PATH. See README file for more information.
58a8a1d7cf82feffbc75786afbe700ad_jpg.rf.981d6301a162c7b7a213961dc87e1885.jpg,/kaggle/input/datasets/nagendra048/aadhar-dataset/train/images,Error: C:\Program Files\Tesseract-OCR\tesseract.exe is not installed or it's not in your PATH. See README file for more information.
images-12-_jpg.rf.246e9d292924f547028ce1664cc3c418.jpg,/kaggle/input/datasets/nagendra048/aadhar-dataset/train/images,Error: C:\Program Files\Tesseract-OCR\tesseract.exe is not installed or it's not in your PATH. See README file for more information.
1c89969c27b6f7ea57d47a74f579b5cc-1-_jpg.rf.d63497eaaecdbcefe97703c3bc171259.jpg,/kaggle/input/datasets/nagendra048/aadhar-dataset/train/images,Error: C:\Program Files\Tesseract-OCR\tesseract.exe is not installed or it's not in your PATH. See README file for more information.
dd1b5eeb6239e3d97be96c4fa66a4eb7_jpg.rf.3fd1f4a24c126d274d562f6182084b40.jpg,/kaggle/input/datasets/nagendra048/aadhar-dataset/train/images,Error: C:\Program Files\Tesseract-OCR\tesseract.exe is not installed or it's not in your PATH. See README file for more information.
images-14-_jpg.rf.2e446147cecd0aec84be24d05c90d13e.jpg,/kaggle/input/datasets/nagendra048/aadhar-dataset/train/images,Error: C:\Program Files\Tesseract-OCR\tesseract.exe is not installed or it's not in your PATH. See README file for more information.
6cc303eb6be78797fd871ec8cad3a65d_jpg.rf.2536996188f71cd8e3283ea1366459e1.jpg,/kaggle/input/datasets/nagendra048/aadhar-dataset/train/images,Error: C:\Program Files\Tesseract-OCR\tesseract.exe is not installed or it's not in your PATH. See README file for more information.
2bfd2f150b31581bac34445b5c49dd26_jpg.rf.37f3bb1b659c45ba179bf94c24593c77.jpg,/kaggle/input/datasets/nagendra048/aadhar-dataset/train/images,Error: C:\Program Files\Tesseract-OCR\tesseract.exe is not installed or it's not in your PATH. See README file for more information.
368a4dd1224bf4d35aa30fc7b61d32d2-1-_jpg.rf.5b98471aeb10d44e77d0f4b3ccce0a18.jpg,/kaggle/input/datasets/nagendra048/aadhar-dataset/train/images,Error: C:\Program Files\Tesseract-OCR\tesseract.exe is not installed or it's not in your PATH. See README file for more information.
1c89969c27b6f7ea57d47a74f579b5cc-2-_jpg.rf.7e96fb7b891a38ceffd22092792c03ec.jpg,/kaggle/input/datasets/nagendra048/aadhar-dataset/train/images,Error: C:\Program Files\Tesseract-OCR\tesseract.exe is not installed or it's not in your PATH. See README file for more information.
cfd6db78024aa90c6166e6873945fa56_jpg.rf.71873bf3bb2f0c83d20c989e75b9a054.jpg,/kaggle/input/datasets/nagendra048/aadhar-dataset/train/images,Error: C:\Program Files\Tesseract-OCR\tesseract.exe is not installed or it's not in your PATH. See README file for more information.
ac313c63f18e91c513128fa97bce32d6_jpg.rf.c18cb469dfbaf6db87aab9b238f3b054.jpg,/kaggle/input/datasets/nagendra048/aadhar-dataset/train/images,Error: C:\Program Files\Tesseract-OCR\tesseract.exe is not installed or it's not in your PATH. See README file for more information.
images-2-_jpg.rf.e752d402a78cdd4184c9b325535ce3be.jpg,/kaggle/input/datasets/nagendra048/aadhar-dataset/train/images,Error: C:\Program Files\Tesseract-OCR\tesseract.exe is not installed or it's not in your PATH. See README file for more information.
7e65eb61f2d964e4e46a9ee5e1330c28_jpg.rf.edd7ab22fc9e2abc06038b69060b80cb.jpg,/kaggle/input/datasets/nagendra048/aadhar-dataset/train/images,Error: C:\Program Files\Tesseract-OCR\tesseract.exe is not installed or it's not in your PATH. See README file for more information.
JAI_AADHAR_jpg.rf.a9b163dfaee958e291f2f1d35b9234c6.jpg,/kaggle/input/datasets/nagendra048/aadhar-dataset/train/images,Error: C:\Program Files\Tesseract-OCR\tesseract.exe is not installed or it's not in your PATH. See README file for more information.
images-20-_jpg.rf.944bbc61d991c32c4633daaa09ae5abe.jpg,/kaggle/input/datasets/nagendra048/aadhar-dataset/train/images,Error: C:\Program Files\Tesseract-OCR\tesseract.exe is not installed or it's not in your PATH. See README file for more information.
15702284b04c27864e819ad89483b80d_jpg.rf.1f0c3e8347a90c4da70241df8258d641.jpg,/kaggle/input/datasets/nagendra048/aadhar-dataset/train/images,Error: C:\Program Files\Tesseract-OCR\tesseract.exe is not installed or it's not in your PATH. See README file for more information.
maxresdefault-1_jpg.rf.74d641fe53a23b8a7754d2e9a74a61f2.jpg,/kaggle/input/datasets/nagendra048/aadhar-dataset/train/images,Error: C:\Program Files\Tesseract-OCR\tesseract.exe is not installed or it's not in your PATH. See README file for more information.
D8E0Re_VsAEzhCg_jpg.rf.c60d0fe5f84127f1fc4a160149f1ad59.jpg,/kaggle/input/datasets/nagendra048/aadhar-dataset/train/images,Error: C:\Program Files\Tesseract-OCR\tesseract.exe is not installed or it's not in your PATH. See README file for more information.
images-18-_jpg.rf.b0408a75681755d14253a6c18fe00eb6.jpg,/kaggle/input/datasets/nagendra048/aadhar-dataset/train/images,Error: C:\Program Files\Tesseract-OCR\tesseract.exe is not installed or it's not in your PATH. See README file for more information.
images-15-_jpg.rf.a464093ae691b2e6e00d4ae05155f67d.jpg,/kaggle/input/datasets/nagendra048/aadhar-dataset/train/images,Error: C:\Program Files\Tesseract-OCR\tesseract.exe is not installed or it's not in your PATH. See README file for more information.
images-19-_jpg.rf.8064af7000bfeb20f94869938b8b004b.jpg,/kaggle/input/datasets/nagendra048/aadhar-dataset/train/images,Error: C:\Program Files\Tesseract-OCR\tesseract.exe is not installed or it's not in your PATH. See README file for more information.
dd73e0797834fecca12c450729c37fef_jpg.rf.33dfe0219dfc1af30bcaf6283f48f299.jpg,/kaggle/input/datasets/nagendra048/aadhar-dataset/train/images,Error: C:\Program Files\Tesseract-OCR\tesseract.exe is not installed or it's not in your PATH. See README file for more information.
78ebbaace416b45c0b552a5a3de7b1a7_jpg.rf.66a504628103848053c2255286f000da.jpg,/kaggle/input/datasets/nagendra048/aadhar-dataset/train/images,Error: C:\Program Files\Tesseract-OCR\tesseract.exe is not installed or it's not in your PATH. See README file for more information.
60643f2e835245dfa9b0c9c988abb748_jpg.rf.7a2b125333fe18926a95b42f7e5db92b.jpg,/kaggle/input/datasets/nagendra048/aadhar-dataset/train/images,Error: C:\Program Files\Tesseract-OCR\tesseract.exe is not installed or it's not in your PATH. See README file for more information.
23752a535ecca255d677464b5a7a24f4_jpg.rf.66481c355ed31870abca7715d7b77018.jpg,/kaggle/input/datasets/nagendra048/aadhar-dataset/train/images,Error: C:\Program Files\Tesseract-OCR\tesseract.exe is not installed or it's not in your PATH. See README file for more information.
110_504886170_jpg.rf.201778f84e3245a5b1778282c10c3c5c.jpg,/kaggle/input/datasets/nagendra048/aadhar-dataset/train/images,Error: C:\Program Files\Tesseract-OCR\tesseract.exe is not installed or it's not in your PATH. See README file for more information.
ac6c7da416cbf07230d588741cbb2d99_jpg.rf.3b06acea23bc62979f51124ac40ea644.jpg,/kaggle/input/datasets/nagendra048/aadhar-dataset/train/images,Error: C:\Program Files\Tesseract-OCR\tesseract.exe is not installed or it's not in your PATH. See README file for more information.
766ad22cd5a05c1a9d21c658bb1e925c_jpg.rf.03174f4aa2bb77282f672295ea24ab0b.jpg,/kaggle/input/datasets/nagendra048/aadhar-dataset/train/images,Error: C:\Program Files\Tesseract-OCR\tesseract.exe is not installed or it's not in your PATH. See README file for more information.
2b923b9c9b526e45022e18d0493946ba-1-_jpg.rf.31b495c4a985fbfe04f22713ca2f9295.jpg,/kaggle/input/datasets/nagendra048/aadhar-dataset/train/images,Error: C:\Program Files\Tesseract-OCR\tesseract.exe is not installed or it's not in your PATH. See README file for more information.
download_jpg.rf.58aa7ce01db65af2d81ee7c7a17b5208.jpg,/kaggle/input/datasets/nagendra048/aadhar-dataset/train/images,Error: C:\Program Files\Tesseract-OCR\tesseract.exe is not installed or it's not in your PATH. See README file for more information.
product-500x500_jpg.rf.9351cb8ed0fadef2b9f6f5897040ed14.jpg,/kaggle/input/datasets/nagendra048/aadhar-dataset/train/images,Error: C:\Program Files\Tesseract-OCR\tesseract.exe is not installed or it's not in your PATH. See README file for more information.
images-16-_jpg.rf.e5a8b0a3cd942775849373499152d426.jpg,/kaggle/input/datasets/nagendra048/aadhar-dataset/train/images,Error: C:\Program Files\Tesseract-OCR\tesseract.exe is not installed or it's not in your PATH. See README file for more information.
46bad340b458a566dc6e2fd9cd2b1b33_jpg.rf.5bb138590c9c3b359d63220e9f653916.jpg,/kaggle/input/datasets/nagendra048/aadhar-dataset/train/images,Error: C:\Program Files\Tesseract-OCR\tesseract.exe is not installed or it's not in your PATH. See README file for more information.
26e69450edbd8716ee253bd7ec9b7607_jpg.rf.871e0db1c2dfdda973cfbe53f48ba37d.jpg,/kaggle/input/datasets/nagendra048/aadhar-dataset/train/images,Error: C:\Program Files\Tesseract-OCR\tesseract.exe is not installed or it's not in your PATH. See README file for more information.
c5bc89c6e9cede0ff4d07085c5ce2488_jpg.rf.18be972edb6c3b866ebf8c7f9f8322f0.jpg,/kaggle/input/datasets/nagendra048/aadhar-dataset/train/images,Error: C:\Program Files\Tesseract-OCR\tesseract.exe is not installed or it's not in your PATH. See README file for more information.
b4ec339af5996addce61a9c73b7162f3_jpg.rf.cac32b15a5d887169ed5fb736da66240.jpg,/kaggle/input/datasets/nagendra048/aadhar-dataset/train/images,Error: C:\Program Files\Tesseract-OCR\tesseract.exe is not installed or it's not in your PATH. See README file for more information.
images_jpg.rf.2c0340309ecf549a068f98b0ef84c499.jpg,/kaggle/input/datasets/nagendra048/aadhar-dataset/train/images,Error: C:\Program Files\Tesseract-OCR\tesseract.exe is not installed or it's not in your PATH. See README file for more information.
adhar_card_6402313_835x547-m_jpg.rf.bb4850ec1394c3dda9eaa8b429e32e1a.jpg,/kaggle/input/datasets/nagendra048/aadhar-dataset/train/images,Error: C:\Program Files\Tesseract-OCR\tesseract.exe is not installed or it's not in your PATH. See README file for more information.
bc2af9550a06aee72c9aa22a3c73f0fa_jpg.rf.ef32aae252ca8017c77c8fce6af9bfee.jpg,/kaggle/input/datasets/nagendra048/aadhar-dataset/train/images,Error: C:\Program Files\Tesseract-OCR\tesseract.exe is not installed or it's not in your PATH. See README file for more information.
10042_jpg.rf.19636053e714e0dde0477ca0bc8a2ab4.jpg,/kaggle/input/datasets/nagendra048/aadhar-dataset/train/images,Error: C:\Program Files\Tesseract-OCR\tesseract.exe is not installed or it's not in your PATH. See README file for more information.
images-16-_jpg.rf.48be1f11f7c48ccfa8f998aa3d15ceb3.jpg,/kaggle/input/datasets/nagendra048/aadhar-dataset/train/images,Error: C:\Program Files\Tesseract-OCR\tesseract.exe is not installed or it's not in your PATH. See README file for more information.
images-6-_jpg.rf.5ed71c83490e07f258ee4eb30d45cd55.jpg,/kaggle/input/datasets/nagendra048/aadhar-dataset/train/images,Error: C:\Program Files\Tesseract-OCR\tesseract.exe is not installed or it's not in your PATH. See README file for more information.
6faf8790a38b5e6a7d9e3347ba84a24f_jpg.rf.71d5ee12dc68eef3f6393cfc276e894f.jpg,/kaggle/input/datasets/nagendra048/aadhar-dataset/train/images,Error: C:\Program Files\Tesseract-OCR\tesseract.exe is not installed or it's not in your PATH. See README file for more information.
8c7dab60c3bdf9f210aaaca1a87c78de_jpg.rf.4329760d20b52a1637f532bcf4d55df1.jpg,/kaggle/input/datasets/nagendra048/aadhar-dataset/train/images,Error: C:\Program Files\Tesseract-OCR\tesseract.exe is not installed or it's not in your PATH. See README file for more information.
46804894d63fe5b3fea2582cfa7657c7-2-_jpg.rf.f961a9bf50c6e8b27fc33660cc309387.jpg,/kaggle/input/datasets/nagendra048/aadhar-dataset/train/images,Error: C:\Program Files\Tesseract-OCR\tesseract.exe is not installed or it's not in your PATH. See README file for more information.
e383ea165dd6f41b69ef72df10c4c473-1-_jpg.rf.42cff7c96de4959824a50992146ee63d.jpg,/kaggle/input/datasets/nagendra048/aadhar-dataset/train/images,Error: C:\Program Files\Tesseract-OCR\tesseract.exe is not installed or it's not in your PATH. See README file for more information.
73a8158ee961472799e57e72b1868f54_jpg.rf.3ef0d72e97536b5da036408b0439d9a7.jpg,/kaggle/input/datasets/nagendra048/aadhar-dataset/train/images,Error: C:\Program Files\Tesseract-OCR\tesseract.exe is not installed or it's not in your PATH. See README file for more information.
c5bc89c6e9cede0ff4d07085c5ce2488-1-_jpg.rf.d315bb62b4eb95ee2d68e6a50d709427.jpg,/kaggle/input/datasets/nagendra048/aadhar-dataset/train/images,Error: C:\Program Files\Tesseract-OCR\tesseract.exe is not installed or it's not in your PATH. See README file for more information.
a1e3125efaa4eebd8efc907ae48b69a1-1-_jpg.rf.9f770501d09466f9a9afebcd02a4dca1.jpg,/kaggle/input/datasets/nagendra048/aadhar-dataset/train/images,Error: C:\Program Files\Tesseract-OCR\tesseract.exe is not installed or it's not in your PATH. See README file for more information.
b7becd5c330f22d135ef4ffa3b26e65e_jpg.rf.ad1b7189c56e0d1a5ff28b25e40817ee.jpg,/kaggle/input/datasets/nagendra048/aadhar-dataset/train/images,Error: C:\Program Files\Tesseract-OCR\tesseract.exe is not installed or it's not in your PATH. See README file for more information.
cfd6db78024aa90c6166e6873945fa56_jpg.rf.d835f8b7601593ef5278866723a1fc5f.jpg,/kaggle/input/datasets/nagendra048/aadhar-dataset/train/images,Error: C:\Program Files\Tesseract-OCR\tesseract.exe is not installed or it's not in your PATH. See README file for more information.
pvc_adhar-card-600x600_jpg.rf.46332e410b09f946f640e8156512243d.jpg,/kaggle/input/datasets/nagendra048/aadhar-dataset/train/images,Error: C:\Program Files\Tesseract-OCR\tesseract.exe is not installed or it's not in your PATH. See README file for more information.
71697128_jpg.rf.81c9cb68296224d7c2f360bcaf344a27.jpg,/kaggle/input/datasets/nagendra048/aadhar-dataset/train/images,Error: C:\Program Files\Tesseract-OCR\tesseract.exe is not installed or it's not in your PATH. See README file for more information.
c86a0da801ae2e586164e814b43de3c9_jpg.rf.35ae5c30caf29f1f3fe3a28adcfb7613.jpg,/kaggle/input/datasets/nagendra048/aadhar-dataset/train/images,Error: C:\Program Files\Tesseract-OCR\tesseract.exe is not installed or it's not in your PATH. See README file for more information.
Father_Aadhar_Card_of_Baby_Sanavi_Jehangir_Hospital_jpg.rf.18be3728a5ab4f407a3cc7ab4a98ac63.jpg,/kaggle/input/datasets/nagendra048/aadhar-dataset/train/images,Error: C:\Program Files\Tesseract-OCR\tesseract.exe is not installed or it's not in your PATH. See README file for more information.
1b26b406ad9485c98cd496bc371db57f_jpg.rf.b2ab1e9a8860239333236a01b059996e.jpg,/kaggle/input/datasets/nagendra048/aadhar-dataset/train/images,Error: C:\Program Files\Tesseract-OCR\tesseract.exe is not installed or it's not in your PATH. See README file for more information.
banner_jpg.rf.a675df514ec5e151de5258f54f5f534d.jpg,/kaggle/input/datasets/nagendra048/aadhar-dataset/train/images,Error: C:\Program Files\Tesseract-OCR\tesseract.exe is not installed or it's not in your PATH. See README file for more information.
49fa3bcf36cda2851f2d12adc5f9f6db-1-_jpg.rf.27f634510fffbc347b708e5b1507aeb9.jpg,/kaggle/input/datasets/nagendra048/aadhar-dataset/train/images,Error: C:\Program Files\Tesseract-OCR\tesseract.exe is not installed or it's not in your PATH. See README file for more information.
images_jpg.rf.8bce5f05256a18bb6cf7a5955d2346bf.jpg,/kaggle/input/datasets/nagendra048/aadhar-dataset/train/images,Error: C:\Program Files\Tesseract-OCR\tesseract.exe is not installed or it's not in your PATH. See README file for more information.
06_01_2022_03_15_19_png_jpg.rf.c2f6d99c7f7aa24fc643d0d955a9b24f.jpg,/kaggle/input/datasets/nagendra048/aadhar-dataset/train/images,Error: C:\Program Files\Tesseract-OCR\tesseract.exe is not installed or it's not in your PATH. See README file for more information.
b9cc3312597d27a7d53152d949674eec_jpg.rf.5191575eb6582d5248b47bb5e49a12ed.jpg,/kaggle/input/datasets/nagendra048/aadhar-dataset/train/images,Error: C:\Program Files\Tesseract-OCR\tesseract.exe is not installed or it's not in your PATH. See README file for more information.
23752a535ecca255d677464b5a7a24f4_jpg.rf.9fb4f717cce4e73b01b60f602e238556.jpg,/kaggle/input/datasets/nagendra048/aadhar-dataset/train/images,Error: C:\Program Files\Tesseract-OCR\tesseract.exe is not installed or it's not in your PATH. See README file for more information.
images-3-_jpg.rf.804ef9bb1530d52919c85f8d4faf5eda.jpg,/kaggle/input/datasets/nagendra048/aadhar-dataset/train/images,Error: C:\Program Files\Tesseract-OCR\tesseract.exe is not installed or it's not in your PATH. See README file for more information.
images-16-_jpg.rf.a55db2a00b1d9843d0b88e3f08407b62.jpg,/kaggle/input/datasets/nagendra048/aadhar-dataset/train/images,Error: C:\Program Files\Tesseract-OCR\tesseract.exe is not installed or it's not in your PATH. See README file for more information.
102_509409293_jpg.rf.dc806494a88329670f68a21c10ffe318.jpg,/kaggle/input/datasets/nagendra048/aadhar-dataset/train/images,Error: C:\Program Files\Tesseract-OCR\tesseract.exe is not installed or it's not in your PATH. See README file for more information.
46804894d63fe5b3fea2582cfa7657c7-2-_jpg.rf.4802f2b00d918a0aa7075547d64d84fa.jpg,/kaggle/input/datasets/nagendra048/aadhar-dataset/train/images,Error: C:\Program Files\Tesseract-OCR\tesseract.exe is not installed or it's not in your PATH. See README file for more information.
c5bc89c6e9cede0ff4d07085c5ce2488_jpg.rf.b4f60772a624873384069e42b28276d7.jpg,/kaggle/input/datasets/nagendra048/aadhar-dataset/train/images,Error: C:\Program Files\Tesseract-OCR\tesseract.exe is not installed or it's not in your PATH. See README file for more information.
c5bc89c6e9cede0ff4d07085c5ce2488_jpg.rf.13a15e990b51ee946028bba4e4bcdb69.jpg,/kaggle/input/datasets/nagendra048/aadhar-dataset/train/images,Error: C:\Program Files\Tesseract-OCR\tesseract.exe is not installed or it's not in your PATH. See README file for more information.
8988c5603729dd48f76f59d6f3c6148e_jpg.rf.2408c4c886a6e6fbc0a484aafe7881f4.jpg,/kaggle/input/datasets/nagendra048/aadhar-dataset/train/images,Error: C:\Program Files\Tesseract-OCR\tesseract.exe is not installed or it's not in your PATH. See README file for more information.
8988c5603729dd48f76f59d6f3c6148e_jpg.rf.500608d31c266941f4d0a10df8e107e0.jpg,/kaggle/input/datasets/nagendra048/aadhar-dataset/train/images,Error: C:\Program Files\Tesseract-OCR\tesseract.exe is not installed or it's not in your PATH. See README file for more information.
c69b7f40144bf1cd4051251754af93ed-2-_jpg.rf.885519687539c9372cfb5f4f3c3cd3f2.jpg,/kaggle/input/datasets/nagendra048/aadhar-dataset/train/images,Error: C:\Program Files\Tesseract-OCR\tesseract.exe is not installed or it's not in your PATH. See README file for more information.
images-4-_jpg.rf.2ad4a48a0a4350ea7872b80f66f8179d.jpg,/kaggle/input/datasets/nagendra048/aadhar-dataset/train/images,Error: C:\Program Files\Tesseract-OCR\tesseract.exe is not installed or it's not in your PATH. See README file for more information.
images-14-_jpg.rf.69e9df27a081f5feda988b1bd7041ee7.jpg,/kaggle/input/datasets/nagendra048/aadhar-dataset/train/images,Error: C:\Program Files\Tesseract-OCR\tesseract.exe is not installed or it's not in your PATH. See README file for more information.
26e69450edbd8716ee253bd7ec9b7607_jpg.rf.c90b9e96bc6ed11754d22a1287a51cbc.jpg,/kaggle/input/datasets/nagendra048/aadhar-dataset/train/images,Error: C:\Program Files\Tesseract-OCR\tesseract.exe is not installed or it's not in your PATH. See README file for more information.
c7d12dabedb1da10342b91dea665a917_jpg.rf.1a09a0ec839b98ab7dbaef2abb4866aa.jpg,/kaggle/input/datasets/nagendra048/aadhar-dataset/train/images,Error: C:\Program Files\Tesseract-OCR\tesseract.exe is not installed or it's not in your PATH. See README file for more information.
pvc_adhar-card-600x600_jpg.rf.e6117b9452e7a65f0f7e4b7261337452.jpg,/kaggle/input/datasets/nagendra048/aadhar-dataset/train/images,Error: C:\Program Files\Tesseract-OCR\tesseract.exe is not installed or it's not in your PATH. See README file for more information.
images-14-_jpg.rf.34cb3f763ab8f14a195c8d40e6d06a09.jpg,/kaggle/input/datasets/nagendra048/aadhar-dataset/train/images,Error: C:\Program Files\Tesseract-OCR\tesseract.exe is not installed or it's not in your PATH. See README file for more information.
086d820550f34066764f4047ddc263ca_jpg.rf.dd02e1e571d34a1474911959d59487f4.jpg,/kaggle/input/datasets/nagendra048/aadhar-dataset/train/images,Error: C:\Program Files\Tesseract-OCR\tesseract.exe is not installed or it's not in your PATH. See README file for more information.
images-20-_jpg.rf.a14e94a86b9ef18bbeaf1a837481aa39.jpg,/kaggle/input/datasets/nagendra048/aadhar-dataset/train/images,Error: C:\Program Files\Tesseract-OCR\tesseract.exe is not installed or it's not in your PATH. See README file for more information.
e383ea165dd6f41b69ef72df10c4c473-1-_jpg.rf.215d82fa47ba157237333acec7a7de84.jpg,/kaggle/input/datasets/nagendra048/aadhar-dataset/train/images,Error: C:\Program Files\Tesseract-OCR\tesseract.exe is not installed or it's not in your PATH. See README file for more information.
card_jpg.rf.af5a70eafee4442856d2a50c32d6f761.jpg,/kaggle/input/datasets/nagendra048/aadhar-dataset/train/images,Error: C:\Program Files\Tesseract-OCR\tesseract.exe is not installed or it's not in your PATH. See README file for more information.
card_jpg.rf.0f3afb5dc7dd4b0bd725a90c07070934.jpg,/kaggle/input/datasets/nagendra048/aadhar-dataset/train/images,Error: C:\Program Files\Tesseract-OCR\tesseract.exe is not installed or it's not in your PATH. See README file for more information.
c7d12dabedb1da10342b91dea665a917_jpg.rf.b1c38bfa55d009f38ef8da87b04b9fc9.jpg,/kaggle/input/datasets/nagendra048/aadhar-dataset/train/images,Error: C:\Program Files\Tesseract-OCR\tesseract.exe is not installed or it's not in your PATH. See README file for more information.
DE8svj0U0AAEnrD_jpg.rf.ed0634b95f2b9fdc31340a9b6196d407.jpg,/kaggle/input/datasets/nagendra048/aadhar-dataset/train/images,Error: C:\Program Files\Tesseract-OCR\tesseract.exe is not installed or it's not in your PATH. See README file for more information.
58a8a1d7cf82feffbc75786afbe700ad_jpg.rf.2613fa856eb12ced49ffe908a8abee89.jpg,/kaggle/input/datasets/nagendra048/aadhar-dataset/train/images,Error: C:\Program Files\Tesseract-OCR\tesseract.exe is not installed or it's not in your PATH. See README file for more information.
Aadhar-Card-678x381_jpg.rf.56d34f1a9409724b33b56b1566d68574.jpg,/kaggle/input/datasets/nagendra048/aadhar-dataset/train/images,Error: C:\Program Files\Tesseract-OCR\tesseract.exe is not installed or it's not in your PATH. See README file for more information.
ac6c7da416cbf07230d588741cbb2d99_jpg.rf.f2029e2baabc08a8730db181b5eff3ab.jpg,/kaggle/input/datasets/nagendra048/aadhar-dataset/train/images,Error: C:\Program Files\Tesseract-OCR\tesseract.exe is not installed or it's not in your PATH. See README file for more information.
b4ec339af5996addce61a9c73b7162f3-1-_jpg.rf.549655e9d9e39e96d312dea5b892fa4b.jpg,/kaggle/input/datasets/nagendra048/aadhar-dataset/train/images,Error: C:\Program Files\Tesseract-OCR\tesseract.exe is not installed or it's not in your PATH. See README file for more information.
0521_adhar_jpg.rf.94a28304c1f068dc6035b38d7364322c.jpg,/kaggle/input/datasets/nagendra048/aadhar-dataset/train/images,Error: C:\Program Files\Tesseract-OCR\tesseract.exe is not installed or it's not in your PATH. See README file for more information.
ac6c7da416cbf07230d588741cbb2d99_jpg.rf.66deb9465265cf118f865dbf2ef1c41a.jpg,/kaggle/input/datasets/nagendra048/aadhar-dataset/train/images,Error: C:\Program Files\Tesseract-OCR\tesseract.exe is not installed or it's not in your PATH. See README file for more information.
bc2af9550a06aee72c9aa22a3c73f0fa_jpg.rf.8a26e69ebc876aa5f3805e7b8ed6d0aa.jpg,/kaggle/input/datasets/nagendra048/aadhar-dataset/train/images,Error: C:\Program Files\Tesseract-OCR\tesseract.exe is not installed or it's not in your PATH. See README file for more information.
images-20-_jpg.rf.8979c7aab828ca1d7d9c0c207d191880.jpg,/kaggle/input/datasets/nagendra048/aadhar-dataset/train/images,Error: C:\Program Files\Tesseract-OCR\tesseract.exe is not installed or it's not in your PATH. See README file for more information.
download_jpg.rf.7e29ba390e147aaf7868c3a519af8fa1.jpg,/kaggle/input/datasets/nagendra048/aadhar-dataset/train/images,Error: C:\Program Files\Tesseract-OCR\tesseract.exe is not installed or it's not in your PATH. See README file for more information.
f6644ae09eb9acfc6a71f01115f917f9_jpg.rf.2e0986b18a8e5c38ce1b6317247006fa.jpg,/kaggle/input/datasets/nagendra048/aadhar-dataset/train/images,Error: C:\Program Files\Tesseract-OCR\tesseract.exe is not installed or it's not in your PATH. See README file for more information.
6b6ad42e38094e11a2260c2694582da5_jpg.rf.2f8c85b97c57c9ab3295917d17a44c99.jpg,/kaggle/input/datasets/nagendra048/aadhar-dataset/train/images,Error: C:\Program Files\Tesseract-OCR\tesseract.exe is not installed or it's not in your PATH. See README file for more information.
17e77ff746a7f6995dcbe80f0b107701_jpg.rf.1c0df22501f401930a7369a77c19cb4c.jpg,/kaggle/input/datasets/nagendra048/aadhar-dataset/train/images,Error: C:\Program Files\Tesseract-OCR\tesseract.exe is not installed or it's not in your PATH. See README file for more information.
c69b7f40144bf1cd4051251754af93ed-1-_jpg.rf.7ee87b01afe5589d6a2f9482c3a9029f.jpg,/kaggle/input/datasets/nagendra048/aadhar-dataset/train/images,Error: C:\Program Files\Tesseract-OCR\tesseract.exe is not installed or it's not in your PATH. See README file for more information.
44ca6539da21ea839134cf0e39ff6e37_jpg.rf.0f80476d37b35b1d9f2906776810ee68.jpg,/kaggle/input/datasets/nagendra048/aadhar-dataset/train/images,Error: C:\Program Files\Tesseract-OCR\tesseract.exe is not installed or it's not in your PATH. See README file for more information.
sp-42095176-5v4rgi-thumbnail_jpg.rf.4b715af7a43a7a45208c2dda191c8fa7.jpg,/kaggle/input/datasets/nagendra048/aadhar-dataset/train/images,Error: C:\Program Files\Tesseract-OCR\tesseract.exe is not installed or it's not in your PATH. See README file for more information.
images-19-_jpg.rf.a5c016ee5c94718c592778d353e3bc5f.jpg,/kaggle/input/datasets/nagendra048/aadhar-dataset/train/images,Error: C:\Program Files\Tesseract-OCR\tesseract.exe is not installed or it's not in your PATH. See README file for more information.
b4047be5f6a409a7ac20777d25d5a058_jpg.rf.43f4e5ab120e1481af87f79a2c68bac9.jpg,/kaggle/input/datasets/nagendra048/aadhar-dataset/train/images,Error: C:\Program Files\Tesseract-OCR\tesseract.exe is not installed or it's not in your PATH. See README file for more information.
images-18-_jpg.rf.c550a515e0112371fe0984ae0d3c9c3f.jpg,/kaggle/input/datasets/nagendra048/aadhar-dataset/train/images,Error: C:\Program Files\Tesseract-OCR\tesseract.exe is not installed or it's not in your PATH. See README file for more information.
dd1b5eeb6239e3d97be96c4fa66a4eb7_jpg.rf.58c0d8860a7fa97405ca0cc807caf8e0.jpg,/kaggle/input/datasets/nagendra048/aadhar-dataset/train/images,Error: C:\Program Files\Tesseract-OCR\tesseract.exe is not installed or it's not in your PATH. See README file for more information.
b2487cba906731d63c4ca7884bd1a2f0_jpg.rf.cd6bc29fb27286e697df9f1e4ef22817.jpg,/kaggle/input/datasets/nagendra048/aadhar-dataset/train/images,Error: C:\Program Files\Tesseract-OCR\tesseract.exe is not installed or it's not in your PATH. See README file for more information.
b4047be5f6a409a7ac20777d25d5a058_jpg.rf.eb36678b32ece735cfaea6118ecda533.jpg,/kaggle/input/datasets/nagendra048/aadhar-dataset/train/images,Error: C:\Program Files\Tesseract-OCR\tesseract.exe is not installed or it's not in your PATH. See README file for more information.
c709629e7d00468f6c112daa8ca6c9e8_jpg.rf.2be39ea88282b7d725169de03b0ad8b8.jpg,/kaggle/input/datasets/nagendra048/aadhar-dataset/train/images,Error: C:\Program Files\Tesseract-OCR\tesseract.exe is not installed or it's not in your PATH. See README file for more information.
c69b7f40144bf1cd4051251754af93ed-1-_jpg.rf.3b92847797f634652fcf81845f49949b.jpg,/kaggle/input/datasets/nagendra048/aadhar-dataset/train/images,Error: C:\Program Files\Tesseract-OCR\tesseract.exe is not installed or it's not in your PATH. See README file for more information.
15702284b04c27864e819ad89483b80d_jpg.rf.6d10d92e9999928350a132457549552f.jpg,/kaggle/input/datasets/nagendra048/aadhar-dataset/train/images,Error: C:\Program Files\Tesseract-OCR\tesseract.exe is not installed or it's not in your PATH. See README file for more information.
97d297f8384d0e9b857e3ebc0bd31dcd_jpg.rf.56da98bd647dd62a11d94a7740f442a9.jpg,/kaggle/input/datasets/nagendra048/aadhar-dataset/train/images,Error: C:\Program Files\Tesseract-OCR\tesseract.exe is not installed or it's not in your PATH. See README file for more information.
images-13-_jpg.rf.9baab952c84fffdd38d5ffc3659f8c9a.jpg,/kaggle/input/datasets/nagendra048/aadhar-dataset/train/images,Error: C:\Program Files\Tesseract-OCR\tesseract.exe is not installed or it's not in your PATH. See README file for more information.
2bfd2f150b31581bac34445b5c49dd26_jpg.rf.286e61ad0990d819c133d79bf680ab10.jpg,/kaggle/input/datasets/nagendra048/aadhar-dataset/train/images,Error: C:\Program Files\Tesseract-OCR\tesseract.exe is not installed or it's not in your PATH. See README file for more information.
images-8-_jpg.rf.a9f6d10a05fca181895867411c5969a3.jpg,/kaggle/input/datasets/nagendra048/aadhar-dataset/train/images,Error: C:\Program Files\Tesseract-OCR\tesseract.exe is not installed or it's not in your PATH. See README file for more information.
product-500x500_jpg.rf.cb5a2e20652b6fca8439035fa4230651.jpg,/kaggle/input/datasets/nagendra048/aadhar-dataset/train/images,Error: C:\Program Files\Tesseract-OCR\tesseract.exe is not installed or it's not in your PATH. See README file for more information.
0c0584201ff552c4bdcbe160315aa432_jpg.rf.ef9714aae1a5f859cf8cea4871961552.jpg,/kaggle/input/datasets/nagendra048/aadhar-dataset/train/images,Error: C:\Program Files\Tesseract-OCR\tesseract.exe is not installed or it's not in your PATH. See README file for more information.
0d4c873ace54e82fb49c451a9bdc6d24_jpg.rf.c8e096ae8e64057b16f056468e78a135.jpg,/kaggle/input/datasets/nagendra048/aadhar-dataset/train/images,Error: C:\Program Files\Tesseract-OCR\tesseract.exe is not installed or it's not in your PATH. See README file for more information.
images-20-_jpg.rf.15c611b32d0060399dee5f65b5b2427b.jpg,/kaggle/input/datasets/nagendra048/aadhar-dataset/train/images,Error: C:\Program Files\Tesseract-OCR\tesseract.exe is not installed or it's not in your PATH. See README file for more information.
b4047be5f6a409a7ac20777d25d5a058_jpg.rf.2ecbf57891486da39cee15cd6472362f.jpg,/kaggle/input/datasets/nagendra048/aadhar-dataset/train/images,Error: C:\Program Files\Tesseract-OCR\tesseract.exe is not installed or it's not in your PATH. See README file for more information.
19b620ad00aeb2885f0f0a1ccb337919_jpg.rf.c4c28528db1b73c69f6e419b1a6c394c.jpg,/kaggle/input/datasets/nagendra048/aadhar-dataset/train/images,Error: C:\Program Files\Tesseract-OCR\tesseract.exe is not installed or it's not in your PATH. See README file for more information.
aa-Cover-k9ll0etrgjri1nlb9pgj8k12q2-20170526111344_jpg.rf.f14d753a9b73033f10d84a4ab33dec4f.jpg,/kaggle/input/datasets/nagendra048/aadhar-dataset/train/images,Error: C:\Program Files\Tesseract-OCR\tesseract.exe is not installed or it's not in your PATH. See README file for more information.
b4047be5f6a409a7ac20777d25d5a058_jpg.rf.c1fd40990f54d521fbe8627e6cb85acb.jpg,/kaggle/input/datasets/nagendra048/aadhar-dataset/train/images,Error: C:\Program Files\Tesseract-OCR\tesseract.exe is not installed or it's not in your PATH. See README file for more information.
b71fb182905bbdeea99549bff81f9c22_jpg.rf.db33020174b308922017541a49c4baec.jpg,/kaggle/input/datasets/nagendra048/aadhar-dataset/train/images,Error: C:\Program Files\Tesseract-OCR\tesseract.exe is not installed or it's not in your PATH. See README file for more information.
adhar1_2366193f_jpg.rf.52083755910694de461e8fe1caa4835f.jpg,/kaggle/input/datasets/nagendra048/aadhar-dataset/train/images,Error: C:\Program Files\Tesseract-OCR\tesseract.exe is not installed or it's not in your PATH. See README file for more information.
ffa5e80e5c547686632c7bc9746fee87_jpg.rf.e11ff90746e21a9be9868560f270b00f.jpg,/kaggle/input/datasets/nagendra048/aadhar-dataset/train/images,Error: C:\Program Files\Tesseract-OCR\tesseract.exe is not installed or it's not in your PATH. See README file for more information.
b0d100d4275f891c2fbc6d9d56dbd123_jpg.rf.fba6381925da76ed24102dee89300a61.jpg,/kaggle/input/datasets/nagendra048/aadhar-dataset/train/images,Error: C:\Program Files\Tesseract-OCR\tesseract.exe is not installed or it's not in your PATH. See README file for more information.
97d297f8384d0e9b857e3ebc0bd31dcd_jpg.rf.dee9e6eb44497a6e590823db449c3809.jpg,/kaggle/input/datasets/nagendra048/aadhar-dataset/train/images,Error: C:\Program Files\Tesseract-OCR\tesseract.exe is not installed or it's not in your PATH. See README file for more information.
images-13-_jpg.rf.45915956076e9520c73c1cefac3bdeab.jpg,/kaggle/input/datasets/nagendra048/aadhar-dataset/train/images,Error: C:\Program Files\Tesseract-OCR\tesseract.exe is not installed or it's not in your PATH. See README file for more information.
ce1ea2dcb0a8e8dac1e26793ad3d5ecb_jpg.rf.8f587b7f2ef8cac9a647f23349c3ecd3.jpg,/kaggle/input/datasets/nagendra048/aadhar-dataset/train/images,Error: C:\Program Files\Tesseract-OCR\tesseract.exe is not installed or it's not in your PATH. See README file for more information.
116508899_159713039053118_8698401500526480570_n_jpg.rf.a82ae69f451803f416cf705b4d18d872.jpg,/kaggle/input/datasets/nagendra048/aadhar-dataset/train/images,Error: C:\Program Files\Tesseract-OCR\tesseract.exe is not installed or it's not in your PATH. See README file for more information.
3564191365d6dd7bff705c3252860029_jpg.rf.41146e0a467ada408973437ea5f2bcd6.jpg,/kaggle/input/datasets/nagendra048/aadhar-dataset/train/images,Error: C:\Program Files\Tesseract-OCR\tesseract.exe is not installed or it's not in your PATH. See README file for more information.
97d297f8384d0e9b857e3ebc0bd31dcd_jpg.rf.06d661b14e4e2c65e5dbcc4ddbe875ac.jpg,/kaggle/input/datasets/nagendra048/aadhar-dataset/train/images,Error: C:\Program Files\Tesseract-OCR\tesseract.exe is not installed or it's not in your PATH. See README file for more information.
94eb12c96f2d79889f4856eb47ae25a4_jpg.rf.34968b804da7c295ca2425b8f671847f.jpg,/kaggle/input/datasets/nagendra048/aadhar-dataset/train/images,Error: C:\Program Files\Tesseract-OCR\tesseract.exe is not installed or it's not in your PATH. See README file for more information.
b71fb182905bbdeea99549bff81f9c22_jpg.rf.edeb48151caeac1277ea8a8b1790ab43.jpg,/kaggle/input/datasets/nagendra048/aadhar-dataset/train/images,Error: C:\Program Files\Tesseract-OCR\tesseract.exe is not installed or it's not in your PATH. See README file for more information.
sp-42095176-5v4rgi-thumbnail_jpg.rf.67852efb61de26b1d3d84f32d704c1dc.jpg,/kaggle/input/datasets/nagendra048/aadhar-dataset/train/images,Error: C:\Program Files\Tesseract-OCR\tesseract.exe is not installed or it's not in your PATH. See README file for more information.
ac313c63f18e91c513128fa97bce32d6_jpg.rf.5afe272a41db53174dc9a45904fca504.jpg,/kaggle/input/datasets/nagendra048/aadhar-dataset/train/images,Error: C:\Program Files\Tesseract-OCR\tesseract.exe is not installed or it's not in your PATH. See README file for more information.
bc2af9550a06aee72c9aa22a3c73f0fa_jpg.rf.649eb88f320ab8c481f21ab45fdba51f.jpg,/kaggle/input/datasets/nagendra048/aadhar-dataset/train/images,Error: C:\Program Files\Tesseract-OCR\tesseract.exe is not installed or it's not in your PATH. See README file for more information.
c9c6e3b130e3aed890884c240195ec9d_jpg.rf.2a74bb03197b2f6794897d9130dcb9b3.jpg,/kaggle/input/datasets/nagendra048/aadhar-dataset/train/images,Error: C:\Program Files\Tesseract-OCR\tesseract.exe is not installed or it's not in your PATH. See README file for more information.
9ccffeac84c5b19e14bab96b9177b18b_jpg.rf.8cb5893d953249c9adc42c07ad1ec40a.jpg,/kaggle/input/datasets/nagendra048/aadhar-dataset/train/images,Error: C:\Program Files\Tesseract-OCR\tesseract.exe is not installed or it's not in your PATH. See README file for more information.
ac313c63f18e91c513128fa97bce32d6_jpg.rf.6658357c3ee2640b20eb55d6d48a8b87.jpg,/kaggle/input/datasets/nagendra048/aadhar-dataset/train/images,Error: C:\Program Files\Tesseract-OCR\tesseract.exe is not installed or it's not in your PATH. See README file for more information.
maxresdefault-1_jpg.rf.f0d774edd9aef5fa1ddeb17db364f7cd.jpg,/kaggle/input/datasets/nagendra048/aadhar-dataset/train/images,Error: C:\Program Files\Tesseract-OCR\tesseract.exe is not installed or it's not in your PATH. See README file for more information.
a1e3125efaa4eebd8efc907ae48b69a1-1-_jpg.rf.d72b390e06deedcc059f557479ce7e9d.jpg,/kaggle/input/datasets/nagendra048/aadhar-dataset/train/images,Error: C:\Program Files\Tesseract-OCR\tesseract.exe is not installed or it's not in your PATH. See README file for more information.
49fa3bcf36cda2851f2d12adc5f9f6db-1-_jpg.rf.2edb176e426bd8631c0e50e5dd32be5e.jpg,/kaggle/input/datasets/nagendra048/aadhar-dataset/train/images,Error: C:\Program Files\Tesseract-OCR\tesseract.exe is not installed or it's not in your PATH. See README file for more information.
c5cad996e165b070b99d2b76cdfb39dc_jpg.rf.8b7d1d8185f1d807eabaa83d5f466978.jpg,/kaggle/input/datasets/nagendra048/aadhar-dataset/train/images,Error: C:\Program Files\Tesseract-OCR\tesseract.exe is not installed or it's not in your PATH. See README file for more information.
a1e3125efaa4eebd8efc907ae48b69a1-1-_jpg.rf.f8e9bd5236c00d493d2d992bcb745a0e.jpg,/kaggle/input/datasets/nagendra048/aadhar-dataset/train/images,Error: C:\Program Files\Tesseract-OCR\tesseract.exe is not installed or it's not in your PATH. See README file for more information.
8988c5603729dd48f76f59d6f3c6148e_jpg.rf.97335e7851d38af2317ecc2cbff57ece.jpg,/kaggle/input/datasets/nagendra048/aadhar-dataset/train/images,Error: C:\Program Files\Tesseract-OCR\tesseract.exe is not installed or it's not in your PATH. See README file for more information.
1b26b406ad9485c98cd496bc371db57f_jpg.rf.52fdd529e85f27abcc6cd6381ab3e5b8.jpg,/kaggle/input/datasets/nagendra048/aadhar-dataset/train/images,Error: C:\Program Files\Tesseract-OCR\tesseract.exe is not installed or it's not in your PATH. See README file for more information.
73a8158ee961472799e57e72b1868f54_jpg.rf.91066f127177f9a7de7d2daf4973e063.jpg,/kaggle/input/datasets/nagendra048/aadhar-dataset/train/images,Error: C:\Program Files\Tesseract-OCR\tesseract.exe is not installed or it's not in your PATH. See README file for more information.
thumb_jpg.rf.240699cba3e8069fa5e20b4c1843bdf7.jpg,/kaggle/input/datasets/nagendra048/aadhar-dataset/train/images,Error: C:\Program Files\Tesseract-OCR\tesseract.exe is not installed or it's not in your PATH. See README file for more information.
Ee-U7_SVAAIKkKh_jpg.rf.2fa27517bb6603ead6df87d066bddc5f.jpg,/kaggle/input/datasets/nagendra048/aadhar-dataset/train/images,Error: C:\Program Files\Tesseract-OCR\tesseract.exe is not installed or it's not in your PATH. See README file for more information.
1c89969c27b6f7ea57d47a74f579b5cc-1-_jpg.rf.115a0cfdb5122d025ef69b58977dea0e.jpg,/kaggle/input/datasets/nagendra048/aadhar-dataset/train/images,Error: C:\Program Files\Tesseract-OCR\tesseract.exe is not installed or it's not in your PATH. See README file for more information.
IMG-20180722-WA0038_jpg.rf.8c196f52b451b80b27898b54850d525c.jpg,/kaggle/input/datasets/nagendra048/aadhar-dataset/train/images,Error: C:\Program Files\Tesseract-OCR\tesseract.exe is not installed or it's not in your PATH. See README file for more information.
c69b7f40144bf1cd4051251754af93ed-1-_jpg.rf.a9f5aeddb30f1129827d8b8043135982.jpg,/kaggle/input/datasets/nagendra048/aadhar-dataset/train/images,Error: C:\Program Files\Tesseract-OCR\tesseract.exe is not installed or it's not in your PATH. See README file for more information.
images-12-_jpg.rf.74fad000735f18be23a885070b433ed8.jpg,/kaggle/input/datasets/nagendra048/aadhar-dataset/train/images,Error: C:\Program Files\Tesseract-OCR\tesseract.exe is not installed or it's not in your PATH. See README file for more information.
c9c6e3b130e3aed890884c240195ec9d_jpg.rf.8aa2c18ffd7b06755e2bc0c1c0710a8c.jpg,/kaggle/input/datasets/nagendra048/aadhar-dataset/train/images,Error: C:\Program Files\Tesseract-OCR\tesseract.exe is not installed or it's not in your PATH. See README file for more information.
c69b7f40144bf1cd4051251754af93ed-2-_jpg.rf.f1521ea5d1e103b42fb980d360547818.jpg,/kaggle/input/datasets/nagendra048/aadhar-dataset/train/images,Error: C:\Program Files\Tesseract-OCR\tesseract.exe is not installed or it's not in your PATH. See README file for more information.
JAI_AADHAR_jpg.rf.7b41febcf6062893d61c61caba5c0b0e.jpg,/kaggle/input/datasets/nagendra048/aadhar-dataset/train/images,Error: C:\Program Files\Tesseract-OCR\tesseract.exe is not installed or it's not in your PATH. See README file for more information.
e46c99152bf3cfd347cc7ba27eb6ecd2_jpg.rf.aca5deac93c0cbeaf1c3d89c0f8da73c.jpg,/kaggle/input/datasets/nagendra048/aadhar-dataset/train/images,Error: C:\Program Files\Tesseract-OCR\tesseract.exe is not installed or it's not in your PATH. See README file for more information.
a1e3125efaa4eebd8efc907ae48b69a1-2-_jpg.rf.1a8d3308fad50d03c8201d440e84f4c7.jpg,/kaggle/input/datasets/nagendra048/aadhar-dataset/train/images,Error: C:\Program Files\Tesseract-OCR\tesseract.exe is not installed or it's not in your PATH. See README file for more information.
a1e3125efaa4eebd8efc907ae48b69a1_jpg.rf.f5e73433478e70d314b17b00e8289721.jpg,/kaggle/input/datasets/nagendra048/aadhar-dataset/train/images,Error: C:\Program Files\Tesseract-OCR\tesseract.exe is not installed or it's not in your PATH. See README file for more information.
images-15-_jpg.rf.3beda79dfcfeddb42b8c035b965b1f01.jpg,/kaggle/input/datasets/nagendra048/aadhar-dataset/train/images,Error: C:\Program Files\Tesseract-OCR\tesseract.exe is not installed or it's not in your PATH. See README file for more information.
94fc829f3e5abeea915fd790fba1ca4f_jpg.rf.77ff18c2b32277b4a08c994c5abbac1d.jpg,/kaggle/input/datasets/nagendra048/aadhar-dataset/train/images,Error: C:\Program Files\Tesseract-OCR\tesseract.exe is not installed or it's not in your PATH. See README file for more information.
19b620ad00aeb2885f0f0a1ccb337919_jpg.rf.b9977eebd020e11f75160027b67e5dc5.jpg,/kaggle/input/datasets/nagendra048/aadhar-dataset/train/images,Error: C:\Program Files\Tesseract-OCR\tesseract.exe is not installed or it's not in your PATH. See README file for more information.
b9cc3312597d27a7d53152d949674eec_jpg.rf.f8d811005d67d2c305423aedb56b3b05.jpg,/kaggle/input/datasets/nagendra048/aadhar-dataset/train/images,Error: C:\Program Files\Tesseract-OCR\tesseract.exe is not installed or it's not in your PATH. See README file for more information.
c5cad996e165b070b99d2b76cdfb39dc_jpg.rf.4d168fed146689b8dc2e04cad63de95f.jpg,/kaggle/input/datasets/nagendra048/aadhar-dataset/train/images,Error: C:\Program Files\Tesseract-OCR\tesseract.exe is not installed or it's not in your PATH. See README file for more information.
35c4f8abcda3c0e3fe13b2435deaaff4_jpg.rf.bae7ca2b07041ed4e850df4615103722.jpg,/kaggle/input/datasets/nagendra048/aadhar-dataset/train/images,Error: C:\Program Files\Tesseract-OCR\tesseract.exe is not installed or it's not in your PATH. See README file for more information.
49fa3bcf36cda2851f2d12adc5f9f6db-1-_jpg.rf.767489a62e1a391965d310a619e0694b.jpg,/kaggle/input/datasets/nagendra048/aadhar-dataset/train/images,Error: C:\Program Files\Tesseract-OCR\tesseract.exe is not installed or it's not in your PATH. See README file for more information.
images-20-_jpg.rf.9d59ac0da66b3fcd1fec23b3706dc1f5.jpg,/kaggle/input/datasets/nagendra048/aadhar-dataset/train/images,Error: C:\Program Files\Tesseract-OCR\tesseract.exe is not installed or it's not in your PATH. See README file for more information.
img_1628671278092_474_jpg.rf.960dadb3155ddb250f563063463ca311.jpg,/kaggle/input/datasets/nagendra048/aadhar-dataset/train/images,Error: C:\Program Files\Tesseract-OCR\tesseract.exe is not installed or it's not in your PATH. See README file for more information.
b9cc3312597d27a7d53152d949674eec_jpg.rf.02bb79695fe7e122bae5ee2f93662d19.jpg,/kaggle/input/datasets/nagendra048/aadhar-dataset/train/images,Error: C:\Program Files\Tesseract-OCR\tesseract.exe is not installed or it's not in your PATH. See README file for more information.
unnamed_jpg.rf.6240dfb757e62c62ef39d4ddc028c27c.jpg,/kaggle/input/datasets/nagendra048/aadhar-dataset/train/images,Error: C:\Program Files\Tesseract-OCR\tesseract.exe is not installed or it's not in your PATH. See README file for more information.
7e65eb61f2d964e4e46a9ee5e1330c28_jpg.rf.182f6e34d7a3fdb2a129de7679bcd41e.jpg,/kaggle/input/datasets/nagendra048/aadhar-dataset/train/images,Error: C:\Program Files\Tesseract-OCR\tesseract.exe is not installed or it's not in your PATH. See README file for more information.
14171f7e3e906f9bb9cbee0e44b183ab_jpg.rf.9c3c0f13ae28a1b69b238521a34bedea.jpg,/kaggle/input/datasets/nagendra048/aadhar-dataset/train/images,Error: C:\Program Files\Tesseract-OCR\tesseract.exe is not installed or it's not in your PATH. See README file for more information.
sp-42095176-5v4rgi-thumbnail_jpg.rf.bc5f199c263a3fe2bc8bdcd09696c3f8.jpg,/kaggle/input/datasets/nagendra048/aadhar-dataset/train/images,Error: C:\Program Files\Tesseract-OCR\tesseract.exe is not installed or it's not in your PATH. See README file for more information.
10029_jpg.rf.2a2fb717901fb56a99312d0948f598a3.jpg,/kaggle/input/datasets/nagendra048/aadhar-dataset/train/images,Error: C:\Program Files\Tesseract-OCR\tesseract.exe is not installed or it's not in your PATH. See README file for more information.
8c7dab60c3bdf9f210aaaca1a87c78de_jpg.rf.4934bc40343f5bd92fde98e7328dfdc2.jpg,/kaggle/input/datasets/nagendra048/aadhar-dataset/train/images,Error: C:\Program Files\Tesseract-OCR\tesseract.exe is not installed or it's not in your PATH. See README file for more information.
cfd6db78024aa90c6166e6873945fa56_jpg.rf.fc5b30ec5ee5560d58a2cc297db8de14.jpg,/kaggle/input/datasets/nagendra048/aadhar-dataset/train/images,Error: C:\Program Files\Tesseract-OCR\tesseract.exe is not installed or it's not in your PATH. See README file for more information.
17e77ff746a7f6995dcbe80f0b107701_jpg.rf.288c465429f616f34da878fda463f58b.jpg,/kaggle/input/datasets/nagendra048/aadhar-dataset/train/images,Error: C:\Program Files\Tesseract-OCR\tesseract.exe is not installed or it's not in your PATH. See README file for more information.
EFdEgzrUYAMutNm_jpg.rf.ede94abe0f5de682b0e381a52a0a0659.jpg,/kaggle/input/datasets/nagendra048/aadhar-dataset/train/images,Error: C:\Program Files\Tesseract-OCR\tesseract.exe is not installed or it's not in your PATH. See README file for more information.
116508899_159713039053118_8698401500526480570_n_jpg.rf.912b96a2ad5c7d28a3e08324266ec51e.jpg,/kaggle/input/datasets/nagendra048/aadhar-dataset/train/images,Error: C:\Program Files\Tesseract-OCR\tesseract.exe is not installed or it's not in your PATH. See README file for more information.
bc2af9550a06aee72c9aa22a3c73f0fa_jpg.rf.c53b5882387424150b4a6d3c8fd8edea.jpg,/kaggle/input/datasets/nagendra048/aadhar-dataset/train/images,Error: C:\Program Files\Tesseract-OCR\tesseract.exe is not installed or it's not in your PATH. See README file for more information.
10109_jpg.rf.70455922b602140b854492bf3a56b0ff.jpg,/kaggle/input/datasets/nagendra048/aadhar-dataset/train/images,Error: C:\Program Files\Tesseract-OCR\tesseract.exe is not installed or it's not in your PATH. See README file for more information.
e731587b225d7bad435c4cfb7cbec669_jpg.rf.f2ce025e9dfb2060cb835a57d4d2f1b2.jpg,/kaggle/input/datasets/nagendra048/aadhar-dataset/train/images,Error: C:\Program Files\Tesseract-OCR\tesseract.exe is not installed or it's not in your PATH. See README file for more information.
JAI_AADHAR_jpg.rf.b6b2b4de63a664fd692a367e32977a2e.jpg,/kaggle/input/datasets/nagendra048/aadhar-dataset/train/images,Error: C:\Program Files\Tesseract-OCR\tesseract.exe is not installed or it's not in your PATH. See README file for more information.
6d8e67208737a556302565d3c61dc373_jpg.rf.7475985ad1f2ccde37dc1f53d466fe80.jpg,/kaggle/input/datasets/nagendra048/aadhar-dataset/train/images,Error: C:\Program Files\Tesseract-OCR\tesseract.exe is not installed or it's not in your PATH. See README file for more information.
ce1ea2dcb0a8e8dac1e26793ad3d5ecb_jpg.rf.40033843412ded187e97efa2ba45ea45.jpg,/kaggle/input/datasets/nagendra048/aadhar-dataset/train/images,Error: C:\Program Files\Tesseract-OCR\tesseract.exe is not installed or it's not in your PATH. See README file for more information.
71697128_jpg.rf.7aafa2044ead6232713d299b0cb6050f.jpg,/kaggle/input/datasets/nagendra048/aadhar-dataset/train/images,Error: C:\Program Files\Tesseract-OCR\tesseract.exe is not installed or it's not in your PATH. See README file for more information.
thumb_jpg.rf.1777f3f51f9ca1bb40df4ef49ff1c12d.jpg,/kaggle/input/datasets/nagendra048/aadhar-dataset/train/images,Error: C:\Program Files\Tesseract-OCR\tesseract.exe is not installed or it's not in your PATH. See README file for more information.
IMG-20180722-WA0038_jpg.rf.39038dfa452e5d657ec18819559e78f4.jpg,/kaggle/input/datasets/nagendra048/aadhar-dataset/train/images,Error: C:\Program Files\Tesseract-OCR\tesseract.exe is not installed or it's not in your PATH. See README file for more information.
17e77ff746a7f6995dcbe80f0b107701_jpg.rf.d7037b85e1e28b8b148384ab266f71bf.jpg,/kaggle/input/datasets/nagendra048/aadhar-dataset/train/images,Error: C:\Program Files\Tesseract-OCR\tesseract.exe is not installed or it's not in your PATH. See README file for more information.
banner_jpg.rf.6483dff5de625eb945b553cd02d4c95b.jpg,/kaggle/input/datasets/nagendra048/aadhar-dataset/train/images,Error: C:\Program Files\Tesseract-OCR\tesseract.exe is not installed or it's not in your PATH. See README file for more information.
46bad340b458a566dc6e2fd9cd2b1b33_jpg.rf.c0f214a319d3cb72ac058150902bd634.jpg,/kaggle/input/datasets/nagendra048/aadhar-dataset/train/images,Error: C:\Program Files\Tesseract-OCR\tesseract.exe is not installed or it's not in your PATH. See README file for more information.
efbefce86a6ebb47ef70edd9f85d5324_jpg.rf.80521072d7c69b6afdd5b6c5aefcefd2.jpg,/kaggle/input/datasets/nagendra048/aadhar-dataset/train/images,Error: C:\Program Files\Tesseract-OCR\tesseract.exe is not installed or it's not in your PATH. See README file for more information.
5a9f2c8658426f9b1b17bfa65ef0d62c_jpg.rf.9de607c8215fe15c1b0c40f04f34f700.jpg,/kaggle/input/datasets/nagendra048/aadhar-dataset/train/images,Error: C:\Program Files\Tesseract-OCR\tesseract.exe is not installed or it's not in your PATH. See README file for more information.
c86a0da801ae2e586164e814b43de3c9_jpg.rf.df5a0d52addb5f51b80c599c7af35005.jpg,/kaggle/input/datasets/nagendra048/aadhar-dataset/train/images,Error: C:\Program Files\Tesseract-OCR\tesseract.exe is not installed or it's not in your PATH. See README file for more information.
images-9-_jpg.rf.b689849cbefd8513e4b3b6154f82bf2a.jpg,/kaggle/input/datasets/nagendra048/aadhar-dataset/train/images,Error: C:\Program Files\Tesseract-OCR\tesseract.exe is not installed or it's not in your PATH. See README file for more information.
e383ea165dd6f41b69ef72df10c4c473-1-_jpg.rf.3806ece52cf37494403faf7011f97f21.jpg,/kaggle/input/datasets/nagendra048/aadhar-dataset/train/images,Error: C:\Program Files\Tesseract-OCR\tesseract.exe is not installed or it's not in your PATH. See README file for more information.
086d820550f34066764f4047ddc263ca_jpg.rf.d0d37e85b4110749c4a66c4fc5b815f4.jpg,/kaggle/input/datasets/nagendra048/aadhar-dataset/train/images,Error: C:\Program Files\Tesseract-OCR\tesseract.exe is not installed or it's not in your PATH. See README file for more information.
images-7-_jpg.rf.c98636b4e0d7f549f437661e390be190.jpg,/kaggle/input/datasets/nagendra048/aadhar-dataset/train/images,Error: C:\Program Files\Tesseract-OCR\tesseract.exe is not installed or it's not in your PATH. See README file for more information.
2017_7image_01_34_3344908890_jpg.rf.497898fd62239a7046c92f8f1b5ca1b1.jpg,/kaggle/input/datasets/nagendra048/aadhar-dataset/train/images,Error: C:\Program Files\Tesseract-OCR\tesseract.exe is not installed or it's not in your PATH. See README file for more information.
images-6-_jpg.rf.6a55f0ed640fc136373ecb8ca8b6fb4b.jpg,/kaggle/input/datasets/nagendra048/aadhar-dataset/train/images,Error: C:\Program Files\Tesseract-OCR\tesseract.exe is not installed or it's not in your PATH. See README file for more information.
6faf8790a38b5e6a7d9e3347ba84a24f_jpg.rf.6c252224799ba94f690833a187dc6d7c.jpg,/kaggle/input/datasets/nagendra048/aadhar-dataset/train/images,Error: C:\Program Files\Tesseract-OCR\tesseract.exe is not installed or it's not in your PATH. See README file for more information.
2b923b9c9b526e45022e18d0493946ba_jpg.rf.a8722d0e2fd1716a889d25e1626f229d.jpg,/kaggle/input/datasets/nagendra048/aadhar-dataset/train/images,Error: C:\Program Files\Tesseract-OCR\tesseract.exe is not installed or it's not in your PATH. See README file for more information.
c5bc89c6e9cede0ff4d07085c5ce2488-1-_jpg.rf.131e051e6824ea368cf1005cc693a283.jpg,/kaggle/input/datasets/nagendra048/aadhar-dataset/train/images,Error: C:\Program Files\Tesseract-OCR\tesseract.exe is not installed or it's not in your PATH. See README file for more information.
images-2-_jpg.rf.917d911d7fb0ad2dbb20156495c4dd5a.jpg,/kaggle/input/datasets/nagendra048/aadhar-dataset/train/images,Error: C:\Program Files\Tesseract-OCR\tesseract.exe is not installed or it's not in your PATH. See README file for more information.
f6644ae09eb9acfc6a71f01115f917f9_jpg.rf.7b19215ea07f2b071b7b917c9854c787.jpg,/kaggle/input/datasets/nagendra048/aadhar-dataset/train/images,Error: C:\Program Files\Tesseract-OCR\tesseract.exe is not installed or it's not in your PATH. See README file for more information.
card_jpg.rf.975b0a516b8fcf9f1efea81d01595ddb.jpg,/kaggle/input/datasets/nagendra048/aadhar-dataset/train/images,Error: C:\Program Files\Tesseract-OCR\tesseract.exe is not installed or it's not in your PATH. See README file for more information.
efbefce86a6ebb47ef70edd9f85d5324_jpg.rf.dfc3195ab0e7f04e42032e3c4cd76ccc.jpg,/kaggle/input/datasets/nagendra048/aadhar-dataset/train/images,Error: C:\Program Files\Tesseract-OCR\tesseract.exe is not installed or it's not in your PATH. See README file for more information.
1c89969c27b6f7ea57d47a74f579b5cc-2-_jpg.rf.1b0daf1125878e2dc76c51d8b6833c87.jpg,/kaggle/input/datasets/nagendra048/aadhar-dataset/train/images,Error: C:\Program Files\Tesseract-OCR\tesseract.exe is not installed or it's not in your PATH. See README file for more information.
aadhar_jpg.rf.258bb939b0b3f1400e91750c8134cb78.jpg,/kaggle/input/datasets/nagendra048/aadhar-dataset/train/images,Error: C:\Program Files\Tesseract-OCR\tesseract.exe is not installed or it's not in your PATH. See README file for more information.
25305fe9d4d92e3899f5fbcab86fb2c7_jpg.rf.4c816e5b5d061bba0306f6f9c1c68e86.jpg,/kaggle/input/datasets/nagendra048/aadhar-dataset/train/images,Error: C:\Program Files\Tesseract-OCR\tesseract.exe is not installed or it's not in your PATH. See README file for more information.
images-14-_jpg.rf.7d45563ed87c8b9cef719e493c466b7f.jpg,/kaggle/input/datasets/nagendra048/aadhar-dataset/train/images,Error: C:\Program Files\Tesseract-OCR\tesseract.exe is not installed or it's not in your PATH. See README file for more information.
766ad22cd5a05c1a9d21c658bb1e925c_jpg.rf.4eac802d78c6680959120e844040ae91.jpg,/kaggle/input/datasets/nagendra048/aadhar-dataset/train/images,Error: C:\Program Files\Tesseract-OCR\tesseract.exe is not installed or it's not in your PATH. See README file for more information.
81eadb49cb7736c4e7460f318ebd5d29_jpg.rf.5270a4e6942e57dada0f1cb2cd85a21b.jpg,/kaggle/input/datasets/nagendra048/aadhar-dataset/train/images,Error: C:\Program Files\Tesseract-OCR\tesseract.exe is not installed or it's not in your PATH. See README file for more information.
97d297f8384d0e9b857e3ebc0bd31dcd_jpg.rf.9eb40aa8ef8b7d8f611ed058e2ceef81.jpg,/kaggle/input/datasets/nagendra048/aadhar-dataset/train/images,Error: C:\Program Files\Tesseract-OCR\tesseract.exe is not installed or it's not in your PATH. See README file for more information.
10100_jpg.rf.95a9d910e19459061d486a01c9e191e6.jpg,/kaggle/input/datasets/nagendra048/aadhar-dataset/train/images,Error: C:\Program Files\Tesseract-OCR\tesseract.exe is not installed or it's not in your PATH. See README file for more information.
e731587b225d7bad435c4cfb7cbec669_jpg.rf.2016d0b71542434c86998795c03197c0.jpg,/kaggle/input/datasets/nagendra048/aadhar-dataset/train/images,Error: C:\Program Files\Tesseract-OCR\tesseract.exe is not installed or it's not in your PATH. See README file for more information.
images-16-_jpg.rf.9516a9e527fdce5a9c6892a0892065dc.jpg,/kaggle/input/datasets/nagendra048/aadhar-dataset/train/images,Error: C:\Program Files\Tesseract-OCR\tesseract.exe is not installed or it's not in your PATH. See README file for more information.
102_509409293_jpg.rf.e22b42719994812c6e3af5269cd1965b.jpg,/kaggle/input/datasets/nagendra048/aadhar-dataset/train/images,Error: C:\Program Files\Tesseract-OCR\tesseract.exe is not installed or it's not in your PATH. See README file for more information.
adhar1_2366193f_jpg.rf.a85878b576f495599ee1e14923177850.jpg,/kaggle/input/datasets/nagendra048/aadhar-dataset/train/images,Error: C:\Program Files\Tesseract-OCR\tesseract.exe is not installed or it's not in your PATH. See README file for more information.
images-4-_jpg.rf.372c9a830a47a1c3f377da52c31db3d0.jpg,/kaggle/input/datasets/nagendra048/aadhar-dataset/train/images,Error: C:\Program Files\Tesseract-OCR\tesseract.exe is not installed or it's not in your PATH. See README file for more information.
efbefce86a6ebb47ef70edd9f85d5324_jpg.rf.53ce4b690eaa13a5891fa154bae2393f.jpg,/kaggle/input/datasets/nagendra048/aadhar-dataset/train/images,Error: C:\Program Files\Tesseract-OCR\tesseract.exe is not installed or it's not in your PATH. See README file for more information.
card_jpg.rf.1771d3e086a71eda617d043f32ce149c.jpg,/kaggle/input/datasets/nagendra048/aadhar-dataset/train/images,Error: C:\Program Files\Tesseract-OCR\tesseract.exe is not installed or it's not in your PATH. See README file for more information.
Aadhar-Card-678x381_jpg.rf.6035899568f422c8c72aaade95cfdc71.jpg,/kaggle/input/datasets/nagendra048/aadhar-dataset/train/images,Error: C:\Program Files\Tesseract-OCR\tesseract.exe is not installed or it's not in your PATH. See README file for more information.
b4ec339af5996addce61a9c73b7162f3_jpg.rf.af57e6ec76c616b7305582aeefc1c2b3.jpg,/kaggle/input/datasets/nagendra048/aadhar-dataset/train/images,Error: C:\Program Files\Tesseract-OCR\tesseract.exe is not installed or it's not in your PATH. See README file for more information.
ershad-adhar-centre-dinajpur-aadhaar-card-agents-gqwff0s4do_jpg.rf.760e891fa91a812db13a10c1b4540b06.jpg,/kaggle/input/datasets/nagendra048/aadhar-dataset/train/images,Error: C:\Program Files\Tesseract-OCR\tesseract.exe is not installed or it's not in your PATH. See README file for more information.
49fa3bcf36cda2851f2d12adc5f9f6db-1-_jpg.rf.4548dbcdfbfe33fa48e85728e0be49b2.jpg,/kaggle/input/datasets/nagendra048/aadhar-dataset/train/images,Error: C:\Program Files\Tesseract-OCR\tesseract.exe is not installed or it's not in your PATH. See README file for more information.
images-10-_jpg.rf.9eeb7c6a13b7a18fe7391cbf2a440ea5.jpg,/kaggle/input/datasets/nagendra048/aadhar-dataset/train/images,Error: C:\Program Files\Tesseract-OCR\tesseract.exe is not installed or it's not in your PATH. See README file for more information.
35c4f8abcda3c0e3fe13b2435deaaff4_jpg.rf.7d452606bc33b7d427bb5e8edf2ec602.jpg,/kaggle/input/datasets/nagendra048/aadhar-dataset/train/images,Error: C:\Program Files\Tesseract-OCR\tesseract.exe is not installed or it's not in your PATH. See README file for more information.
images-11-_jpg.rf.3b6bfe6580ff3f483ff65c0a39dd9f53.jpg,/kaggle/input/datasets/nagendra048/aadhar-dataset/train/images,Error: C:\Program Files\Tesseract-OCR\tesseract.exe is not installed or it's not in your PATH. See README file for more information.
b2487cba906731d63c4ca7884bd1a2f0_jpg.rf.d0bd7c32c49cad65b2123c49593012b9.jpg,/kaggle/input/datasets/nagendra048/aadhar-dataset/train/images,Error: C:\Program Files\Tesseract-OCR\tesseract.exe is not installed or it's not in your PATH. See README file for more information.
images-16-_jpg.rf.10acacf1bba2d8335d0f72883b8704e1.jpg,/kaggle/input/datasets/nagendra048/aadhar-dataset/train/images,Error: C:\Program Files\Tesseract-OCR\tesseract.exe is not installed or it's not in your PATH. See README file for more information.
6faf8790a38b5e6a7d9e3347ba84a24f_jpg.rf.709b58e607c14445b5432cf65f68fdf2.jpg,/kaggle/input/datasets/nagendra048/aadhar-dataset/train/images,Error: C:\Program Files\Tesseract-OCR\tesseract.exe is not installed or it's not in your PATH. See README file for more information.
dd1b5eeb6239e3d97be96c4fa66a4eb7_jpg.rf.66135785876547e8c02db311f5c19e7f.jpg,/kaggle/input/datasets/nagendra048/aadhar-dataset/train/images,Error: C:\Program Files\Tesseract-OCR\tesseract.exe is not installed or it's not in your PATH. See README file for more information.
D8E0Re_VsAEzhCg_jpg.rf.340d2dd5c675a999e4aefa6f97ba6b7e.jpg,/kaggle/input/datasets/nagendra048/aadhar-dataset/train/images,Error: C:\Program Files\Tesseract-OCR\tesseract.exe is not installed or it's not in your PATH. See README file for more information.
1c89969c27b6f7ea57d47a74f579b5cc-2-_jpg.rf.97e0b800368b6712c3009755f5236599.jpg,/kaggle/input/datasets/nagendra048/aadhar-dataset/train/images,Error: C:\Program Files\Tesseract-OCR\tesseract.exe is not installed or it's not in your PATH. See README file for more information.
c5bc89c6e9cede0ff4d07085c5ce2488_jpg.rf.76c571488e279648d05061a740d43601.jpg,/kaggle/input/datasets/nagendra048/aadhar-dataset/train/images,Error: C:\Program Files\Tesseract-OCR\tesseract.exe is not installed or it's not in your PATH. See README file for more information.
2b923b9c9b526e45022e18d0493946ba_jpg.rf.40336f43f9aac0f37c2ee664d1c6ef38.jpg,/kaggle/input/datasets/nagendra048/aadhar-dataset/train/images,Error: C:\Program Files\Tesseract-OCR\tesseract.exe is not installed or it's not in your PATH. See README file for more information.
14171f7e3e906f9bb9cbee0e44b183ab_jpg.rf.a0f06f00251257ba1712ac38ecd01dec.jpg,/kaggle/input/datasets/nagendra048/aadhar-dataset/train/images,Error: C:\Program Files\Tesseract-OCR\tesseract.exe is not installed or it's not in your PATH. See README file for more information.
efbefce86a6ebb47ef70edd9f85d5324_jpg.rf.d6e2a499008fcf8411bfdd99c551884c.jpg,/kaggle/input/datasets/nagendra048/aadhar-dataset/train/images,Error: C:\Program Files\Tesseract-OCR\tesseract.exe is not installed or it's not in your PATH. See README file for more information.
1c89969c27b6f7ea57d47a74f579b5cc-1-_jpg.rf.09eadc720c7e8bd2bdbc0b4cd1773ee2.jpg,/kaggle/input/datasets/nagendra048/aadhar-dataset/train/images,Error: C:\Program Files\Tesseract-OCR\tesseract.exe is not installed or it's not in your PATH. See README file for more information.
23752a535ecca255d677464b5a7a24f4_jpg.rf.8d29a35cd847446ed4560480b4aa2f37.jpg,/kaggle/input/datasets/nagendra048/aadhar-dataset/train/images,Error: C:\Program Files\Tesseract-OCR\tesseract.exe is not installed or it's not in your PATH. See README file for more information.
sp-42095176-5v4rgi-thumbnail_jpg.rf.ec4bdffdc9358f24099f6503c5704149.jpg,/kaggle/input/datasets/nagendra048/aadhar-dataset/train/images,Error: C:\Program Files\Tesseract-OCR\tesseract.exe is not installed or it's not in your PATH. See README file for more information.
images-9-_jpg.rf.a310e2d1bc8c00d157f288af4f343135.jpg,/kaggle/input/datasets/nagendra048/aadhar-dataset/train/images,Error: C:\Program Files\Tesseract-OCR\tesseract.exe is not installed or it's not in your PATH. See README file for more information.
images-3-_jpg.rf.99a1783667c37e709a4c1867c7e98830.jpg,/kaggle/input/datasets/nagendra048/aadhar-dataset/train/images,Error: C:\Program Files\Tesseract-OCR\tesseract.exe is not installed or it's not in your PATH. See README file for more information.
7e65eb61f2d964e4e46a9ee5e1330c28_jpg.rf.3d4b6f389a7541fdfb3fb7d3e8665a02.jpg,/kaggle/input/datasets/nagendra048/aadhar-dataset/train/images,Error: C:\Program Files\Tesseract-OCR\tesseract.exe is not installed or it's not in your PATH. See README file for more information.
images-3-_jpg.rf.09b7ae3cfc22fb370bc3d51dcc0d92c5.jpg,/kaggle/input/datasets/nagendra048/aadhar-dataset/train/images,Error: C:\Program Files\Tesseract-OCR\tesseract.exe is not installed or it's not in your PATH. See README file for more information.
58a8a1d7cf82feffbc75786afbe700ad_jpg.rf.75c026eec7f7baecff4742f5c47e6aee.jpg,/kaggle/input/datasets/nagendra048/aadhar-dataset/train/images,Error: C:\Program Files\Tesseract-OCR\tesseract.exe is not installed or it's not in your PATH. See README file for more information.
44ca6539da21ea839134cf0e39ff6e37_jpg.rf.b082e80377b39cc65e30cdf120d423c2.jpg,/kaggle/input/datasets/nagendra048/aadhar-dataset/train/images,Error: C:\Program Files\Tesseract-OCR\tesseract.exe is not installed or it's not in your PATH. See README file for more information.
1c89969c27b6f7ea57d47a74f579b5cc-1-_jpg.rf.6c86180472ae60c0f22c7d87efd9ef67.jpg,/kaggle/input/datasets/nagendra048/aadhar-dataset/train/images,Error: C:\Program Files\Tesseract-OCR\tesseract.exe is not installed or it's not in your PATH. See README file for more information.
1_xMzwx1zuB5KlpNM53l2nfw_jpg.rf.11843dad0c938f733a2e5ef0876e9c45.jpg,/kaggle/input/datasets/nagendra048/aadhar-dataset/train/images,Error: C:\Program Files\Tesseract-OCR\tesseract.exe is not installed or it's not in your PATH. See README file for more information.
images-8-_jpg.rf.6cdb795043f0f1d4d4614cf855146863.jpg,/kaggle/input/datasets/nagendra048/aadhar-dataset/train/images,Error: C:\Program Files\Tesseract-OCR\tesseract.exe is not installed or it's not in your PATH. See README file for more information.
0e0a5204f238d9c743ae456a8dc6529a_jpg.rf.786a2949a7d68b52213f816f918a3806.jpg,/kaggle/input/datasets/nagendra048/aadhar-dataset/train/images,Error: C:\Program Files\Tesseract-OCR\tesseract.exe is not installed or it's not in your PATH. See README file for more information.
7e65eb61f2d964e4e46a9ee5e1330c28_jpg.rf.02361d49171371501714257c874ec78e.jpg,/kaggle/input/datasets/nagendra048/aadhar-dataset/train/images,Error: C:\Program Files\Tesseract-OCR\tesseract.exe is not installed or it's not in your PATH. See README file for more information.
368a4dd1224bf4d35aa30fc7b61d32d2-1-_jpg.rf.7b6d470ac97e7418288cd21d54ee0d61.jpg,/kaggle/input/datasets/nagendra048/aadhar-dataset/train/images,Error: C:\Program Files\Tesseract-OCR\tesseract.exe is not installed or it's not in your PATH. See README file for more information.
15702284b04c27864e819ad89483b80d_jpg.rf.ed6813d5ca028c99e760c93a7b4b257c.jpg,/kaggle/input/datasets/nagendra048/aadhar-dataset/train/images,Error: C:\Program Files\Tesseract-OCR\tesseract.exe is not installed or it's not in your PATH. See README file for more information.
25305fe9d4d92e3899f5fbcab86fb2c7-1-_jpg.rf.7a982a0a313ab55b2da96783f9385021.jpg,/kaggle/input/datasets/nagendra048/aadhar-dataset/train/images,Error: C:\Program Files\Tesseract-OCR\tesseract.exe is not installed or it's not in your PATH. See README file for more information.
aadhaar-unique-identification-number-for-indian-citizen_jpg.rf.ca81c9e95757e1b143ed42cf85cd9c8e.jpg,/kaggle/input/datasets/nagendra048/aadhar-dataset/train/images,Error: C:\Program Files\Tesseract-OCR\tesseract.exe is not installed or it's not in your PATH. See README file for more information.
Adhar_Card_jpg.rf.9b6faa0caa4670400c74128b0f6f22d9.jpg,/kaggle/input/datasets/nagendra048/aadhar-dataset/train/images,Error: C:\Program Files\Tesseract-OCR\tesseract.exe is not installed or it's not in your PATH. See README file for more information.
ffa5e80e5c547686632c7bc9746fee87_jpg.rf.c08626306e126acf00a58f3e3eb5634f.jpg,/kaggle/input/datasets/nagendra048/aadhar-dataset/train/images,Error: C:\Program Files\Tesseract-OCR\tesseract.exe is not installed or it's not in your PATH. See README file for more information.
images-5-_jpg.rf.e250750af02b87fe158092c882458ae9.jpg,/kaggle/input/datasets/nagendra048/aadhar-dataset/train/images,Error: C:\Program Files\Tesseract-OCR\tesseract.exe is not installed or it's not in your PATH. See README file for more information.
images-18-_jpg.rf.f4ee7c6ade6ee9460f7ec788985ea8aa.jpg,/kaggle/input/datasets/nagendra048/aadhar-dataset/train/images,Error: C:\Program Files\Tesseract-OCR\tesseract.exe is not installed or it's not in your PATH. See README file for more information.
images-11-_jpg.rf.8284353a264476a48843d80d2dee40a5.jpg,/kaggle/input/datasets/nagendra048/aadhar-dataset/train/images,Error: C:\Program Files\Tesseract-OCR\tesseract.exe is not installed or it's not in your PATH. See README file for more information.
49fa3bcf36cda2851f2d12adc5f9f6db-2-_jpg.rf.87b19cf972cc40245c4aced588923365.jpg,/kaggle/input/datasets/nagendra048/aadhar-dataset/train/images,Error: C:\Program Files\Tesseract-OCR\tesseract.exe is not installed or it's not in your PATH. See README file for more information.
dd73e0797834fecca12c450729c37fef_jpg.rf.f4aa566cb40214998dd7c9cb3a0a4b73.jpg,/kaggle/input/datasets/nagendra048/aadhar-dataset/train/images,Error: C:\Program Files\Tesseract-OCR\tesseract.exe is not installed or it's not in your PATH. See README file for more information.
17e77ff746a7f6995dcbe80f0b107701_jpg.rf.eced50edb373c1dd84b5cfe9edeb7ba3.jpg,/kaggle/input/datasets/nagendra048/aadhar-dataset/train/images,Error: C:\Program Files\Tesseract-OCR\tesseract.exe is not installed or it's not in your PATH. See README file for more information.
images-8-_jpg.rf.7f0813149abc006a5f984921b9357c38.jpg,/kaggle/input/datasets/nagendra048/aadhar-dataset/train/images,Error: C:\Program Files\Tesseract-OCR\tesseract.exe is not installed or it's not in your PATH. See README file for more information.
meerut-news_1591527061_jpg.rf.b204c18ad5adae90aed0df6f9bc5fd74.jpg,/kaggle/input/datasets/nagendra048/aadhar-dataset/train/images,Error: C:\Program Files\Tesseract-OCR\tesseract.exe is not installed or it's not in your PATH. See README file for more information.
1c89969c27b6f7ea57d47a74f579b5cc-2-_jpg.rf.9b6c8d4584f98ccfb93447c89bddc989.jpg,/kaggle/input/datasets/nagendra048/aadhar-dataset/train/images,Error: C:\Program Files\Tesseract-OCR\tesseract.exe is not installed or it's not in your PATH. See README file for more information.
img_1628671278092_474_jpg.rf.85961bb70d184a66116298d83c647bf8.jpg,/kaggle/input/datasets/nagendra048/aadhar-dataset/train/images,Error: C:\Program Files\Tesseract-OCR\tesseract.exe is not installed or it's not in your PATH. See README file for more information.
c5cad996e165b070b99d2b76cdfb39dc_jpg.rf.bba7e92d6af32136347dd939f3373555.jpg,/kaggle/input/datasets/nagendra048/aadhar-dataset/train/images,Error: C:\Program Files\Tesseract-OCR\tesseract.exe is not installed or it's not in your PATH. See README file for more information.
368a4dd1224bf4d35aa30fc7b61d32d2-1-_jpg.rf.f29324d46528d4dfd0a2bc563bdfb068.jpg,/kaggle/input/datasets/nagendra048/aadhar-dataset/train/images,Error: C:\Program Files\Tesseract-OCR\tesseract.exe is not installed or it's not in your PATH. See README file for more information.
images-6-_jpg.rf.310c4e24a039616e9e65b55b38c1b8cd.jpg,/kaggle/input/datasets/nagendra048/aadhar-dataset/train/images,Error: C:\Program Files\Tesseract-OCR\tesseract.exe is not installed or it's not in your PATH. See README file for more information.
d9c5c2aa49da5daf5ab4a18dd030726c_jpg.rf.031effbb1e0c8d38b390ca76bf0ad971.jpg,/kaggle/input/datasets/nagendra048/aadhar-dataset/train/images,Error: C:\Program Files\Tesseract-OCR\tesseract.exe is not installed or it's not in your PATH. See README file for more information.
Father_Aadhar_Card_of_Baby_Sanavi_Jehangir_Hospital_jpg.rf.e63fc98977cabc810673130c203754fe.jpg,/kaggle/input/datasets/nagendra048/aadhar-dataset/train/images,Error: C:\Program Files\Tesseract-OCR\tesseract.exe is not installed or it's not in your PATH. See README file for more information.
images-16-_jpg.rf.544249d7a4bdf12d18b9e6ac0679f92b.jpg,/kaggle/input/datasets/nagendra048/aadhar-dataset/train/images,Error: C:\Program Files\Tesseract-OCR\tesseract.exe is not installed or it's not in your PATH. See README file for more information.
82a73cb534ca5805e7136e48059e7000_jpg.rf.725c46c27862e730173805a5524cf18d.jpg,/kaggle/input/datasets/nagendra048/aadhar-dataset/train/images,Error: C:\Program Files\Tesseract-OCR\tesseract.exe is not installed or it's not in your PATH. See README file for more information.
c69b7f40144bf1cd4051251754af93ed-2-_jpg.rf.1f41ebee86d5eb0f2337004ae6923fce.jpg,/kaggle/input/datasets/nagendra048/aadhar-dataset/train/images,Error: C:\Program Files\Tesseract-OCR\tesseract.exe is not installed or it's not in your PATH. See README file for more information.
b0d100d4275f891c2fbc6d9d56dbd123_jpg.rf.1c14c87b1687cc6b8200b2fb7ab1e925.jpg,/kaggle/input/datasets/nagendra048/aadhar-dataset/train/images,Error: C:\Program Files\Tesseract-OCR\tesseract.exe is not installed or it's not in your PATH. See README file for more information.
46804894d63fe5b3fea2582cfa7657c7-2-_jpg.rf.0e99480592513db3faa2943a711c18d8.jpg,/kaggle/input/datasets/nagendra048/aadhar-dataset/train/images,Error: C:\Program Files\Tesseract-OCR\tesseract.exe is not installed or it's not in your PATH. See README file for more information.
19b620ad00aeb2885f0f0a1ccb337919_jpg.rf.c2570f0ad33c1cb3f79c59ac6a85b4bf.jpg,/kaggle/input/datasets/nagendra048/aadhar-dataset/train/images,Error: C:\Program Files\Tesseract-OCR\tesseract.exe is not installed or it's not in your PATH. See README file for more information.
images-11-_jpg.rf.fb8c2bcb36514e0ba34933b8076686a8.jpg,/kaggle/input/datasets/nagendra048/aadhar-dataset/train/images,Error: C:\Program Files\Tesseract-OCR\tesseract.exe is not installed or it's not in your PATH. See README file for more information.
368a4dd1224bf4d35aa30fc7b61d32d2-1-_jpg.rf.46d77dec6e7537ef4c66aaf627480d3d.jpg,/kaggle/input/datasets/nagendra048/aadhar-dataset/train/images,Error: C:\Program Files\Tesseract-OCR\tesseract.exe is not installed or it's not in your PATH. See README file for more information.
2017_7image_01_34_3344908890_jpg.rf.2fa7508c75e9597a1cef01221afddd1d.jpg,/kaggle/input/datasets/nagendra048/aadhar-dataset/train/images,Error: C:\Program Files\Tesseract-OCR\tesseract.exe is not installed or it's not in your PATH. See README file for more information.
Father_Aadhar_Card_of_Baby_Sanavi_Jehangir_Hospital_jpg.rf.7d36fe9e26df2c5325dd6ab97c536f02.jpg,/kaggle/input/datasets/nagendra048/aadhar-dataset/train/images,Error: C:\Program Files\Tesseract-OCR\tesseract.exe is not installed or it's not in your PATH. See README file for more information.
06_01_2022_03_14_23_png_jpg.rf.461fdf63f0bff803c9b92c66b8acdf3f.jpg,/kaggle/input/datasets/nagendra048/aadhar-dataset/train/images,Error: C:\Program Files\Tesseract-OCR\tesseract.exe is not installed or it's not in your PATH. See README file for more information.
aad43_jpg.rf.5a3dabd11b8e5bbe6add242ad364b1b7.jpg,/kaggle/input/datasets/nagendra048/aadhar-dataset/train/images,Error: C:\Program Files\Tesseract-OCR\tesseract.exe is not installed or it's not in your PATH. See README file for more information.
b0d100d4275f891c2fbc6d9d56dbd123_jpg.rf.d603b2239028f6958723fb06975e1f64.jpg,/kaggle/input/datasets/nagendra048/aadhar-dataset/train/images,Error: C:\Program Files\Tesseract-OCR\tesseract.exe is not installed or it's not in your PATH. See README file for more information.
82a73cb534ca5805e7136e48059e7000_jpg.rf.606af166432c11ed2e2af1f28f2c497d.jpg,/kaggle/input/datasets/nagendra048/aadhar-dataset/train/images,Error: C:\Program Files\Tesseract-OCR\tesseract.exe is not installed or it's not in your PATH. See README file for more information.
0c0584201ff552c4bdcbe160315aa432_jpg.rf.474e9240cb1c418bfe017154e7238643.jpg,/kaggle/input/datasets/nagendra048/aadhar-dataset/train/images,Error: C:\Program Files\Tesseract-OCR\tesseract.exe is not installed or it's not in your PATH. See README file for more information.
44ca6539da21ea839134cf0e39ff6e37_jpg.rf.df15df4d48d088c5d994ab346c0af34e.jpg,/kaggle/input/datasets/nagendra048/aadhar-dataset/train/images,Error: C:\Program Files\Tesseract-OCR\tesseract.exe is not installed or it's not in your PATH. See README file for more information.
0d4c873ace54e82fb49c451a9bdc6d24_jpg.rf.b8ee9ac989c260b1b275542633d869e5.jpg,/kaggle/input/datasets/nagendra048/aadhar-dataset/train/images,Error: C:\Program Files\Tesseract-OCR\tesseract.exe is not installed or it's not in your PATH. See README file for more information.
images-2-_jpg.rf.d5041a3b2010b16c3413b79bdcdd59ad.jpg,/kaggle/input/datasets/nagendra048/aadhar-dataset/train/images,Error: C:\Program Files\Tesseract-OCR\tesseract.exe is not installed or it's not in your PATH. See README file for more information.
aa-Cover-k9ll0etrgjri1nlb9pgj8k12q2-20170526111344_jpg.rf.3c8fbff560a3e231ce12a73606c25179.jpg,/kaggle/input/datasets/nagendra048/aadhar-dataset/train/images,Error: C:\Program Files\Tesseract-OCR\tesseract.exe is not installed or it's not in your PATH. See README file for more information.
b2487cba906731d63c4ca7884bd1a2f0_jpg.rf.5a448eff5193a8623047221efd1e5bf4.jpg,/kaggle/input/datasets/nagendra048/aadhar-dataset/train/images,Error: C:\Program Files\Tesseract-OCR\tesseract.exe is not installed or it's not in your PATH. See README file for more information.
46bad340b458a566dc6e2fd9cd2b1b33_jpg.rf.f7eaef76f540349455eea40b924d68d9.jpg,/kaggle/input/datasets/nagendra048/aadhar-dataset/train/images,Error: C:\Program Files\Tesseract-OCR\tesseract.exe is not installed or it's not in your PATH. See README file for more information.
80-Adding-Aadhar-Card-Template-Download-in-Photoshop-with-Aadhar-Card-Template-Download_jpg.rf.399ba0034e814f5fb04e00f1db7349fe.jpg,/kaggle/input/datasets/nagendra048/aadhar-dataset/train/images,Error: C:\Program Files\Tesseract-OCR\tesseract.exe is not installed or it's not in your PATH. See README file for more information.
086d820550f34066764f4047ddc263ca_jpg.rf.b0627b46ce0856fdc3fe84961310fe42.jpg,/kaggle/input/datasets/nagendra048/aadhar-dataset/train/images,Error: C:\Program Files\Tesseract-OCR\tesseract.exe is not installed or it's not in your PATH. See README file for more information.
aad43_jpg.rf.6e12bc7b96c5bac7b244c94f2ad47782.jpg,/kaggle/input/datasets/nagendra048/aadhar-dataset/train/images,Error: C:\Program Files\Tesseract-OCR\tesseract.exe is not installed or it's not in your PATH. See README file for more information.
a1e3125efaa4eebd8efc907ae48b69a1_jpg.rf.982e102f04999369ece284521b5b96f5.jpg,/kaggle/input/datasets/nagendra048/aadhar-dataset/train/images,Error: C:\Program Files\Tesseract-OCR\tesseract.exe is not installed or it's not in your PATH. See README file for more information.
26e69450edbd8716ee253bd7ec9b7607_jpg.rf.7e2d2626accaad2f48c5ca9554e12359.jpg,/kaggle/input/datasets/nagendra048/aadhar-dataset/train/images,Error: C:\Program Files\Tesseract-OCR\tesseract.exe is not installed or it's not in your PATH. See README file for more information.
06_01_2022_03_14_49_png_jpg.rf.655ae81b99954f8b9f02a105ec234301.jpg,/kaggle/input/datasets/nagendra048/aadhar-dataset/train/images,Error: C:\Program Files\Tesseract-OCR\tesseract.exe is not installed or it's not in your PATH. See README file for more information.
IMG-20180722-WA0038_jpg.rf.53e13817b8e5057be0220ce3d4f7e06b.jpg,/kaggle/input/datasets/nagendra048/aadhar-dataset/train/images,Error: C:\Program Files\Tesseract-OCR\tesseract.exe is not installed or it's not in your PATH. See README file for more information.
6d8e67208737a556302565d3c61dc373_jpg.rf.4bf64629eae7fb75b41bb867db3f6528.jpg,/kaggle/input/datasets/nagendra048/aadhar-dataset/train/images,Error: C:\Program Files\Tesseract-OCR\tesseract.exe is not installed or it's not in your PATH. See README file for more information.
c7d12dabedb1da10342b91dea665a917_jpg.rf.19c1dbc120220c77cb8898abaf2aa38d.jpg,/kaggle/input/datasets/nagendra048/aadhar-dataset/train/images,Error: C:\Program Files\Tesseract-OCR\tesseract.exe is not installed or it's not in your PATH. See README file for more information.
82a73cb534ca5805e7136e48059e7000_jpg.rf.019ae649dee09f95eb073d5813d2d78c.jpg,/kaggle/input/datasets/nagendra048/aadhar-dataset/train/images,Error: C:\Program Files\Tesseract-OCR\tesseract.exe is not installed or it's not in your PATH. See README file for more information.
8c7dab60c3bdf9f210aaaca1a87c78de_jpg.rf.1cf7b9c9cf03685c5b28052c56b4928b.jpg,/kaggle/input/datasets/nagendra048/aadhar-dataset/train/images,Error: C:\Program Files\Tesseract-OCR\tesseract.exe is not installed or it's not in your PATH. See README file for more information.
img_1628671278092_474_jpg.rf.b031987dd58ec2092315fb2b2370b687.jpg,/kaggle/input/datasets/nagendra048/aadhar-dataset/train/images,Error: C:\Program Files\Tesseract-OCR\tesseract.exe is not installed or it's not in your PATH. See README file for more information.
35c4f8abcda3c0e3fe13b2435deaaff4_jpg.rf.c2546f76e3bebea8230dbfac4f88206d.jpg,/kaggle/input/datasets/nagendra048/aadhar-dataset/train/images,Error: C:\Program Files\Tesseract-OCR\tesseract.exe is not installed or it's not in your PATH. See README file for more information.
images-19-_jpg.rf.5d859a1d013b1a3ac093f7fb0a8ce43c.jpg,/kaggle/input/datasets/nagendra048/aadhar-dataset/train/images,Error: C:\Program Files\Tesseract-OCR\tesseract.exe is not installed or it's not in your PATH. See README file for more information.
14171f7e3e906f9bb9cbee0e44b183ab-1-_jpg.rf.bad87016679a487cf2b9eb146221bbfe.jpg,/kaggle/input/datasets/nagendra048/aadhar-dataset/train/images,Error: C:\Program Files\Tesseract-OCR\tesseract.exe is not installed or it's not in your PATH. See README file for more information.
EFdEgzrUYAMutNm_jpg.rf.c6ef8fef96b99b1b8a7e4f8459b3186d.jpg,/kaggle/input/datasets/nagendra048/aadhar-dataset/train/images,Error: C:\Program Files\Tesseract-OCR\tesseract.exe is not installed or it's not in your PATH. See README file for more information.
efbefce86a6ebb47ef70edd9f85d5324_jpg.rf.943629d2d6986fc255dda57b55886e1b.jpg,/kaggle/input/datasets/nagendra048/aadhar-dataset/train/images,Error: C:\Program Files\Tesseract-OCR\tesseract.exe is not installed or it's not in your PATH. See README file for more information.
b7becd5c330f22d135ef4ffa3b26e65e_jpg.rf.bfab2fe3a63c9e4dd40d5cf455cc10d2.jpg,/kaggle/input/datasets/nagendra048/aadhar-dataset/train/images,Error: C:\Program Files\Tesseract-OCR\tesseract.exe is not installed or it's not in your PATH. See README file for more information.
9ccffeac84c5b19e14bab96b9177b18b_jpg.rf.a7446265a4d449073882397ec68cde80.jpg,/kaggle/input/datasets/nagendra048/aadhar-dataset/train/images,Error: C:\Program Files\Tesseract-OCR\tesseract.exe is not installed or it's not in your PATH. See README file for more information.
102_509409293_jpg.rf.5fe93717e4389f45aa5998c7624c9e84.jpg,/kaggle/input/datasets/nagendra048/aadhar-dataset/train/images,Error: C:\Program Files\Tesseract-OCR\tesseract.exe is not installed or it's not in your PATH. See README file for more information.
116508899_159713039053118_8698401500526480570_n_jpg.rf.c63ed8b8e3a6facab4b94d901278a6a9.jpg,/kaggle/input/datasets/nagendra048/aadhar-dataset/train/images,Error: C:\Program Files\Tesseract-OCR\tesseract.exe is not installed or it's not in your PATH. See README file for more information.
c86a0da801ae2e586164e814b43de3c9_jpg.rf.92d547cbf1b23b61096e364273f4b724.jpg,/kaggle/input/datasets/nagendra048/aadhar-dataset/train/images,Error: C:\Program Files\Tesseract-OCR\tesseract.exe is not installed or it's not in your PATH. See README file for more information.
dd1b5eeb6239e3d97be96c4fa66a4eb7_jpg.rf.f8c46563b32a9b7ef876ce1fa469cedd.jpg,/kaggle/input/datasets/nagendra048/aadhar-dataset/train/images,Error: C:\Program Files\Tesseract-OCR\tesseract.exe is not installed or it's not in your PATH. See README file for more information.
6cc303eb6be78797fd871ec8cad3a65d_jpg.rf.184276f126e659ddefeb1878d04c8363.jpg,/kaggle/input/datasets/nagendra048/aadhar-dataset/train/images,Error: C:\Program Files\Tesseract-OCR\tesseract.exe is not installed or it's not in your PATH. See README file for more information.
aad43_jpg.rf.28bb807650cab03b0ba97cb3651949fe.jpg,/kaggle/input/datasets/nagendra048/aadhar-dataset/train/images,Error: C:\Program Files\Tesseract-OCR\tesseract.exe is not installed or it's not in your PATH. See README file for more information.
IMG-20180722-WA0038_jpg.rf.a53af58456d5b56a9067b4f6e8bb70ce.jpg,/kaggle/input/datasets/nagendra048/aadhar-dataset/train/images,Error: C:\Program Files\Tesseract-OCR\tesseract.exe is not installed or it's not in your PATH. See README file for more information.
download_jpg.rf.9a9cc4f42e2a3b11ea5b9efe5db57d3a.jpg,/kaggle/input/datasets/nagendra048/aadhar-dataset/train/images,Error: C:\Program Files\Tesseract-OCR\tesseract.exe is not installed or it's not in your PATH. See README file for more information.
images-2-_jpg.rf.aaf6e528d4d80e6d0a7e74d3d717f77f.jpg,/kaggle/input/datasets/nagendra048/aadhar-dataset/train/images,Error: C:\Program Files\Tesseract-OCR\tesseract.exe is not installed or it's not in your PATH. See README file for more information.
download_jpg.rf.f9cc7906d3fc7f2416eddafbb36517c3.jpg,/kaggle/input/datasets/nagendra048/aadhar-dataset/train/images,Error: C:\Program Files\Tesseract-OCR\tesseract.exe is not installed or it's not in your PATH. See README file for more information.
1c89969c27b6f7ea57d47a74f579b5cc-1-_jpg.rf.0cd103d108491aea4595a972a69505b7.jpg,/kaggle/input/datasets/nagendra048/aadhar-dataset/train/images,Error: C:\Program Files\Tesseract-OCR\tesseract.exe is not installed or it's not in your PATH. See README file for more information.
447675edf75967ed3047d0ff28f280ac_jpg.rf.002f1f1f9d1b9c4f2e1921a4c3a2d0ae.jpg,/kaggle/input/datasets/nagendra048/aadhar-dataset/train/images,Error: C:\Program Files\Tesseract-OCR\tesseract.exe is not installed or it's not in your PATH. See README file for more information.
2b923b9c9b526e45022e18d0493946ba-1-_jpg.rf.8b537556d81fdcb83b56e886b9424c27.jpg,/kaggle/input/datasets/nagendra048/aadhar-dataset/train/images,Error: C:\Program Files\Tesseract-OCR\tesseract.exe is not installed or it's not in your PATH. See README file for more information.
19b620ad00aeb2885f0f0a1ccb337919_jpg.rf.3349a43710e22f44d0dc8352856bdee3.jpg,/kaggle/input/datasets/nagendra048/aadhar-dataset/train/images,Error: C:\Program Files\Tesseract-OCR\tesseract.exe is not installed or it's not in your PATH. See README file for more information.
images-4-_jpg.rf.09437db712406f4ebf9123d0d11a43af.jpg,/kaggle/input/datasets/nagendra048/aadhar-dataset/train/images,Error: C:\Program Files\Tesseract-OCR\tesseract.exe is not installed or it's not in your PATH. See README file for more information.
b2487cba906731d63c4ca7884bd1a2f0_jpg.rf.0947443c2baeeadbe7263d354b26988a.jpg,/kaggle/input/datasets/nagendra048/aadhar-dataset/train/images,Error: C:\Program Files\Tesseract-OCR\tesseract.exe is not installed or it's not in your PATH. See README file for more information.
a1e3125efaa4eebd8efc907ae48b69a1_jpg.rf.78ab06b9e6e255189a14a3b8863789ca.jpg,/kaggle/input/datasets/nagendra048/aadhar-dataset/train/images,Error: C:\Program Files\Tesseract-OCR\tesseract.exe is not installed or it's not in your PATH. See README file for more information.
80-Adding-Aadhar-Card-Template-Download-in-Photoshop-with-Aadhar-Card-Template-Download_jpg.rf.39466512b67146dec2dedfcbf3ed6c00.jpg,/kaggle/input/datasets/nagendra048/aadhar-dataset/train/images,Error: C:\Program Files\Tesseract-OCR\tesseract.exe is not installed or it's not in your PATH. See README file for more information.
Ee-U7_SVAAIKkKh_jpg.rf.d79699ab6d1f6c86f4a83f46c7ba5bb9.jpg,/kaggle/input/datasets/nagendra048/aadhar-dataset/train/images,Error: C:\Program Files\Tesseract-OCR\tesseract.exe is not installed or it's not in your PATH. See README file for more information.
60643f2e835245dfa9b0c9c988abb748_jpg.rf.d601da58e934d4b12832e88cbe162389.jpg,/kaggle/input/datasets/nagendra048/aadhar-dataset/train/images,Error: C:\Program Files\Tesseract-OCR\tesseract.exe is not installed or it's not in your PATH. See README file for more information.
10159_jpg.rf.99ac0f2c7693a8617157a7410f77b477.jpg,/kaggle/input/datasets/nagendra048/aadhar-dataset/train/images,Error: C:\Program Files\Tesseract-OCR\tesseract.exe is not installed or it's not in your PATH. See README file for more information.
c9c6e3b130e3aed890884c240195ec9d_jpg.rf.9c016c4dae43094187e4c6288d27c87b.jpg,/kaggle/input/datasets/nagendra048/aadhar-dataset/train/images,Error: C:\Program Files\Tesseract-OCR\tesseract.exe is not installed or it's not in your PATH. See README file for more information.
images-1-_jpg.rf.659765f871fda218823ad3a3c15503cf.jpg,/kaggle/input/datasets/nagendra048/aadhar-dataset/train/images,Error: C:\Program Files\Tesseract-OCR\tesseract.exe is not installed or it's not in your PATH. See README file for more information.
0d4c873ace54e82fb49c451a9bdc6d24_jpg.rf.e4bef29da87bfcf70067764a40ea3f46.jpg,/kaggle/input/datasets/nagendra048/aadhar-dataset/train/images,Error: C:\Program Files\Tesseract-OCR\tesseract.exe is not installed or it's not in your PATH. See README file for more information.
IMG_20180723_120159_jpg.rf.75626781f19149c17df4f3d31acd7ac8.jpg,/kaggle/input/datasets/nagendra048/aadhar-dataset/train/images,Error: C:\Program Files\Tesseract-OCR\tesseract.exe is not installed or it's not in your PATH. See README file for more information.
images-9-_jpg.rf.da4560d4c7bba2da4d810f26e2b519b1.jpg,/kaggle/input/datasets/nagendra048/aadhar-dataset/train/images,Error: C:\Program Files\Tesseract-OCR\tesseract.exe is not installed or it's not in your PATH. See README file for more information.
b2487cba906731d63c4ca7884bd1a2f0_jpg.rf.cda8591923ba21b11ed1511f58651e2b.jpg,/kaggle/input/datasets/nagendra048/aadhar-dataset/train/images,Error: C:\Program Files\Tesseract-OCR\tesseract.exe is not installed or it's not in your PATH. See README file for more information.
images-6-_jpg.rf.72a96969596fce22cf12489fe5316c0f.jpg,/kaggle/input/datasets/nagendra048/aadhar-dataset/train/images,Error: C:\Program Files\Tesseract-OCR\tesseract.exe is not installed or it's not in your PATH. See README file for more information.
0521_adhar_jpg.rf.17f4ec83f62041e6362dd3542d527c83.jpg,/kaggle/input/datasets/nagendra048/aadhar-dataset/train/images,Error: C:\Program Files\Tesseract-OCR\tesseract.exe is not installed or it's not in your PATH. See README file for more information.
a1e3125efaa4eebd8efc907ae48b69a1-1-_jpg.rf.e36651c91716da24c010ab73e258ef43.jpg,/kaggle/input/datasets/nagendra048/aadhar-dataset/train/images,Error: C:\Program Files\Tesseract-OCR\tesseract.exe is not installed or it's not in your PATH. See README file for more information.
23752a535ecca255d677464b5a7a24f4_jpg.rf.cc06e20128602fd29cef0d6b8de252fa.jpg,/kaggle/input/datasets/nagendra048/aadhar-dataset/train/images,Error: C:\Program Files\Tesseract-OCR\tesseract.exe is not installed or it's not in your PATH. See README file for more information.
images-15-_jpg.rf.03abb2016532124757cfa41e642aa332.jpg,/kaggle/input/datasets/nagendra048/aadhar-dataset/train/images,Error: C:\Program Files\Tesseract-OCR\tesseract.exe is not installed or it's not in your PATH. See README file for more information.
81eadb49cb7736c4e7460f318ebd5d29_jpg.rf.f17b47ff018dae94bc2b35f2f88ad302.jpg,/kaggle/input/datasets/nagendra048/aadhar-dataset/train/images,Error: C:\Program Files\Tesseract-OCR\tesseract.exe is not installed or it's not in your PATH. See README file for more information.
10040_jpg.rf.5e9f61d800a23ed044461cd167c27fcb.jpg,/kaggle/input/datasets/nagendra048/aadhar-dataset/train/images,Error: C:\Program Files\Tesseract-OCR\tesseract.exe is not installed or it's not in your PATH. See README file for more information.
447675edf75967ed3047d0ff28f280ac-1-_jpg.rf.9129744f37256c28858d2a0ff738f1dc.jpg,/kaggle/input/datasets/nagendra048/aadhar-dataset/train/images,Error: C:\Program Files\Tesseract-OCR\tesseract.exe is not installed or it's not in your PATH. See README file for more information.
product-500x500_jpg.rf.6f0dc98be0f4942ec054850e7092f23a.jpg,/kaggle/input/datasets/nagendra048/aadhar-dataset/train/images,Error: C:\Program Files\Tesseract-OCR\tesseract.exe is not installed or it's not in your PATH. See README file for more information.
images-7-_jpg.rf.3f58d98f6abc824c607dcaf8be6b03d6.jpg,/kaggle/input/datasets/nagendra048/aadhar-dataset/train/images,Error: C:\Program Files\Tesseract-OCR\tesseract.exe is not installed or it's not in your PATH. See README file for more information.
images-18-_jpg.rf.c63fea58c8a2b429834e1ca03fc39bc2.jpg,/kaggle/input/datasets/nagendra048/aadhar-dataset/train/images,Error: C:\Program Files\Tesseract-OCR\tesseract.exe is not installed or it's not in your PATH. See README file for more information.
aa-Cover-k9ll0etrgjri1nlb9pgj8k12q2-20170526111344_jpg.rf.55cbddedf7f8dcc1fc012d2aac58b520.jpg,/kaggle/input/datasets/nagendra048/aadhar-dataset/train/images,Error: C:\Program Files\Tesseract-OCR\tesseract.exe is not installed or it's not in your PATH. See README file for more information.
14171f7e3e906f9bb9cbee0e44b183ab_jpg.rf.8878bbc921f3412ed921139db1be87ca.jpg,/kaggle/input/datasets/nagendra048/aadhar-dataset/train/images,Error: C:\Program Files\Tesseract-OCR\tesseract.exe is not installed or it's not in your PATH. See README file for more information.
6cc303eb6be78797fd871ec8cad3a65d_jpg.rf.8290eed5cb018f67bd5bd22119ed0c38.jpg,/kaggle/input/datasets/nagendra048/aadhar-dataset/train/images,Error: C:\Program Files\Tesseract-OCR\tesseract.exe is not installed or it's not in your PATH. See README file for more information.
amb-022_1636178548_jpg.rf.d4a85c7fb4a64f141c1c2215444e1102.jpg,/kaggle/input/datasets/nagendra048/aadhar-dataset/train/images,Error: C:\Program Files\Tesseract-OCR\tesseract.exe is not installed or it's not in your PATH. See README file for more information.
49fa3bcf36cda2851f2d12adc5f9f6db-1-_jpg.rf.a0f7e61eaa00b26a0600e69e7003d340.jpg,/kaggle/input/datasets/nagendra048/aadhar-dataset/train/images,Error: C:\Program Files\Tesseract-OCR\tesseract.exe is not installed or it's not in your PATH. See README file for more information.
49fa3bcf36cda2851f2d12adc5f9f6db-2-_jpg.rf.f6f8e12f7bb470bfe30e4b70f7a184b9.jpg,/kaggle/input/datasets/nagendra048/aadhar-dataset/train/images,Error: C:\Program Files\Tesseract-OCR\tesseract.exe is not installed or it's not in your PATH. See README file for more information.
bc2af9550a06aee72c9aa22a3c73f0fa_jpg.rf.22816d5d0381e15ac3a714fbdd8ccbaf.jpg,/kaggle/input/datasets/nagendra048/aadhar-dataset/train/images,Error: C:\Program Files\Tesseract-OCR\tesseract.exe is not installed or it's not in your PATH. See README file for more information.
110_504886170_jpg.rf.7bffd9a76ba963f256551dc8dd154ea9.jpg,/kaggle/input/datasets/nagendra048/aadhar-dataset/train/images,Error: C:\Program Files\Tesseract-OCR\tesseract.exe is not installed or it's not in your PATH. See README file for more information.
2017_7image_01_34_3344908890_jpg.rf.c1e6a5e9847af061c4655549ccf67478.jpg,/kaggle/input/datasets/nagendra048/aadhar-dataset/train/images,Error: C:\Program Files\Tesseract-OCR\tesseract.exe is not installed or it's not in your PATH. See README file for more information.
6b6ad42e38094e11a2260c2694582da5_jpg.rf.2976150003869f0dbf9d02a4dc918358.jpg,/kaggle/input/datasets/nagendra048/aadhar-dataset/train/images,Error: C:\Program Files\Tesseract-OCR\tesseract.exe is not installed or it's not in your PATH. See README file for more information.
meerut-news_1591527061_jpg.rf.d00e64f47378f4eb70d63045443d96d9.jpg,/kaggle/input/datasets/nagendra048/aadhar-dataset/train/images,Error: C:\Program Files\Tesseract-OCR\tesseract.exe is not installed or it's not in your PATH. See README file for more information.
97d297f8384d0e9b857e3ebc0bd31dcd_jpg.rf.21c8b8a76e7d04caad6ce9918bce2ce1.jpg,/kaggle/input/datasets/nagendra048/aadhar-dataset/train/images,Error: C:\Program Files\Tesseract-OCR\tesseract.exe is not installed or it's not in your PATH. See README file for more information.
f6644ae09eb9acfc6a71f01115f917f9_jpg.rf.9615c15f2f69d6b5b657e43adda08767.jpg,/kaggle/input/datasets/nagendra048/aadhar-dataset/train/images,Error: C:\Program Files\Tesseract-OCR\tesseract.exe is not installed or it's not in your PATH. See README file for more information.
0521_adhar_jpg.rf.baf7009b95dcb1b02520748af660a74d.jpg,/kaggle/input/datasets/nagendra048/aadhar-dataset/train/images,Error: C:\Program Files\Tesseract-OCR\tesseract.exe is not installed or it's not in your PATH. See README file for more information.
46bad340b458a566dc6e2fd9cd2b1b33_jpg.rf.0daf579c5a2049b33903dbf7e32debdc.jpg,/kaggle/input/datasets/nagendra048/aadhar-dataset/train/images,Error: C:\Program Files\Tesseract-OCR\tesseract.exe is not installed or it's not in your PATH. See README file for more information.
aadhar_jpg.rf.420ba37090a37fd716d1f119c647e3bb.jpg,/kaggle/input/datasets/nagendra048/aadhar-dataset/train/images,Error: C:\Program Files\Tesseract-OCR\tesseract.exe is not installed or it's not in your PATH. See README file for more information.
46804894d63fe5b3fea2582cfa7657c7-1-_jpg.rf.33615c55a7b57efa831dcbe9965c2954.jpg,/kaggle/input/datasets/nagendra048/aadhar-dataset/train/images,Error: C:\Program Files\Tesseract-OCR\tesseract.exe is not installed or it's not in your PATH. See README file for more information.
b71fb182905bbdeea99549bff81f9c22_jpg.rf.1fafd146c1f0f1646e8e85cd8aa4e73d.jpg,/kaggle/input/datasets/nagendra048/aadhar-dataset/train/images,Error: C:\Program Files\Tesseract-OCR\tesseract.exe is not installed or it's not in your PATH. See README file for more information.
0c0584201ff552c4bdcbe160315aa432_jpg.rf.443ee514facbb0a9372ee05e3b92ba93.jpg,/kaggle/input/datasets/nagendra048/aadhar-dataset/train/images,Error: C:\Program Files\Tesseract-OCR\tesseract.exe is not installed or it's not in your PATH. See README file for more information.
102_509409293_jpg.rf.40c2dbfdadef29589039f70099cc331f.jpg,/kaggle/input/datasets/nagendra048/aadhar-dataset/train/images,Error: C:\Program Files\Tesseract-OCR\tesseract.exe is not installed or it's not in your PATH. See README file for more information.
15702284b04c27864e819ad89483b80d_jpg.rf.6af44fd67c4e1d105085329606c7c5f7.jpg,/kaggle/input/datasets/nagendra048/aadhar-dataset/train/images,Error: C:\Program Files\Tesseract-OCR\tesseract.exe is not installed or it's not in your PATH. See README file for more information.
sp-42095176-5v4rgi-thumbnail_jpg.rf.41af8eb94a6c2d9c79f2c446f8b82777.jpg,/kaggle/input/datasets/nagendra048/aadhar-dataset/train/images,Error: C:\Program Files\Tesseract-OCR\tesseract.exe is not installed or it's not in your PATH. See README file for more information.
adhar_card_6402313_835x547-m_jpg.rf.158f3bbf48a2780e8321f5b417466bf3.jpg,/kaggle/input/datasets/nagendra048/aadhar-dataset/train/images,Error: C:\Program Files\Tesseract-OCR\tesseract.exe is not installed or it's not in your PATH. See README file for more information.
images-19-_jpg.rf.68453770ffb20dd3be44dbe3b5badbff.jpg,/kaggle/input/datasets/nagendra048/aadhar-dataset/train/images,Error: C:\Program Files\Tesseract-OCR\tesseract.exe is not installed or it's not in your PATH. See README file for more information.
0d4c873ace54e82fb49c451a9bdc6d24_jpg.rf.fc68c59f9647ad6952007e9ec86c3eb3.jpg,/kaggle/input/datasets/nagendra048/aadhar-dataset/train/images,Error: C:\Program Files\Tesseract-OCR\tesseract.exe is not installed or it's not in your PATH. See README file for more information.
2b923b9c9b526e45022e18d0493946ba-1-_jpg.rf.3c223ff5fdac9ba020a045ea52243670.jpg,/kaggle/input/datasets/nagendra048/aadhar-dataset/train/images,Error: C:\Program Files\Tesseract-OCR\tesseract.exe is not installed or it's not in your PATH. See README file for more information.
sp-42095176-5v4rgi-thumbnail_jpg.rf.d0390b6940f674ab294464f3114bedaf.jpg,/kaggle/input/datasets/nagendra048/aadhar-dataset/train/images,Error: C:\Program Files\Tesseract-OCR\tesseract.exe is not installed or it's not in your PATH. See README file for more information.
images-3-_jpg.rf.867bb2f3c61f3fc01d9d64c83a3bb7ba.jpg,/kaggle/input/datasets/nagendra048/aadhar-dataset/train/images,Error: C:\Program Files\Tesseract-OCR\tesseract.exe is not installed or it's not in your PATH. See README file for more information.
aadhar_jpg.rf.8724662fc3aa943bf785686b631910c2.jpg,/kaggle/input/datasets/nagendra048/aadhar-dataset/train/images,Error: C:\Program Files\Tesseract-OCR\tesseract.exe is not installed or it's not in your PATH. See README file for more information.
447675edf75967ed3047d0ff28f280ac-1-_jpg.rf.f76b059c9379b1568681f54bdcc88638.jpg,/kaggle/input/datasets/nagendra048/aadhar-dataset/train/images,Error: C:\Program Files\Tesseract-OCR\tesseract.exe is not installed or it's not in your PATH. See README file for more information.
images-10-_jpg.rf.266da61c7a34193b4aee22a40631722b.jpg,/kaggle/input/datasets/nagendra048/aadhar-dataset/train/images,Error: C:\Program Files\Tesseract-OCR\tesseract.exe is not installed or it's not in your PATH. See README file for more information.
102_509409293_jpg.rf.73309a7c5577ee670b3e7c64d912ee59.jpg,/kaggle/input/datasets/nagendra048/aadhar-dataset/train/images,Error: C:\Program Files\Tesseract-OCR\tesseract.exe is not installed or it's not in your PATH. See README file for more information.
d9c5c2aa49da5daf5ab4a18dd030726c_jpg.rf.9c0fe0b4b75f41f68e44bfab78cb2f51.jpg,/kaggle/input/datasets/nagendra048/aadhar-dataset/train/images,Error: C:\Program Files\Tesseract-OCR\tesseract.exe is not installed or it's not in your PATH. See README file for more information.
b4ec339af5996addce61a9c73b7162f3_jpg.rf.80156e349557f1bd8094d5445e52438c.jpg,/kaggle/input/datasets/nagendra048/aadhar-dataset/train/images,Error: C:\Program Files\Tesseract-OCR\tesseract.exe is not installed or it's not in your PATH. See README file for more information.
44ca6539da21ea839134cf0e39ff6e37_jpg.rf.8dbef3301cb15436a1d96798d9d1472a.jpg,/kaggle/input/datasets/nagendra048/aadhar-dataset/train/images,Error: C:\Program Files\Tesseract-OCR\tesseract.exe is not installed or it's not in your PATH. See README file for more information.
f6644ae09eb9acfc6a71f01115f917f9_jpg.rf.d643b22cc5fe6182c1ffc1142b51dc04.jpg,/kaggle/input/datasets/nagendra048/aadhar-dataset/train/images,Error: C:\Program Files\Tesseract-OCR\tesseract.exe is not installed or it's not in your PATH. See README file for more information.
086d820550f34066764f4047ddc263ca_jpg.rf.2fff9692223895822a47cb2433f8d895.jpg,/kaggle/input/datasets/nagendra048/aadhar-dataset/train/images,Error: C:\Program Files\Tesseract-OCR\tesseract.exe is not installed or it's not in your PATH. See README file for more information.
e46c99152bf3cfd347cc7ba27eb6ecd2_jpg.rf.6e623d34cb7e558d5fa8a5a5e07814b2.jpg,/kaggle/input/datasets/nagendra048/aadhar-dataset/train/images,Error: C:\Program Files\Tesseract-OCR\tesseract.exe is not installed or it's not in your PATH. See README file for more information.
c06a8a5d5214f4545a91b5c35eb7aa43_jpg.rf.9c94fe6f9bc2f5faec8c84d5e38a2bef.jpg,/kaggle/input/datasets/nagendra048/aadhar-dataset/train/images,Error: C:\Program Files\Tesseract-OCR\tesseract.exe is not installed or it's not in your PATH. See README file for more information.
10075_jpg.rf.1947dcfaeb787618f167ecfac62ffb9c.jpg,/kaggle/input/datasets/nagendra048/aadhar-dataset/train/images,Error: C:\Program Files\Tesseract-OCR\tesseract.exe is not installed or it's not in your PATH. See README file for more information.
efbefce86a6ebb47ef70edd9f85d5324_jpg.rf.550711037fb8267ebd92f264bfd1f654.jpg,/kaggle/input/datasets/nagendra048/aadhar-dataset/train/images,Error: C:\Program Files\Tesseract-OCR\tesseract.exe is not installed or it's not in your PATH. See README file for more information.
7e65eb61f2d964e4e46a9ee5e1330c28_jpg.rf.4a35b5068c0ed898ca0665a65e5e8323.jpg,/kaggle/input/datasets/nagendra048/aadhar-dataset/train/images,Error: C:\Program Files\Tesseract-OCR\tesseract.exe is not installed or it's not in your PATH. See README file for more information.
images-13-_jpg.rf.5733127bac8870a724cdc5a762dbf8ca.jpg,/kaggle/input/datasets/nagendra048/aadhar-dataset/train/images,Error: C:\Program Files\Tesseract-OCR\tesseract.exe is not installed or it's not in your PATH. See README file for more information.
meerut-news_1591527061_jpg.rf.446ed87da4e30138b6e6bdcb209dcec8.jpg,/kaggle/input/datasets/nagendra048/aadhar-dataset/train/images,Error: C:\Program Files\Tesseract-OCR\tesseract.exe is not installed or it's not in your PATH. See README file for more information.
e46c99152bf3cfd347cc7ba27eb6ecd2_jpg.rf.cdaa3ae0c5faccccc15667ac5a98cf2b.jpg,/kaggle/input/datasets/nagendra048/aadhar-dataset/train/images,Error: C:\Program Files\Tesseract-OCR\tesseract.exe is not installed or it's not in your PATH. See README file for more information.
5a9f2c8658426f9b1b17bfa65ef0d62c_jpg.rf.2c63333d758f658bc36b45ede01c0ccd.jpg,/kaggle/input/datasets/nagendra048/aadhar-dataset/train/images,Error: C:\Program Files\Tesseract-OCR\tesseract.exe is not installed or it's not in your PATH. See README file for more information.
3564191365d6dd7bff705c3252860029_jpg.rf.f05d75beeaf1c85268d581d2a34852be.jpg,/kaggle/input/datasets/nagendra048/aadhar-dataset/train/images,Error: C:\Program Files\Tesseract-OCR\tesseract.exe is not installed or it's not in your PATH. See README file for more information.
9ccffeac84c5b19e14bab96b9177b18b_jpg.rf.bfcd3c5002f03f390e8c3631b0d40333.jpg,/kaggle/input/datasets/nagendra048/aadhar-dataset/train/images,Error: C:\Program Files\Tesseract-OCR\tesseract.exe is not installed or it's not in your PATH. See README file for more information.
sp-42095176-5v4rgi-thumbnail_jpg.rf.ee0eaf4e19d23b253f249c67017e6b9e.jpg,/kaggle/input/datasets/nagendra048/aadhar-dataset/train/images,Error: C:\Program Files\Tesseract-OCR\tesseract.exe is not installed or it's not in your PATH. See README file for more information.
thumb_jpg.rf.80234ceb3478c2eda5e60e3f77651c66.jpg,/kaggle/input/datasets/nagendra048/aadhar-dataset/train/images,Error: C:\Program Files\Tesseract-OCR\tesseract.exe is not installed or it's not in your PATH. See README file for more information.
10108_jpg.rf.14ebae4ff737abb26d3f03628534db1e.jpg,/kaggle/input/datasets/nagendra048/aadhar-dataset/train/images,Error: C:\Program Files\Tesseract-OCR\tesseract.exe is not installed or it's not in your PATH. See README file for more information.
44ca6539da21ea839134cf0e39ff6e37_jpg.rf.17c47b5769ca1b06bdfba7c7c90e9d14.jpg,/kaggle/input/datasets/nagendra048/aadhar-dataset/train/images,Error: C:\Program Files\Tesseract-OCR\tesseract.exe is not installed or it's not in your PATH. See README file for more information.
images-15-_jpg.rf.6b9d1224aa316d5c8447d40d9e3bc168.jpg,/kaggle/input/datasets/nagendra048/aadhar-dataset/train/images,Error: C:\Program Files\Tesseract-OCR\tesseract.exe is not installed or it's not in your PATH. See README file for more information.
8455878ee3f6d5bf35580169888b3fb6_jpg.rf.377d51c26fb7861c4c0117490af625e7.jpg,/kaggle/input/datasets/nagendra048/aadhar-dataset/train/images,Error: C:\Program Files\Tesseract-OCR\tesseract.exe is not installed or it's not in your PATH. See README file for more information.
EodP1JyUUAAQ_o2_jpg.rf.6fd53660a2b512ca6457eb2d2002cfd4.jpg,/kaggle/input/datasets/nagendra048/aadhar-dataset/train/images,Error: C:\Program Files\Tesseract-OCR\tesseract.exe is not installed or it's not in your PATH. See README file for more information.
26e69450edbd8716ee253bd7ec9b7607_jpg.rf.6dec46adb1af708a5bff7f58b0e22f50.jpg,/kaggle/input/datasets/nagendra048/aadhar-dataset/train/images,Error: C:\Program Files\Tesseract-OCR\tesseract.exe is not installed or it's not in your PATH. See README file for more information.
images-8-_jpg.rf.649999dfb1848efcdf1530bb76cb7902.jpg,/kaggle/input/datasets/nagendra048/aadhar-dataset/train/images,Error: C:\Program Files\Tesseract-OCR\tesseract.exe is not installed or it's not in your PATH. See README file for more information.
368a4dd1224bf4d35aa30fc7b61d32d2-1-_jpg.rf.242a0008b4abb54dd2e2eeda28a543df.jpg,/kaggle/input/datasets/nagendra048/aadhar-dataset/train/images,Error: C:\Program Files\Tesseract-OCR\tesseract.exe is not installed or it's not in your PATH. See README file for more information.
c69b7f40144bf1cd4051251754af93ed-1-_jpg.rf.a5038d98634865506760ecb555477255.jpg,/kaggle/input/datasets/nagendra048/aadhar-dataset/train/images,Error: C:\Program Files\Tesseract-OCR\tesseract.exe is not installed or it's not in your PATH. See README file for more information.
ffa5e80e5c547686632c7bc9746fee87_jpg.rf.2e01a08ebfb7500e958e32c0d49b3356.jpg,/kaggle/input/datasets/nagendra048/aadhar-dataset/train/images,Error: C:\Program Files\Tesseract-OCR\tesseract.exe is not installed or it's not in your PATH. See README file for more information.
images-20-_jpg.rf.876455dcfbc53619e144a7d0f68438ec.jpg,/kaggle/input/datasets/nagendra048/aadhar-dataset/train/images,Error: C:\Program Files\Tesseract-OCR\tesseract.exe is not installed or it's not in your PATH. See README file for more information.
dd1b5eeb6239e3d97be96c4fa66a4eb7_jpg.rf.1645f61dc841f943a14ed1fca50d58b7.jpg,/kaggle/input/datasets/nagendra048/aadhar-dataset/train/images,Error: C:\Program Files\Tesseract-OCR\tesseract.exe is not installed or it's not in your PATH. See README file for more information.
8c7dab60c3bdf9f210aaaca1a87c78de_jpg.rf.744b6a91269c2f1ba55451247c5dab87.jpg,/kaggle/input/datasets/nagendra048/aadhar-dataset/train/images,Error: C:\Program Files\Tesseract-OCR\tesseract.exe is not installed or it's not in your PATH. See README file for more information.
d9c5c2aa49da5daf5ab4a18dd030726c_jpg.rf.9523b32ade2168c09d5e51ef7da9fb0b.jpg,/kaggle/input/datasets/nagendra048/aadhar-dataset/train/images,Error: C:\Program Files\Tesseract-OCR\tesseract.exe is not installed or it's not in your PATH. See README file for more information.
447675edf75967ed3047d0ff28f280ac_jpg.rf.361691314f0909a98a62824384dd214e.jpg,/kaggle/input/datasets/nagendra048/aadhar-dataset/train/images,Error: C:\Program Files\Tesseract-OCR\tesseract.exe is not installed or it's not in your PATH. See README file for more information.
photos-11111778-16310969735991632_jpg.rf.161b353c1dedf71af5a8386e44ae46b8.jpg,/kaggle/input/datasets/nagendra048/aadhar-dataset/train/images,Error: C:\Program Files\Tesseract-OCR\tesseract.exe is not installed or it's not in your PATH. See README file for more information.
adhar1_2366193f_jpg.rf.3ac129febbe51c390293cb9cc61347ce.jpg,/kaggle/input/datasets/nagendra048/aadhar-dataset/train/images,Error: C:\Program Files\Tesseract-OCR\tesseract.exe is not installed or it's not in your PATH. See README file for more information.
0e0a5204f238d9c743ae456a8dc6529a_jpg.rf.e5b7264458017be05f720ce9372e8ac8.jpg,/kaggle/input/datasets/nagendra048/aadhar-dataset/train/images,Error: C:\Program Files\Tesseract-OCR\tesseract.exe is not installed or it's not in your PATH. See README file for more information.
f6644ae09eb9acfc6a71f01115f917f9_jpg.rf.c6b6d651c5f146312449f576af361f3e.jpg,/kaggle/input/datasets/nagendra048/aadhar-dataset/train/images,Error: C:\Program Files\Tesseract-OCR\tesseract.exe is not installed or it's not in your PATH. See README file for more information.
images-5-_jpg.rf.ff1a4c28ba49f4bc506dee632d7df4b1.jpg,/kaggle/input/datasets/nagendra048/aadhar-dataset/train/images,Error: C:\Program Files\Tesseract-OCR\tesseract.exe is not installed or it's not in your PATH. See README file for more information.
d9c5c2aa49da5daf5ab4a18dd030726c_jpg.rf.67965d099840235578031496a886030c.jpg,/kaggle/input/datasets/nagendra048/aadhar-dataset/train/images,Error: C:\Program Files\Tesseract-OCR\tesseract.exe is not installed or it's not in your PATH. See README file for more information.
images-20-_jpg.rf.6e8fb05bbe94aaee2260e5abd1d22e33.jpg,/kaggle/input/datasets/nagendra048/aadhar-dataset/train/images,Error: C:\Program Files\Tesseract-OCR\tesseract.exe is not installed or it's not in your PATH. See README file for more information.
6b6ad42e38094e11a2260c2694582da5_jpg.rf.0de98892089e9584ac7527fbb6893bc7.jpg,/kaggle/input/datasets/nagendra048/aadhar-dataset/train/images,Error: C:\Program Files\Tesseract-OCR\tesseract.exe is not installed or it's not in your PATH. See README file for more information.
368a4dd1224bf4d35aa30fc7b61d32d2-1-_jpg.rf.8a9ad022f4ab05764ecb39206fa38106.jpg,/kaggle/input/datasets/nagendra048/aadhar-dataset/train/images,Error: C:\Program Files\Tesseract-OCR\tesseract.exe is not installed or it's not in your PATH. See README file for more information.
766ad22cd5a05c1a9d21c658bb1e925c_jpg.rf.22d61f4eeeed584c563cd41091e4763a.jpg,/kaggle/input/datasets/nagendra048/aadhar-dataset/train/images,Error: C:\Program Files\Tesseract-OCR\tesseract.exe is not installed or it's not in your PATH. See README file for more information.
102_509409293_jpg.rf.d7865b412dc07f50de32278b0a6efbb9.jpg,/kaggle/input/datasets/nagendra048/aadhar-dataset/train/images,Error: C:\Program Files\Tesseract-OCR\tesseract.exe is not installed or it's not in your PATH. See README file for more information.
e383ea165dd6f41b69ef72df10c4c473-1-_jpg.rf.05cbcf551c77e6ac1968a7d7487975c0.jpg,/kaggle/input/datasets/nagendra048/aadhar-dataset/train/images,Error: C:\Program Files\Tesseract-OCR\tesseract.exe is not installed or it's not in your PATH. See README file for more information.
dd73e0797834fecca12c450729c37fef_jpg.rf.6d8e88789e4079aaeebedabf1a59cb0c.jpg,/kaggle/input/datasets/nagendra048/aadhar-dataset/train/images,Error: C:\Program Files\Tesseract-OCR\tesseract.exe is not installed or it's not in your PATH. See README file for more information.
ff71c3cd26d34f1340a3f410f6e03a3f_jpg.rf.2a96e3d6ad9a24efde1fa0d567515cdc.jpg,/kaggle/input/datasets/nagendra048/aadhar-dataset/train/images,Error: C:\Program Files\Tesseract-OCR\tesseract.exe is not installed or it's not in your PATH. See README file for more information.
58a8a1d7cf82feffbc75786afbe700ad_jpg.rf.ae166db0a2285d349424b422a4c71dbc.jpg,/kaggle/input/datasets/nagendra048/aadhar-dataset/train/images,Error: C:\Program Files\Tesseract-OCR\tesseract.exe is not installed or it's not in your PATH. See README file for more information.
c86a0da801ae2e586164e814b43de3c9_jpg.rf.5ffbc10a418eacc8ffecf3801619d56c.jpg,/kaggle/input/datasets/nagendra048/aadhar-dataset/train/images,Error: C:\Program Files\Tesseract-OCR\tesseract.exe is not installed or it's not in your PATH. See README file for more information.
c69b7f40144bf1cd4051251754af93ed-1-_jpg.rf.6d23241035c28c93db69ce2b5443e5dc.jpg,/kaggle/input/datasets/nagendra048/aadhar-dataset/train/images,Error: C:\Program Files\Tesseract-OCR\tesseract.exe is not installed or it's not in your PATH. See README file for more information.
b4ec339af5996addce61a9c73b7162f3-1-_jpg.rf.f1c24cc77f818d21b80615836c58c125.jpg,/kaggle/input/datasets/nagendra048/aadhar-dataset/train/images,Error: C:\Program Files\Tesseract-OCR\tesseract.exe is not installed or it's not in your PATH. See README file for more information.
8455878ee3f6d5bf35580169888b3fb6_jpg.rf.eff8466d49955f3c99bfb1b40dc39b0a.jpg,/kaggle/input/datasets/nagendra048/aadhar-dataset/train/images,Error: C:\Program Files\Tesseract-OCR\tesseract.exe is not installed or it's not in your PATH. See README file for more information.
IMG_20180723_120159_jpg.rf.0aa6d028ef4e780cb14cc49f904b3022.jpg,/kaggle/input/datasets/nagendra048/aadhar-dataset/train/images,Error: C:\Program Files\Tesseract-OCR\tesseract.exe is not installed or it's not in your PATH. See README file for more information.
images-14-_jpg.rf.0a5aa0d87577e682b82cafeeceb66b9b.jpg,/kaggle/input/datasets/nagendra048/aadhar-dataset/train/images,Error: C:\Program Files\Tesseract-OCR\tesseract.exe is not installed or it's not in your PATH. See README file for more information.
1c89969c27b6f7ea57d47a74f579b5cc-1-_jpg.rf.71d33e674675ac7f5bbaadecda60e478.jpg,/kaggle/input/datasets/nagendra048/aadhar-dataset/train/images,Error: C:\Program Files\Tesseract-OCR\tesseract.exe is not installed or it's not in your PATH. See README file for more information.
images-20-_jpg.rf.7f8b4355313ab7ad334ff0037c8f745d.jpg,/kaggle/input/datasets/nagendra048/aadhar-dataset/train/images,Error: C:\Program Files\Tesseract-OCR\tesseract.exe is not installed or it's not in your PATH. See README file for more information.
6d8e67208737a556302565d3c61dc373_jpg.rf.0e4bebd2f93de9baf684d9228fde8d2f.jpg,/kaggle/input/datasets/nagendra048/aadhar-dataset/train/images,Error: C:\Program Files\Tesseract-OCR\tesseract.exe is not installed or it's not in your PATH. See README file for more information.
0521_adhar_jpg.rf.2d4301f33e52d241ab0c208b2697c20f.jpg,/kaggle/input/datasets/nagendra048/aadhar-dataset/train/images,Error: C:\Program Files\Tesseract-OCR\tesseract.exe is not installed or it's not in your PATH. See README file for more information.
b4ec339af5996addce61a9c73b7162f3_jpg.rf.7319efbd7f9442f6b9bef1457db20d52.jpg,/kaggle/input/datasets/nagendra048/aadhar-dataset/train/images,Error: C:\Program Files\Tesseract-OCR\tesseract.exe is not installed or it's not in your PATH. See README file for more information.
ac6c7da416cbf07230d588741cbb2d99_jpg.rf.801f4c8b3b7cc0fec4d2a63e86b01d45.jpg,/kaggle/input/datasets/nagendra048/aadhar-dataset/train/images,Error: C:\Program Files\Tesseract-OCR\tesseract.exe is not installed or it's not in your PATH. See README file for more information.
images_jpg.rf.4aa8d779d99ec8827550fd157a876415.jpg,/kaggle/input/datasets/nagendra048/aadhar-dataset/train/images,Error: C:\Program Files\Tesseract-OCR\tesseract.exe is not installed or it's not in your PATH. See README file for more information.
c69b7f40144bf1cd4051251754af93ed_jpg.rf.4856f3789e95d95c4b240169ce668c3e.jpg,/kaggle/input/datasets/nagendra048/aadhar-dataset/train/images,Error: C:\Program Files\Tesseract-OCR\tesseract.exe is not installed or it's not in your PATH. See README file for more information.
EWlRgN0UMAEhp1u_jpg.rf.cc75dd37599b55c2069d00cb4b66a540.jpg,/kaggle/input/datasets/nagendra048/aadhar-dataset/train/images,Error: C:\Program Files\Tesseract-OCR\tesseract.exe is not installed or it's not in your PATH. See README file for more information.
images-20-_jpg.rf.cd72c27b289e3f86b003b8507049b2d5.jpg,/kaggle/input/datasets/nagendra048/aadhar-dataset/train/images,Error: C:\Program Files\Tesseract-OCR\tesseract.exe is not installed or it's not in your PATH. See README file for more information.
25305fe9d4d92e3899f5fbcab86fb2c7-1-_jpg.rf.e464873c3821bee030fce159846e99dd.jpg,/kaggle/input/datasets/nagendra048/aadhar-dataset/train/images,Error: C:\Program Files\Tesseract-OCR\tesseract.exe is not installed or it's not in your PATH. See README file for more information.
ffa5e80e5c547686632c7bc9746fee87_jpg.rf.ebbbbfeda33226b95584431216ccf32d.jpg,/kaggle/input/datasets/nagendra048/aadhar-dataset/train/images,Error: C:\Program Files\Tesseract-OCR\tesseract.exe is not installed or it's not in your PATH. See README file for more information.
9ccffeac84c5b19e14bab96b9177b18b_jpg.rf.594b8b08f104a6832dbe95a46eab295e.jpg,/kaggle/input/datasets/nagendra048/aadhar-dataset/train/images,Error: C:\Program Files\Tesseract-OCR\tesseract.exe is not installed or it's not in your PATH. See README file for more information.
368a4dd1224bf4d35aa30fc7b61d32d2-1-_jpg.rf.923cbc6a997cd5495e3bb9e13d177009.jpg,/kaggle/input/datasets/nagendra048/aadhar-dataset/train/images,Error: C:\Program Files\Tesseract-OCR\tesseract.exe is not installed or it's not in your PATH. See README file for more information.
images-15-_jpg.rf.95b64e54e550ddd70ddb20c3eafdaf11.jpg,/kaggle/input/datasets/nagendra048/aadhar-dataset/train/images,Error: C:\Program Files\Tesseract-OCR\tesseract.exe is not installed or it's not in your PATH. See README file for more information.
c06a8a5d5214f4545a91b5c35eb7aa43_jpg.rf.f3fa2165313ce2a09e04a1a868a6f88b.jpg,/kaggle/input/datasets/nagendra048/aadhar-dataset/train/images,Error: C:\Program Files\Tesseract-OCR\tesseract.exe is not installed or it's not in your PATH. See README file for more information.
JAI_AADHAR_jpg.rf.2e85270fb05135399cafa806877c02b2.jpg,/kaggle/input/datasets/nagendra048/aadhar-dataset/train/images,Error: C:\Program Files\Tesseract-OCR\tesseract.exe is not installed or it's not in your PATH. See README file for more information.
images-1-_jpg.rf.6f9a6ad8e4359d0017e690b2c05067ca.jpg,/kaggle/input/datasets/nagendra048/aadhar-dataset/train/images,Error: C:\Program Files\Tesseract-OCR\tesseract.exe is not installed or it's not in your PATH. See README file for more information.
adhar1_2366193f_jpg.rf.fa86c68202ce4e46c56a74090ab37e8e.jpg,/kaggle/input/datasets/nagendra048/aadhar-dataset/train/images,Error: C:\Program Files\Tesseract-OCR\tesseract.exe is not installed or it's not in your PATH. See README file for more information.
5a9f2c8658426f9b1b17bfa65ef0d62c_jpg.rf.1b05df5740c8c9908eb53de12f2e1fbb.jpg,/kaggle/input/datasets/nagendra048/aadhar-dataset/train/images,Error: C:\Program Files\Tesseract-OCR\tesseract.exe is not installed or it's not in your PATH. See README file for more information.
94fc829f3e5abeea915fd790fba1ca4f_jpg.rf.78bb5a4e9e7e2fa8db10cc5bb13a6700.jpg,/kaggle/input/datasets/nagendra048/aadhar-dataset/train/images,Error: C:\Program Files\Tesseract-OCR\tesseract.exe is not installed or it's not in your PATH. See README file for more information.
EWlRgN0UMAEhp1u_jpg.rf.d81335aa4ed9d43126bfbfa1b130b6d8.jpg,/kaggle/input/datasets/nagendra048/aadhar-dataset/train/images,Error: C:\Program Files\Tesseract-OCR\tesseract.exe is not installed or it's not in your PATH. See README file for more information.
8c7dab60c3bdf9f210aaaca1a87c78de_jpg.rf.373d08ce0128d6569ed82765c0a49d0f.jpg,/kaggle/input/datasets/nagendra048/aadhar-dataset/train/images,Error: C:\Program Files\Tesseract-OCR\tesseract.exe is not installed or it's not in your PATH. See README file for more information.
d9c5c2aa49da5daf5ab4a18dd030726c_jpg.rf.6c64f2dd79545779648e71233a57597f.jpg,/kaggle/input/datasets/nagendra048/aadhar-dataset/train/images,Error: C:\Program Files\Tesseract-OCR\tesseract.exe is not installed or it's not in your PATH. See README file for more information.
368a4dd1224bf4d35aa30fc7b61d32d2-1-_jpg.rf.663440cb14ef09c1c2d9c9ded04b589c.jpg,/kaggle/input/datasets/nagendra048/aadhar-dataset/train/images,Error: C:\Program Files\Tesseract-OCR\tesseract.exe is not installed or it's not in your PATH. See README file for more information.
c5bc89c6e9cede0ff4d07085c5ce2488-1-_jpg.rf.4ad8b70339b74043106d1855bd5dc454.jpg,/kaggle/input/datasets/nagendra048/aadhar-dataset/train/images,Error: C:\Program Files\Tesseract-OCR\tesseract.exe is not installed or it's not in your PATH. See README file for more information.
2bfd2f150b31581bac34445b5c49dd26_jpg.rf.e003a109a2e255c17fe01dac101b73f2.jpg,/kaggle/input/datasets/nagendra048/aadhar-dataset/train/images,Error: C:\Program Files\Tesseract-OCR\tesseract.exe is not installed or it's not in your PATH. See README file for more information.
3564191365d6dd7bff705c3252860029_jpg.rf.f2306fbcc698fb0048d048d3a162d98f.jpg,/kaggle/input/datasets/nagendra048/aadhar-dataset/train/images,Error: C:\Program Files\Tesseract-OCR\tesseract.exe is not installed or it's not in your PATH. See README file for more information.
EWlRgN0UMAEhp1u_jpg.rf.30f7ab44be5709825e65754bc48b49b5.jpg,/kaggle/input/datasets/nagendra048/aadhar-dataset/train/images,Error: C:\Program Files\Tesseract-OCR\tesseract.exe is not installed or it's not in your PATH. See README file for more information.
2017_7image_01_34_3344908890_jpg.rf.ac27107f5a95c5a3ddbc123b167b362e.jpg,/kaggle/input/datasets/nagendra048/aadhar-dataset/train/images,Error: C:\Program Files\Tesseract-OCR\tesseract.exe is not installed or it's not in your PATH. See README file for more information.
Sample_PVC_Aadhar_Card_back_jpg.rf.86b5c9343582517705c8b56a141a4955.jpg,/kaggle/input/datasets/nagendra048/aadhar-dataset/train/images,Error: C:\Program Files\Tesseract-OCR\tesseract.exe is not installed or it's not in your PATH. See README file for more information.
cfd6db78024aa90c6166e6873945fa56_jpg.rf.4709e180e6b7907bdb3af5824697c4d7.jpg,/kaggle/input/datasets/nagendra048/aadhar-dataset/train/images,Error: C:\Program Files\Tesseract-OCR\tesseract.exe is not installed or it's not in your PATH. See README file for more information.
2b923b9c9b526e45022e18d0493946ba_jpg.rf.f81af50ea458efb7d7a688730c31e634.jpg,/kaggle/input/datasets/nagendra048/aadhar-dataset/train/images,Error: C:\Program Files\Tesseract-OCR\tesseract.exe is not installed or it's not in your PATH. See README file for more information.
c69b7f40144bf1cd4051251754af93ed_jpg.rf.2f686ab9aaa04df4b026f44ad234dfab.jpg,/kaggle/input/datasets/nagendra048/aadhar-dataset/train/images,Error: C:\Program Files\Tesseract-OCR\tesseract.exe is not installed or it's not in your PATH. See README file for more information.
e383ea165dd6f41b69ef72df10c4c473-1-_jpg.rf.48a73020840931231f303f8239193544.jpg,/kaggle/input/datasets/nagendra048/aadhar-dataset/train/images,Error: C:\Program Files\Tesseract-OCR\tesseract.exe is not installed or it's not in your PATH. See README file for more information.
images-9-_jpg.rf.d34364048d05879e007c111f66630479.jpg,/kaggle/input/datasets/nagendra048/aadhar-dataset/train/images,Error: C:\Program Files\Tesseract-OCR\tesseract.exe is not installed or it's not in your PATH. See README file for more information.
f99b3efadece9bde10e251760cc71b1c_jpg.rf.f57bc7f9b28c850f0aa3e9c859ae4975.jpg,/kaggle/input/datasets/nagendra048/aadhar-dataset/train/images,Error: C:\Program Files\Tesseract-OCR\tesseract.exe is not installed or it's not in your PATH. See README file for more information.
19b620ad00aeb2885f0f0a1ccb337919_jpg.rf.cafa4d22854dda1f38c3f7ed7a4c082b.jpg,/kaggle/input/datasets/nagendra048/aadhar-dataset/train/images,Error: C:\Program Files\Tesseract-OCR\tesseract.exe is not installed or it's not in your PATH. See README file for more information.
c69b7f40144bf1cd4051251754af93ed-1-_jpg.rf.a6aee8c18b4fa167a1d872c7eda5ead5.jpg,/kaggle/input/datasets/nagendra048/aadhar-dataset/train/images,Error: C:\Program Files\Tesseract-OCR\tesseract.exe is not installed or it's not in your PATH. See README file for more information.
c709629e7d00468f6c112daa8ca6c9e8_jpg.rf.30ead35d5dc13eac29bd32ec8454f556.jpg,/kaggle/input/datasets/nagendra048/aadhar-dataset/train/images,Error: C:\Program Files\Tesseract-OCR\tesseract.exe is not installed or it's not in your PATH. See README file for more information.
b7becd5c330f22d135ef4ffa3b26e65e_jpg.rf.e0a8cce32a861dce7d182d2a7d190cf0.jpg,/kaggle/input/datasets/nagendra048/aadhar-dataset/train/images,Error: C:\Program Files\Tesseract-OCR\tesseract.exe is not installed or it's not in your PATH. See README file for more information.
17e77ff746a7f6995dcbe80f0b107701_jpg.rf.6d6f9c7a84a307909f41aa748c2c0d1c.jpg,/kaggle/input/datasets/nagendra048/aadhar-dataset/train/images,Error: C:\Program Files\Tesseract-OCR\tesseract.exe is not installed or it's not in your PATH. See README file for more information.
thumb_jpg.rf.4bf287a9cf02922fc29c53f9f5e67665.jpg,/kaggle/input/datasets/nagendra048/aadhar-dataset/train/images,Error: C:\Program Files\Tesseract-OCR\tesseract.exe is not installed or it's not in your PATH. See README file for more information.
images-2-_jpg.rf.25ddc0d8244241a4b50dd9b4f1675c86.jpg,/kaggle/input/datasets/nagendra048/aadhar-dataset/train/images,Error: C:\Program Files\Tesseract-OCR\tesseract.exe is not installed or it's not in your PATH. See README file for more information.
photos-11111778-16310969735991632_jpg.rf.cf6d2a95652f43ab2555afc526246a92.jpg,/kaggle/input/datasets/nagendra048/aadhar-dataset/train/images,Error: C:\Program Files\Tesseract-OCR\tesseract.exe is not installed or it's not in your PATH. See README file for more information.
ac6c7da416cbf07230d588741cbb2d99_jpg.rf.c76755032efa5089c9992071b0c46285.jpg,/kaggle/input/datasets/nagendra048/aadhar-dataset/train/images,Error: C:\Program Files\Tesseract-OCR\tesseract.exe is not installed or it's not in your PATH. See README file for more information.
06_01_2022_03_14_30_png_jpg.rf.0b63a1b5d4e949e35bb58d38a967a38f.jpg,/kaggle/input/datasets/nagendra048/aadhar-dataset/train/images,Error: C:\Program Files\Tesseract-OCR\tesseract.exe is not installed or it's not in your PATH. See README file for more information.
images-13-_jpg.rf.ba573a9d821914f8bea83f516efd8d50.jpg,/kaggle/input/datasets/nagendra048/aadhar-dataset/train/images,Error: C:\Program Files\Tesseract-OCR\tesseract.exe is not installed or it's not in your PATH. See README file for more information.
1c89969c27b6f7ea57d47a74f579b5cc-2-_jpg.rf.9a4d751e2a7f6b17cefdb180eedd147c.jpg,/kaggle/input/datasets/nagendra048/aadhar-dataset/train/images,Error: C:\Program Files\Tesseract-OCR\tesseract.exe is not installed or it's not in your PATH. See README file for more information.
25305fe9d4d92e3899f5fbcab86fb2c7-1-_jpg.rf.70a8aab67a9286ebb6ab84f483694566.jpg,/kaggle/input/datasets/nagendra048/aadhar-dataset/train/images,Error: C:\Program Files\Tesseract-OCR\tesseract.exe is not installed or it's not in your PATH. See README file for more information.
b7becd5c330f22d135ef4ffa3b26e65e_jpg.rf.9e90e207b72ac6792d7dea27144c848d.jpg,/kaggle/input/datasets/nagendra048/aadhar-dataset/train/images,Error: C:\Program Files\Tesseract-OCR\tesseract.exe is not installed or it's not in your PATH. See README file for more information.
img_1628671278092_474_jpg.rf.a45961e2ff36afabde9740d61a5dbc6a.jpg,/kaggle/input/datasets/nagendra048/aadhar-dataset/train/images,Error: C:\Program Files\Tesseract-OCR\tesseract.exe is not installed or it's not in your PATH. See README file for more information.
9ccffeac84c5b19e14bab96b9177b18b_jpg.rf.0b6fcafa2c6356fc9750743b156334a2.jpg,/kaggle/input/datasets/nagendra048/aadhar-dataset/train/images,Error: C:\Program Files\Tesseract-OCR\tesseract.exe is not installed or it's not in your PATH. See README file for more information.
06a0686f91bed47d1f4873e4d104442c_jpg.rf.bcf3db85faecdf92ce0b0c87319859dc.jpg,/kaggle/input/datasets/nagendra048/aadhar-dataset/train/images,Error: C:\Program Files\Tesseract-OCR\tesseract.exe is not installed or it's not in your PATH. See README file for more information.
0c0584201ff552c4bdcbe160315aa432_jpg.rf.f0b1cf194576d6d987ebd21f3da74f89.jpg,/kaggle/input/datasets/nagendra048/aadhar-dataset/train/images,Error: C:\Program Files\Tesseract-OCR\tesseract.exe is not installed or it's not in your PATH. See README file for more information.
adhar1_2366193f_jpg.rf.f4cc0eab89f6491346720242e9bf7631.jpg,/kaggle/input/datasets/nagendra048/aadhar-dataset/train/images,Error: C:\Program Files\Tesseract-OCR\tesseract.exe is not installed or it's not in your PATH. See README file for more information.
photos-11111778-16310969735991632_jpg.rf.83a7f5a7e9b5e272711552ad47e39eac.jpg,/kaggle/input/datasets/nagendra048/aadhar-dataset/train/images,Error: C:\Program Files\Tesseract-OCR\tesseract.exe is not installed or it's not in your PATH. See README file for more information.
dd1b5eeb6239e3d97be96c4fa66a4eb7_jpg.rf.18216d60023c55b3049b6d4ce7a326a3.jpg,/kaggle/input/datasets/nagendra048/aadhar-dataset/train/images,Error: C:\Program Files\Tesseract-OCR\tesseract.exe is not installed or it's not in your PATH. See README file for more information.
aadhar_jpg.rf.c770ea60bb341d9ff7db7f86854e0e6f.jpg,/kaggle/input/datasets/nagendra048/aadhar-dataset/train/images,Error: C:\Program Files\Tesseract-OCR\tesseract.exe is not installed or it's not in your PATH. See README file for more information.
1_xMzwx1zuB5KlpNM53l2nfw_jpg.rf.9f764fc44f4b1e6be2bf69f8bb190268.jpg,/kaggle/input/datasets/nagendra048/aadhar-dataset/train/images,Error: C:\Program Files\Tesseract-OCR\tesseract.exe is not installed or it's not in your PATH. See README file for more information.
ac6c7da416cbf07230d588741cbb2d99_jpg.rf.354a9e4d54227ce713c6f40b8bfc223d.jpg,/kaggle/input/datasets/nagendra048/aadhar-dataset/train/images,Error: C:\Program Files\Tesseract-OCR\tesseract.exe is not installed or it's not in your PATH. See README file for more information.
aadhar_jpg.rf.95f9d57d4b7f08d9aa96849227a5114b.jpg,/kaggle/input/datasets/nagendra048/aadhar-dataset/train/images,Error: C:\Program Files\Tesseract-OCR\tesseract.exe is not installed or it's not in your PATH. See README file for more information.
images-10-_jpg.rf.6c76c1b9facb31836decf7f2b755f04e.jpg,/kaggle/input/datasets/nagendra048/aadhar-dataset/train/images,Error: C:\Program Files\Tesseract-OCR\tesseract.exe is not installed or it's not in your PATH. See README file for more information.
80-Adding-Aadhar-Card-Template-Download-in-Photoshop-with-Aadhar-Card-Template-Download_jpg.rf.16e29e81136795ccf376bd292d8a4220.jpg,/kaggle/input/datasets/nagendra048/aadhar-dataset/train/images,Error: C:\Program Files\Tesseract-OCR\tesseract.exe is not installed or it's not in your PATH. See README file for more information.
0d4c873ace54e82fb49c451a9bdc6d24_jpg.rf.98da4dab004c8dfc2aec1ebe66230ccd.jpg,/kaggle/input/datasets/nagendra048/aadhar-dataset/train/images,Error: C:\Program Files\Tesseract-OCR\tesseract.exe is not installed or it's not in your PATH. See README file for more information.
6b6ad42e38094e11a2260c2694582da5_jpg.rf.5cf8bbac16d3173885801ae5b8d4e32b.jpg,/kaggle/input/datasets/nagendra048/aadhar-dataset/train/images,Error: C:\Program Files\Tesseract-OCR\tesseract.exe is not installed or it's not in your PATH. See README file for more information.
0521_adhar_jpg.rf.9cc06ba3fe99ac4f33da15b58897a86c.jpg,/kaggle/input/datasets/nagendra048/aadhar-dataset/train/images,Error: C:\Program Files\Tesseract-OCR\tesseract.exe is not installed or it's not in your PATH. See README file for more information.
a1e3125efaa4eebd8efc907ae48b69a1-2-_jpg.rf.b2610d5dd147e63d986288fa25d513cf.jpg,/kaggle/input/datasets/nagendra048/aadhar-dataset/train/images,Error: C:\Program Files\Tesseract-OCR\tesseract.exe is not installed or it's not in your PATH. See README file for more information.
44ca6539da21ea839134cf0e39ff6e37_jpg.rf.3dc6ece8f6720e8e1b9009260e791a3e.jpg,/kaggle/input/datasets/nagendra048/aadhar-dataset/train/images,Error: C:\Program Files\Tesseract-OCR\tesseract.exe is not installed or it's not in your PATH. See README file for more information.
b7becd5c330f22d135ef4ffa3b26e65e_jpg.rf.0e2f97a9adc9953c964bac240bcc7a8e.jpg,/kaggle/input/datasets/nagendra048/aadhar-dataset/train/images,Error: C:\Program Files\Tesseract-OCR\tesseract.exe is not installed or it's not in your PATH. See README file for more information.
b71fb182905bbdeea99549bff81f9c22_jpg.rf.ac5b28eb6b2e892e188942f97e2e6d48.jpg,/kaggle/input/datasets/nagendra048/aadhar-dataset/train/images,Error: C:\Program Files\Tesseract-OCR\tesseract.exe is not installed or it's not in your PATH. See README file for more information.
maxresdefault-1_jpg.rf.437acc8afe3b53f4c7e35fe7899c108c.jpg,/kaggle/input/datasets/nagendra048/aadhar-dataset/train/images,Error: C:\Program Files\Tesseract-OCR\tesseract.exe is not installed or it's not in your PATH. See README file for more information.
23752a535ecca255d677464b5a7a24f4_jpg.rf.cb39b2c2a8d65b18948595df46a520a3.jpg,/kaggle/input/datasets/nagendra048/aadhar-dataset/train/images,Error: C:\Program Files\Tesseract-OCR\tesseract.exe is not installed or it's not in your PATH. See README file for more information.
110_504886170_jpg.rf.b662f78a5179325991e6b0d24ad25350.jpg,/kaggle/input/datasets/nagendra048/aadhar-dataset/train/images,Error: C:\Program Files\Tesseract-OCR\tesseract.exe is not installed or it's not in your PATH. See README file for more information.
pvc_adhar-card-600x600_jpg.rf.9a740ace8bf389f90324281b5878f3ae.jpg,/kaggle/input/datasets/nagendra048/aadhar-dataset/train/images,Error: C:\Program Files\Tesseract-OCR\tesseract.exe is not installed or it's not in your PATH. See README file for more information.
8988c5603729dd48f76f59d6f3c6148e_jpg.rf.22abab1bd885d5fe9243278f7049ee86.jpg,/kaggle/input/datasets/nagendra048/aadhar-dataset/train/images,Error: C:\Program Files\Tesseract-OCR\tesseract.exe is not installed or it's not in your PATH. See README file for more information.
f99b3efadece9bde10e251760cc71b1c_jpg.rf.171bc164e064ade75db08b4cc43a6b71.jpg,/kaggle/input/datasets/nagendra048/aadhar-dataset/train/images,Error: C:\Program Files\Tesseract-OCR\tesseract.exe is not installed or it's not in your PATH. See README file for more information.
IMG_20180723_120159_jpg.rf.252e97ac82b5d9e7e0d8caf3fc477405.jpg,/kaggle/input/datasets/nagendra048/aadhar-dataset/train/images,Error: C:\Program Files\Tesseract-OCR\tesseract.exe is not installed or it's not in your PATH. See README file for more information.
c69b7f40144bf1cd4051251754af93ed_jpg.rf.36c8a15ef1f6979eb646a7ba96213148.jpg,/kaggle/input/datasets/nagendra048/aadhar-dataset/train/images,Error: C:\Program Files\Tesseract-OCR\tesseract.exe is not installed or it's not in your PATH. See README file for more information.
banner_jpg.rf.07ae98c9bd01414124c3238646038608.jpg,/kaggle/input/datasets/nagendra048/aadhar-dataset/train/images,Error: C:\Program Files\Tesseract-OCR\tesseract.exe is not installed or it's not in your PATH. See README file for more information.
44ca6539da21ea839134cf0e39ff6e37_jpg.rf.e1320ff0a1f737a1117363f00f2de651.jpg,/kaggle/input/datasets/nagendra048/aadhar-dataset/train/images,Error: C:\Program Files\Tesseract-OCR\tesseract.exe is not installed or it's not in your PATH. See README file for more information.
94fc829f3e5abeea915fd790fba1ca4f_jpg.rf.95593128c0a46dc8c9ac5e302dbdc66f.jpg,/kaggle/input/datasets/nagendra048/aadhar-dataset/train/images,Error: C:\Program Files\Tesseract-OCR\tesseract.exe is not installed or it's not in your PATH. See README file for more information.
b0d100d4275f891c2fbc6d9d56dbd123_jpg.rf.5f3df73a0244d2c80228740def545aa2.jpg,/kaggle/input/datasets/nagendra048/aadhar-dataset/train/images,Error: C:\Program Files\Tesseract-OCR\tesseract.exe is not installed or it's not in your PATH. See README file for more information.
images-16-_jpg.rf.25b74197d297375238210d82f0819252.jpg,/kaggle/input/datasets/nagendra048/aadhar-dataset/train/images,Error: C:\Program Files\Tesseract-OCR\tesseract.exe is not installed or it's not in your PATH. See README file for more information.
images-2-_jpg.rf.4b7c9c1aa6ba5158a6d18054f417c01b.jpg,/kaggle/input/datasets/nagendra048/aadhar-dataset/train/images,Error: C:\Program Files\Tesseract-OCR\tesseract.exe is not installed or it's not in your PATH. See README file for more information.
photos-11111778-16310969735991632_jpg.rf.872a288579eb26c8ec7636d9ff66ee56.jpg,/kaggle/input/datasets/nagendra048/aadhar-dataset/train/images,Error: C:\Program Files\Tesseract-OCR\tesseract.exe is not installed or it's not in your PATH. See README file for more information.
2b923b9c9b526e45022e18d0493946ba-1-_jpg.rf.225574aa4114341c6529483fd6d6fe8c.jpg,/kaggle/input/datasets/nagendra048/aadhar-dataset/train/images,Error: C:\Program Files\Tesseract-OCR\tesseract.exe is not installed or it's not in your PATH. See README file for more information.
447675edf75967ed3047d0ff28f280ac-1-_jpg.rf.b49ac6e79caeab0c2e81c8a0f2853820.jpg,/kaggle/input/datasets/nagendra048/aadhar-dataset/train/images,Error: C:\Program Files\Tesseract-OCR\tesseract.exe is not installed or it's not in your PATH. See README file for more information.
b2487cba906731d63c4ca7884bd1a2f0_jpg.rf.00620c7432ffa0bc92bb1b2a98749503.jpg,/kaggle/input/datasets/nagendra048/aadhar-dataset/train/images,Error: C:\Program Files\Tesseract-OCR\tesseract.exe is not installed or it's not in your PATH. See README file for more information.
447675edf75967ed3047d0ff28f280ac_jpg.rf.6d0cfddfe6a5dddaac47a13ee7d01e81.jpg,/kaggle/input/datasets/nagendra048/aadhar-dataset/train/images,Error: C:\Program Files\Tesseract-OCR\tesseract.exe is not installed or it's not in your PATH. See README file for more information.
1c89969c27b6f7ea57d47a74f579b5cc-2-_jpg.rf.5364137d2aebab2b30f1938104f74406.jpg,/kaggle/input/datasets/nagendra048/aadhar-dataset/train/images,Error: C:\Program Files\Tesseract-OCR\tesseract.exe is not installed or it's not in your PATH. See README file for more information.
images_jpg.rf.85e7c84fd99b0012fa1a7029446a4200.jpg,/kaggle/input/datasets/nagendra048/aadhar-dataset/train/images,Error: C:\Program Files\Tesseract-OCR\tesseract.exe is not installed or it's not in your PATH. See README file for more information.
110_504886170_jpg.rf.2c3488138c53febd797941375e58d305.jpg,/kaggle/input/datasets/nagendra048/aadhar-dataset/train/images,Error: C:\Program Files\Tesseract-OCR\tesseract.exe is not installed or it's not in your PATH. See README file for more information.
a1e3125efaa4eebd8efc907ae48b69a1_jpg.rf.f265320ca58763647b62a687a5d5a127.jpg,/kaggle/input/datasets/nagendra048/aadhar-dataset/train/images,Error: C:\Program Files\Tesseract-OCR\tesseract.exe is not installed or it's not in your PATH. See README file for more information.
JAI_AADHAR_jpg.rf.2a3b4365eef2521c6481340de58dcf06.jpg,/kaggle/input/datasets/nagendra048/aadhar-dataset/train/images,Error: C:\Program Files\Tesseract-OCR\tesseract.exe is not installed or it's not in your PATH. See README file for more information.
b2487cba906731d63c4ca7884bd1a2f0_jpg.rf.5680f53d0f00fd3aeccbca2f7eb24a4d.jpg,/kaggle/input/datasets/nagendra048/aadhar-dataset/train/images,Error: C:\Program Files\Tesseract-OCR\tesseract.exe is not installed or it's not in your PATH. See README file for more information.
1_xMzwx1zuB5KlpNM53l2nfw_jpg.rf.073cb83be25c735a16d98825593b2a1e.jpg,/kaggle/input/datasets/nagendra048/aadhar-dataset/train/images,Error: C:\Program Files\Tesseract-OCR\tesseract.exe is not installed or it's not in your PATH. See README file for more information.
banner_jpg.rf.e788cdf09bb3801f88d546e84913a8a7.jpg,/kaggle/input/datasets/nagendra048/aadhar-dataset/train/images,Error: C:\Program Files\Tesseract-OCR\tesseract.exe is not installed or it's not in your PATH. See README file for more information.
82a73cb534ca5805e7136e48059e7000_jpg.rf.5d0696346cd0dfb52ebd69e91b55beaf.jpg,/kaggle/input/datasets/nagendra048/aadhar-dataset/train/images,Error: C:\Program Files\Tesseract-OCR\tesseract.exe is not installed or it's not in your PATH. See README file for more information.
a1e3125efaa4eebd8efc907ae48b69a1_jpg.rf.1b2300d637264f8d70eb88b8bf0838ec.jpg,/kaggle/input/datasets/nagendra048/aadhar-dataset/train/images,Error: C:\Program Files\Tesseract-OCR\tesseract.exe is not installed or it's not in your PATH. See README file for more information.
adhar_card_6402313_835x547-m_jpg.rf.c35adbbb571161de5a4e00f441970825.jpg,/kaggle/input/datasets/nagendra048/aadhar-dataset/train/images,Error: C:\Program Files\Tesseract-OCR\tesseract.exe is not installed or it's not in your PATH. See README file for more information.
c06a8a5d5214f4545a91b5c35eb7aa43_jpg.rf.1f4d49e09c8dac96566e10612c72e639.jpg,/kaggle/input/datasets/nagendra048/aadhar-dataset/train/images,Error: C:\Program Files\Tesseract-OCR\tesseract.exe is not installed or it's not in your PATH. See README file for more information.
06_01_2022_03_14_42_png_jpg.rf.98d35eba5a266259a80892f6b8f13dfa.jpg,/kaggle/input/datasets/nagendra048/aadhar-dataset/train/images,Error: C:\Program Files\Tesseract-OCR\tesseract.exe is not installed or it's not in your PATH. See README file for more information.
photos-11111778-16310969735991632_jpg.rf.5fbb3b0d311b4fe143668234383a6f0a.jpg,/kaggle/input/datasets/nagendra048/aadhar-dataset/train/images,Error: C:\Program Files\Tesseract-OCR\tesseract.exe is not installed or it's not in your PATH. See README file for more information.
2b923b9c9b526e45022e18d0493946ba_jpg.rf.c1e7ca8b58bfac70057132e2e3c75a0c.jpg,/kaggle/input/datasets/nagendra048/aadhar-dataset/train/images,Error: C:\Program Files\Tesseract-OCR\tesseract.exe is not installed or it's not in your PATH. See README file for more information.
aad43_jpg.rf.944dcdf3b881e6654d823059aaae154a.jpg,/kaggle/input/datasets/nagendra048/aadhar-dataset/train/images,Error: C:\Program Files\Tesseract-OCR\tesseract.exe is not installed or it's not in your PATH. See README file for more information.
1b26b406ad9485c98cd496bc371db57f_jpg.rf.afbf2a4ff4b1a925adc5bb78b1d89a82.jpg,/kaggle/input/datasets/nagendra048/aadhar-dataset/train/images,Error: C:\Program Files\Tesseract-OCR\tesseract.exe is not installed or it's not in your PATH. See README file for more information.
6faf8790a38b5e6a7d9e3347ba84a24f_jpg.rf.13819dad4906abd4e832ce7b84ccb05c.jpg,/kaggle/input/datasets/nagendra048/aadhar-dataset/train/images,Error: C:\Program Files\Tesseract-OCR\tesseract.exe is not installed or it's not in your PATH. See README file for more information.
images-4-_jpg.rf.e72a8c1c74e11a77fa89d2f0cfcda8ba.jpg,/kaggle/input/datasets/nagendra048/aadhar-dataset/train/images,Error: C:\Program Files\Tesseract-OCR\tesseract.exe is not installed or it's not in your PATH. See README file for more information.
2017_7image_01_34_3344908890_jpg.rf.61fc906c82dbf7871d2bdfdcf183da99.jpg,/kaggle/input/datasets/nagendra048/aadhar-dataset/train/images,Error: C:\Program Files\Tesseract-OCR\tesseract.exe is not installed or it's not in your PATH. See README file for more information.
thumb_jpg.rf.3351225803f41227cb761561712475d1.jpg,/kaggle/input/datasets/nagendra048/aadhar-dataset/train/images,Error: C:\Program Files\Tesseract-OCR\tesseract.exe is not installed or it's not in your PATH. See README file for more information.
a1e3125efaa4eebd8efc907ae48b69a1-2-_jpg.rf.411b68776591ba214b7e0b1618769c24.jpg,/kaggle/input/datasets/nagendra048/aadhar-dataset/train/images,Error: C:\Program Files\Tesseract-OCR\tesseract.exe is not installed or it's not in your PATH. See README file for more information.
8c7dab60c3bdf9f210aaaca1a87c78de_jpg.rf.39c4e0c3669bbbf1c11ae7674b7a24d1.jpg,/kaggle/input/datasets/nagendra048/aadhar-dataset/train/images,Error: C:\Program Files\Tesseract-OCR\tesseract.exe is not installed or it's not in your PATH. See README file for more information.
44ca6539da21ea839134cf0e39ff6e37_jpg.rf.bdbd08e2212c543873c5ccb1d7e6a70c.jpg,/kaggle/input/datasets/nagendra048/aadhar-dataset/train/images,Error: C:\Program Files\Tesseract-OCR\tesseract.exe is not installed or it's not in your PATH. See README file for more information.
c5cad996e165b070b99d2b76cdfb39dc_jpg.rf.d688dacf55cec835753f104749dbe9b0.jpg,/kaggle/input/datasets/nagendra048/aadhar-dataset/train/images,Error: C:\Program Files\Tesseract-OCR\tesseract.exe is not installed or it's not in your PATH. See README file for more information.
81eadb49cb7736c4e7460f318ebd5d29_jpg.rf.f07195f827eaf2f4dbcb93a375ccc51f.jpg,/kaggle/input/datasets/nagendra048/aadhar-dataset/train/images,Error: C:\Program Files\Tesseract-OCR\tesseract.exe is not installed or it's not in your PATH. See README file for more information.
81eadb49cb7736c4e7460f318ebd5d29_jpg.rf.693792563af7dc1255b6b47b26ea42b8.jpg,/kaggle/input/datasets/nagendra048/aadhar-dataset/train/images,Error: C:\Program Files\Tesseract-OCR\tesseract.exe is not installed or it's not in your PATH. See README file for more information.
f6644ae09eb9acfc6a71f01115f917f9_jpg.rf.7de27f7e6addb8a6a21bef4a7684a715.jpg,/kaggle/input/datasets/nagendra048/aadhar-dataset/train/images,Error: C:\Program Files\Tesseract-OCR\tesseract.exe is not installed or it's not in your PATH. See README file for more information.
images-9-_jpg.rf.91bdc951f0a707f3b0cc16a6c7cadffb.jpg,/kaggle/input/datasets/nagendra048/aadhar-dataset/train/images,Error: C:\Program Files\Tesseract-OCR\tesseract.exe is not installed or it's not in your PATH. See README file for more information.
73a8158ee961472799e57e72b1868f54_jpg.rf.ef07fc63e204aca443e3f6af0d08dd98.jpg,/kaggle/input/datasets/nagendra048/aadhar-dataset/train/images,Error: C:\Program Files\Tesseract-OCR\tesseract.exe is not installed or it's not in your PATH. See README file for more information.
Father_Aadhar_Card_of_Baby_Sanavi_Jehangir_Hospital_jpg.rf.ab094321dc8cf0bd3fe6c352b989e62f.jpg,/kaggle/input/datasets/nagendra048/aadhar-dataset/train/images,Error: C:\Program Files\Tesseract-OCR\tesseract.exe is not installed or it's not in your PATH. See README file for more information.
94eb12c96f2d79889f4856eb47ae25a4_jpg.rf.044b6299b9700fc75fe7b0f2ca930228.jpg,/kaggle/input/datasets/nagendra048/aadhar-dataset/train/images,Error: C:\Program Files\Tesseract-OCR\tesseract.exe is not installed or it's not in your PATH. See README file for more information.
c06a8a5d5214f4545a91b5c35eb7aa43_jpg.rf.7efd190616ce582b1148210af8e8418a.jpg,/kaggle/input/datasets/nagendra048/aadhar-dataset/train/images,Error: C:\Program Files\Tesseract-OCR\tesseract.exe is not installed or it's not in your PATH. See README file for more information.
images-15-_jpg.rf.6d35caed211d42580ea30936e334b40c.jpg,/kaggle/input/datasets/nagendra048/aadhar-dataset/train/images,Error: C:\Program Files\Tesseract-OCR\tesseract.exe is not installed or it's not in your PATH. See README file for more information.
unnamed_jpg.rf.92a820fce2a9b82250be50f97e197d96.jpg,/kaggle/input/datasets/nagendra048/aadhar-dataset/train/images,Error: C:\Program Files\Tesseract-OCR\tesseract.exe is not installed or it's not in your PATH. See README file for more information.
card_jpg.rf.d35bee3c0dc8a763d2ea33727187015c.jpg,/kaggle/input/datasets/nagendra048/aadhar-dataset/train/images,Error: C:\Program Files\Tesseract-OCR\tesseract.exe is not installed or it's not in your PATH. See README file for more information.
a1e3125efaa4eebd8efc907ae48b69a1_jpg.rf.dc0961d79b1c451641d26cdc75465950.jpg,/kaggle/input/datasets/nagendra048/aadhar-dataset/train/images,Error: C:\Program Files\Tesseract-OCR\tesseract.exe is not installed or it's not in your PATH. See README file for more information.
78ebbaace416b45c0b552a5a3de7b1a7_jpg.rf.819382719f099a5c8c31b5da84ff2cab.jpg,/kaggle/input/datasets/nagendra048/aadhar-dataset/train/images,Error: C:\Program Files\Tesseract-OCR\tesseract.exe is not installed or it's not in your PATH. See README file for more information.
maxresdefault-1_jpg.rf.2f5811224a1dc82992a3febae812a7a2.jpg,/kaggle/input/datasets/nagendra048/aadhar-dataset/train/images,Error: C:\Program Files\Tesseract-OCR\tesseract.exe is not installed or it's not in your PATH. See README file for more information.
0e0a5204f238d9c743ae456a8dc6529a_jpg.rf.39f9dad6776bd61a65c6524b77940231.jpg,/kaggle/input/datasets/nagendra048/aadhar-dataset/train/images,Error: C:\Program Files\Tesseract-OCR\tesseract.exe is not installed or it's not in your PATH. See README file for more information.
086d820550f34066764f4047ddc263ca_jpg.rf.0222f6dda088f6a38e09f7ede0d55e3d.jpg,/kaggle/input/datasets/nagendra048/aadhar-dataset/train/images,Error: C:\Program Files\Tesseract-OCR\tesseract.exe is not installed or it's not in your PATH. See README file for more information.
14171f7e3e906f9bb9cbee0e44b183ab_jpg.rf.e98dc344832dab4027f90a9949b7336f.jpg,/kaggle/input/datasets/nagendra048/aadhar-dataset/train/images,Error: C:\Program Files\Tesseract-OCR\tesseract.exe is not installed or it's not in your PATH. See README file for more information.
49fa3bcf36cda2851f2d12adc5f9f6db-2-_jpg.rf.d6da4cd82f3b3b5d743450485a2a189b.jpg,/kaggle/input/datasets/nagendra048/aadhar-dataset/train/images,Error: C:\Program Files\Tesseract-OCR\tesseract.exe is not installed or it's not in your PATH. See README file for more information.
14171f7e3e906f9bb9cbee0e44b183ab_jpg.rf.03b2bec3db1f95032904c89aab4aed77.jpg,/kaggle/input/datasets/nagendra048/aadhar-dataset/train/images,Error: C:\Program Files\Tesseract-OCR\tesseract.exe is not installed or it's not in your PATH. See README file for more information.
c7d12dabedb1da10342b91dea665a917_jpg.rf.b2ca5e478ce640822171f31a8a0a63d7.jpg,/kaggle/input/datasets/nagendra048/aadhar-dataset/train/images,Error: C:\Program Files\Tesseract-OCR\tesseract.exe is not installed or it's not in your PATH. See README file for more information.
images-11-_jpg.rf.79652b458a2649227e3cf6d0992829a7.jpg,/kaggle/input/datasets/nagendra048/aadhar-dataset/train/images,Error: C:\Program Files\Tesseract-OCR\tesseract.exe is not installed or it's not in your PATH. See README file for more information.
2bfd2f150b31581bac34445b5c49dd26_jpg.rf.2cc0a5c9601bfa2da8d0794bd571b217.jpg,/kaggle/input/datasets/nagendra048/aadhar-dataset/train/images,Error: C:\Program Files\Tesseract-OCR\tesseract.exe is not installed or it's not in your PATH. See README file for more information.
ff71c3cd26d34f1340a3f410f6e03a3f_jpg.rf.93fa8d4da128a4399789110e5baa7896.jpg,/kaggle/input/datasets/nagendra048/aadhar-dataset/train/images,Error: C:\Program Files\Tesseract-OCR\tesseract.exe is not installed or it's not in your PATH. See README file for more information.
download_jpg.rf.9f03786752f515e9f38f2410979f0ca1.jpg,/kaggle/input/datasets/nagendra048/aadhar-dataset/train/images,Error: C:\Program Files\Tesseract-OCR\tesseract.exe is not installed or it's not in your PATH. See README file for more information.
c5bc89c6e9cede0ff4d07085c5ce2488-1-_jpg.rf.49ebc5a2dc101f48f303b8f26b0bb94b.jpg,/kaggle/input/datasets/nagendra048/aadhar-dataset/train/images,Error: C:\Program Files\Tesseract-OCR\tesseract.exe is not installed or it's not in your PATH. See README file for more information.
14171f7e3e906f9bb9cbee0e44b183ab-1-_jpg.rf.2e207c79621f8d1612c7130a3001e1c1.jpg,/kaggle/input/datasets/nagendra048/aadhar-dataset/train/images,Error: C:\Program Files\Tesseract-OCR\tesseract.exe is not installed or it's not in your PATH. See README file for more information.
images-9-_jpg.rf.1870e7fabbd04d72fa1f52391afd80bf.jpg,/kaggle/input/datasets/nagendra048/aadhar-dataset/train/images,Error: C:\Program Files\Tesseract-OCR\tesseract.exe is not installed or it's not in your PATH. See README file for more information.
81eadb49cb7736c4e7460f318ebd5d29_jpg.rf.ba4bdc6aaf086fc9fc93f0587cf38a9d.jpg,/kaggle/input/datasets/nagendra048/aadhar-dataset/train/images,Error: C:\Program Files\Tesseract-OCR\tesseract.exe is not installed or it's not in your PATH. See README file for more information.
c5cad996e165b070b99d2b76cdfb39dc_jpg.rf.77d709fccc6ce17f89329e7e3206825c.jpg,/kaggle/input/datasets/nagendra048/aadhar-dataset/train/images,Error: C:\Program Files\Tesseract-OCR\tesseract.exe is not installed or it's not in your PATH. See README file for more information.
447675edf75967ed3047d0ff28f280ac_jpg.rf.e4892d9f4863cbc0b5b714f0796d8dcf.jpg,/kaggle/input/datasets/nagendra048/aadhar-dataset/train/images,Error: C:\Program Files\Tesseract-OCR\tesseract.exe is not installed or it's not in your PATH. See README file for more information.
0005_jpeg_jpg.rf.252590ac8ae7f0f84a08f15a164d6cb0.jpg,/kaggle/input/datasets/nagendra048/aadhar-dataset/train/images,Error: C:\Program Files\Tesseract-OCR\tesseract.exe is not installed or it's not in your PATH. See README file for more information.
086d820550f34066764f4047ddc263ca_jpg.rf.cb1349b61619d1b2d5a7669caf213cf1.jpg,/kaggle/input/datasets/nagendra048/aadhar-dataset/train/images,Error: C:\Program Files\Tesseract-OCR\tesseract.exe is not installed or it's not in your PATH. See README file for more information.
meerut-news_1591527061_jpg.rf.7d1c39697a91c68a21fb10eb214eef24.jpg,/kaggle/input/datasets/nagendra048/aadhar-dataset/train/images,Error: C:\Program Files\Tesseract-OCR\tesseract.exe is not installed or it's not in your PATH. See README file for more information.
images-19-_jpg.rf.b02c1fea4c7b793c1ee1e619f9ff4eb5.jpg,/kaggle/input/datasets/nagendra048/aadhar-dataset/train/images,Error: C:\Program Files\Tesseract-OCR\tesseract.exe is not installed or it's not in your PATH. See README file for more information.
46804894d63fe5b3fea2582cfa7657c7-2-_jpg.rf.dd3e8b765041832446942226fcf7d453.jpg,/kaggle/input/datasets/nagendra048/aadhar-dataset/train/images,Error: C:\Program Files\Tesseract-OCR\tesseract.exe is not installed or it's not in your PATH. See README file for more information.
adhar_card_6402313_835x547-m_jpg.rf.fa2aaa71fef241416907b27da5d1af58.jpg,/kaggle/input/datasets/nagendra048/aadhar-dataset/train/images,Error: C:\Program Files\Tesseract-OCR\tesseract.exe is not installed or it's not in your PATH. See README file for more information.
images-15-_jpg.rf.dbf7a53951c25b4dd1027d85ba6b10da.jpg,/kaggle/input/datasets/nagendra048/aadhar-dataset/train/images,Error: C:\Program Files\Tesseract-OCR\tesseract.exe is not installed or it's not in your PATH. See README file for more information.
maxresdefault-1_jpg.rf.11a8be6e69cc81bd54f63164ca830b00.jpg,/kaggle/input/datasets/nagendra048/aadhar-dataset/train/images,Error: C:\Program Files\Tesseract-OCR\tesseract.exe is not installed or it's not in your PATH. See README file for more information.
amb-022_1636178548_jpg.rf.0c0ae8827f3d143de4625a98df1e6c7a.jpg,/kaggle/input/datasets/nagendra048/aadhar-dataset/train/images,Error: C:\Program Files\Tesseract-OCR\tesseract.exe is not installed or it's not in your PATH. See README file for more information.
images-14-_jpg.rf.b201f07339ec3e2f0c890ac6163d88b8.jpg,/kaggle/input/datasets/nagendra048/aadhar-dataset/train/images,Error: C:\Program Files\Tesseract-OCR\tesseract.exe is not installed or it's not in your PATH. See README file for more information.
447675edf75967ed3047d0ff28f280ac-1-_jpg.rf.57fb6bf524ef3e5c0203150fbfe04808.jpg,/kaggle/input/datasets/nagendra048/aadhar-dataset/train/images,Error: C:\Program Files\Tesseract-OCR\tesseract.exe is not installed or it's not in your PATH. See README file for more information.
2017_7image_01_34_3344908890_jpg.rf.fdcb02c7da291344ac5c29bb2092d7c7.jpg,/kaggle/input/datasets/nagendra048/aadhar-dataset/train/images,Error: C:\Program Files\Tesseract-OCR\tesseract.exe is not installed or it's not in your PATH. See README file for more information.
1b26b406ad9485c98cd496bc371db57f_jpg.rf.b341d50d57652045bcd1eacfb5bc08b1.jpg,/kaggle/input/datasets/nagendra048/aadhar-dataset/train/images,Error: C:\Program Files\Tesseract-OCR\tesseract.exe is not installed or it's not in your PATH. See README file for more information.
0d4c873ace54e82fb49c451a9bdc6d24_jpg.rf.e308e5203180d43c80c57184c852b0ac.jpg,/kaggle/input/datasets/nagendra048/aadhar-dataset/train/images,Error: C:\Program Files\Tesseract-OCR\tesseract.exe is not installed or it's not in your PATH. See README file for more information.
b4ec339af5996addce61a9c73b7162f3-1-_jpg.rf.0479930cea235371282fabf2f0465987.jpg,/kaggle/input/datasets/nagendra048/aadhar-dataset/train/images,Error: C:\Program Files\Tesseract-OCR\tesseract.exe is not installed or it's not in your PATH. See README file for more information.
images-16-_jpg.rf.8ee30e53ad0a097875adf84df2c60bf1.jpg,/kaggle/input/datasets/nagendra048/aadhar-dataset/train/images,Error: C:\Program Files\Tesseract-OCR\tesseract.exe is not installed or it's not in your PATH. See README file for more information.
c69b7f40144bf1cd4051251754af93ed-2-_jpg.rf.d31757e53e4179a48056454540b61045.jpg,/kaggle/input/datasets/nagendra048/aadhar-dataset/train/images,Error: C:\Program Files\Tesseract-OCR\tesseract.exe is not installed or it's not in your PATH. See README file for more information.
f6644ae09eb9acfc6a71f01115f917f9_jpg.rf.dc72700e20816a3ff4b0442822f389ba.jpg,/kaggle/input/datasets/nagendra048/aadhar-dataset/train/images,Error: C:\Program Files\Tesseract-OCR\tesseract.exe is not installed or it's not in your PATH. See README file for more information.
0e0a5204f238d9c743ae456a8dc6529a_jpg.rf.0ddd8a7c41b25e2c4ba918f5ad67296f.jpg,/kaggle/input/datasets/nagendra048/aadhar-dataset/train/images,Error: C:\Program Files\Tesseract-OCR\tesseract.exe is not installed or it's not in your PATH. See README file for more information.
14171f7e3e906f9bb9cbee0e44b183ab_jpg.rf.c13c0c52867200bb553e5a73b2d137e8.jpg,/kaggle/input/datasets/nagendra048/aadhar-dataset/train/images,Error: C:\Program Files\Tesseract-OCR\tesseract.exe is not installed or it's not in your PATH. See README file for more information.
e731587b225d7bad435c4cfb7cbec669_jpg.rf.d3b90b4b2fadd558a2d03e522b0723f7.jpg,/kaggle/input/datasets/nagendra048/aadhar-dataset/train/images,Error: C:\Program Files\Tesseract-OCR\tesseract.exe is not installed or it's not in your PATH. See README file for more information.
c7d12dabedb1da10342b91dea665a917-1-_jpg.rf.023f65f42c13a203581e9916a6bf798b.jpg,/kaggle/input/datasets/nagendra048/aadhar-dataset/train/images,Error: C:\Program Files\Tesseract-OCR\tesseract.exe is not installed or it's not in your PATH. See README file for more information.
60643f2e835245dfa9b0c9c988abb748_jpg.rf.5a1aef9b07d0dcb3ff682a517768972e.jpg,/kaggle/input/datasets/nagendra048/aadhar-dataset/train/images,Error: C:\Program Files\Tesseract-OCR\tesseract.exe is not installed or it's not in your PATH. See README file for more information.
2b923b9c9b526e45022e18d0493946ba_jpg.rf.0836eef99b7ad6369c1b494b4eafc7ae.jpg,/kaggle/input/datasets/nagendra048/aadhar-dataset/train/images,Error: C:\Program Files\Tesseract-OCR\tesseract.exe is not installed or it's not in your PATH. See README file for more information.
efbefce86a6ebb47ef70edd9f85d5324_jpg.rf.8d700e4ec0307f091c07ead43993ba9e.jpg,/kaggle/input/datasets/nagendra048/aadhar-dataset/train/images,Error: C:\Program Files\Tesseract-OCR\tesseract.exe is not installed or it's not in your PATH. See README file for more information.
19b620ad00aeb2885f0f0a1ccb337919_jpg.rf.9975183d9a45f9dd33b04136630ecbcb.jpg,/kaggle/input/datasets/nagendra048/aadhar-dataset/train/images,Error: C:\Program Files\Tesseract-OCR\tesseract.exe is not installed or it's not in your PATH. See README file for more information.
19b620ad00aeb2885f0f0a1ccb337919_jpg.rf.4a38fd1eba552772648792794df0948b.jpg,/kaggle/input/datasets/nagendra048/aadhar-dataset/train/images,Error: C:\Program Files\Tesseract-OCR\tesseract.exe is not installed or it's not in your PATH. See README file for more information.
images-2-_jpg.rf.fd0a5f827479290e4ef182e520d6fcd4.jpg,/kaggle/input/datasets/nagendra048/aadhar-dataset/train/images,Error: C:\Program Files\Tesseract-OCR\tesseract.exe is not installed or it's not in your PATH. See README file for more information.
images-2-_jpg.rf.c039c9f1d3640e923fbc508740536b04.jpg,/kaggle/input/datasets/nagendra048/aadhar-dataset/train/images,Error: C:\Program Files\Tesseract-OCR\tesseract.exe is not installed or it's not in your PATH. See README file for more information.
110_504886170_jpg.rf.28135dfe3b6b3ac665eb814b7263df1a.jpg,/kaggle/input/datasets/nagendra048/aadhar-dataset/train/images,Error: C:\Program Files\Tesseract-OCR\tesseract.exe is not installed or it's not in your PATH. See README file for more information.
bc2af9550a06aee72c9aa22a3c73f0fa_jpg.rf.3c137278211cf4289edf723733d34148.jpg,/kaggle/input/datasets/nagendra048/aadhar-dataset/train/images,Error: C:\Program Files\Tesseract-OCR\tesseract.exe is not installed or it's not in your PATH. See README file for more information.
46804894d63fe5b3fea2582cfa7657c7-1-_jpg.rf.d264cb3ab50b629c303ae1a3026ca4f7.jpg,/kaggle/input/datasets/nagendra048/aadhar-dataset/train/images,Error: C:\Program Files\Tesseract-OCR\tesseract.exe is not installed or it's not in your PATH. See README file for more information.
78ebbaace416b45c0b552a5a3de7b1a7_jpg.rf.6a9ef9d615e6b0e4972a15a6b74946b1.jpg,/kaggle/input/datasets/nagendra048/aadhar-dataset/train/images,Error: C:\Program Files\Tesseract-OCR\tesseract.exe is not installed or it's not in your PATH. See README file for more information.
dd73e0797834fecca12c450729c37fef_jpg.rf.448c8e2158299d261ac1328187e4a9a1.jpg,/kaggle/input/datasets/nagendra048/aadhar-dataset/train/images,Error: C:\Program Files\Tesseract-OCR\tesseract.exe is not installed or it's not in your PATH. See README file for more information.
b2487cba906731d63c4ca7884bd1a2f0_jpg.rf.aafeadf441a49d6e43059a6b58619042.jpg,/kaggle/input/datasets/nagendra048/aadhar-dataset/train/images,Error: C:\Program Files\Tesseract-OCR\tesseract.exe is not installed or it's not in your PATH. See README file for more information.
images-4-_jpg.rf.76c2e4b51b65b0abe0f9f034bf67e67f.jpg,/kaggle/input/datasets/nagendra048/aadhar-dataset/train/images,Error: C:\Program Files\Tesseract-OCR\tesseract.exe is not installed or it's not in your PATH. See README file for more information.
766ad22cd5a05c1a9d21c658bb1e925c_jpg.rf.de79d2fb59a338ff53ac4dc16c91b070.jpg,/kaggle/input/datasets/nagendra048/aadhar-dataset/train/images,Error: C:\Program Files\Tesseract-OCR\tesseract.exe is not installed or it's not in your PATH. See README file for more information.
e731587b225d7bad435c4cfb7cbec669_jpg.rf.c95553bf16782ac63111b29b2118310d.jpg,/kaggle/input/datasets/nagendra048/aadhar-dataset/train/images,Error: C:\Program Files\Tesseract-OCR\tesseract.exe is not installed or it's not in your PATH. See README file for more information.
b4ec339af5996addce61a9c73b7162f3-1-_jpg.rf.d0abe76dbf36c72339fe2b29c28042e9.jpg,/kaggle/input/datasets/nagendra048/aadhar-dataset/train/images,Error: C:\Program Files\Tesseract-OCR\tesseract.exe is not installed or it's not in your PATH. See README file for more information.
81eadb49cb7736c4e7460f318ebd5d29_jpg.rf.c0fa1783fbd16dc0cc66559e31974a3f.jpg,/kaggle/input/datasets/nagendra048/aadhar-dataset/train/images,Error: C:\Program Files\Tesseract-OCR\tesseract.exe is not installed or it's not in your PATH. See README file for more information.
card_jpg.rf.863b2385a18e7152c70699e9698db6e1.jpg,/kaggle/input/datasets/nagendra048/aadhar-dataset/train/images,Error: C:\Program Files\Tesseract-OCR\tesseract.exe is not installed or it's not in your PATH. See README file for more information.
b71fb182905bbdeea99549bff81f9c22_jpg.rf.4f46879799b0714b0c5e9f3f10926e57.jpg,/kaggle/input/datasets/nagendra048/aadhar-dataset/train/images,Error: C:\Program Files\Tesseract-OCR\tesseract.exe is not installed or it's not in your PATH. See README file for more information.
c5bc89c6e9cede0ff4d07085c5ce2488-1-_jpg.rf.6f9c7aa63ee93007cc7bdb01a74c72ec.jpg,/kaggle/input/datasets/nagendra048/aadhar-dataset/train/images,Error: C:\Program Files\Tesseract-OCR\tesseract.exe is not installed or it's not in your PATH. See README file for more information.
images-8-_jpg.rf.5b05f334da6529d6032c374f632e358e.jpg,/kaggle/input/datasets/nagendra048/aadhar-dataset/train/images,Error: C:\Program Files\Tesseract-OCR\tesseract.exe is not installed or it's not in your PATH. See README file for more information.
bc2af9550a06aee72c9aa22a3c73f0fa_jpg.rf.803eb792933396532aea22259b044935.jpg,/kaggle/input/datasets/nagendra048/aadhar-dataset/train/images,Error: C:\Program Files\Tesseract-OCR\tesseract.exe is not installed or it's not in your PATH. See README file for more information.
IMG_20180723_120159_jpg.rf.eba14b5de528ac50c6c3718e828d800d.jpg,/kaggle/input/datasets/nagendra048/aadhar-dataset/train/images,Error: C:\Program Files\Tesseract-OCR\tesseract.exe is not installed or it's not in your PATH. See README file for more information.
97d297f8384d0e9b857e3ebc0bd31dcd_jpg.rf.194f1b5d090fe748b8aa68a3452d27e0.jpg,/kaggle/input/datasets/nagendra048/aadhar-dataset/train/images,Error: C:\Program Files\Tesseract-OCR\tesseract.exe is not installed or it's not in your PATH. See README file for more information.
adhar1_2366193f_jpg.rf.b010125f088f2c041bc37399302f1910.jpg,/kaggle/input/datasets/nagendra048/aadhar-dataset/train/images,Error: C:\Program Files\Tesseract-OCR\tesseract.exe is not installed or it's not in your PATH. See README file for more information.
adhar_card_6402313_835x547-m_jpg.rf.034a85e7a7cfea1d00a54acb511bbeb0.jpg,/kaggle/input/datasets/nagendra048/aadhar-dataset/train/images,Error: C:\Program Files\Tesseract-OCR\tesseract.exe is not installed or it's not in your PATH. See README file for more information.
25305fe9d4d92e3899f5fbcab86fb2c7-1-_jpg.rf.52e20b06c2662fb6ed80004c15072f66.jpg,/kaggle/input/datasets/nagendra048/aadhar-dataset/train/images,Error: C:\Program Files\Tesseract-OCR\tesseract.exe is not installed or it's not in your PATH. See README file for more information.
c86a0da801ae2e586164e814b43de3c9_jpg.rf.e95590dbadc2cb28ef0afee68ad2805c.jpg,/kaggle/input/datasets/nagendra048/aadhar-dataset/train/images,Error: C:\Program Files\Tesseract-OCR\tesseract.exe is not installed or it's not in your PATH. See README file for more information.
26e69450edbd8716ee253bd7ec9b7607_jpg.rf.c15dacd65e4ee9f47521fcfdc9e79b2c.jpg,/kaggle/input/datasets/nagendra048/aadhar-dataset/train/images,Error: C:\Program Files\Tesseract-OCR\tesseract.exe is not installed or it's not in your PATH. See README file for more information.
2bfd2f150b31581bac34445b5c49dd26_jpg.rf.60aafdbf88a6d20c840e0662e9d39f98.jpg,/kaggle/input/datasets/nagendra048/aadhar-dataset/train/images,Error: C:\Program Files\Tesseract-OCR\tesseract.exe is not installed or it's not in your PATH. See README file for more information.
78ebbaace416b45c0b552a5a3de7b1a7_jpg.rf.176cbcb1c11ef0407dd311510474fe3f.jpg,/kaggle/input/datasets/nagendra048/aadhar-dataset/train/images,Error: C:\Program Files\Tesseract-OCR\tesseract.exe is not installed or it's not in your PATH. See README file for more information.
b4ec339af5996addce61a9c73b7162f3-1-_jpg.rf.f3ca79e27b6b1b46040cf4689b38cf79.jpg,/kaggle/input/datasets/nagendra048/aadhar-dataset/train/images,Error: C:\Program Files\Tesseract-OCR\tesseract.exe is not installed or it's not in your PATH. See README file for more information.
Father_Aadhar_Card_of_Baby_Sanavi_Jehangir_Hospital_jpg.rf.192a25f9fe435c7b8d8717110e00541b.jpg,/kaggle/input/datasets/nagendra048/aadhar-dataset/train/images,Error: C:\Program Files\Tesseract-OCR\tesseract.exe is not installed or it's not in your PATH. See README file for more information.
e383ea165dd6f41b69ef72df10c4c473-1-_jpg.rf.301171a2d4cce9aecf754030f8ec1dd0.jpg,/kaggle/input/datasets/nagendra048/aadhar-dataset/train/images,Error: C:\Program Files\Tesseract-OCR\tesseract.exe is not installed or it's not in your PATH. See README file for more information.
ff71c3cd26d34f1340a3f410f6e03a3f_jpg.rf.b631da894faed8229f2b96abe7d2e19d.jpg,/kaggle/input/datasets/nagendra048/aadhar-dataset/train/images,Error: C:\Program Files\Tesseract-OCR\tesseract.exe is not installed or it's not in your PATH. See README file for more information.
b4ec339af5996addce61a9c73b7162f3_jpg.rf.9c57e05aed6669349c095fd469a507b2.jpg,/kaggle/input/datasets/nagendra048/aadhar-dataset/train/images,Error: C:\Program Files\Tesseract-OCR\tesseract.exe is not installed or it's not in your PATH. See README file for more information.
product-500x500_jpg.rf.70ab5bf85f55a720c7dfdc6620eb7c68.jpg,/kaggle/input/datasets/nagendra048/aadhar-dataset/train/images,Error: C:\Program Files\Tesseract-OCR\tesseract.exe is not installed or it's not in your PATH. See README file for more information.
26e69450edbd8716ee253bd7ec9b7607_jpg.rf.8e6be07ac44908e98466696ab0dae041.jpg,/kaggle/input/datasets/nagendra048/aadhar-dataset/train/images,Error: C:\Program Files\Tesseract-OCR\tesseract.exe is not installed or it's not in your PATH. See README file for more information.
49fa3bcf36cda2851f2d12adc5f9f6db-1-_jpg.rf.37fb80c0793849f4c41b59a46ad65ffa.jpg,/kaggle/input/datasets/nagendra048/aadhar-dataset/train/images,Error: C:\Program Files\Tesseract-OCR\tesseract.exe is not installed or it's not in your PATH. See README file for more information.
c709629e7d00468f6c112daa8ca6c9e8_jpg.rf.0c4063ee838c78187048346ad54d2975.jpg,/kaggle/input/datasets/nagendra048/aadhar-dataset/train/images,Error: C:\Program Files\Tesseract-OCR\tesseract.exe is not installed or it's not in your PATH. See README file for more information.
b4047be5f6a409a7ac20777d25d5a058_jpg.rf.e8a8905ff7e8e0fadab7d2ae6bf744aa.jpg,/kaggle/input/datasets/nagendra048/aadhar-dataset/train/images,Error: C:\Program Files\Tesseract-OCR\tesseract.exe is not installed or it's not in your PATH. See README file for more information.
images-5-_jpg.rf.6c89e84ce2d14c58c5eecee54f73f8ef.jpg,/kaggle/input/datasets/nagendra048/aadhar-dataset/train/images,Error: C:\Program Files\Tesseract-OCR\tesseract.exe is not installed or it's not in your PATH. See README file for more information.
15702284b04c27864e819ad89483b80d_jpg.rf.c4986af85eca8835926e074d3d9c893e.jpg,/kaggle/input/datasets/nagendra048/aadhar-dataset/train/images,Error: C:\Program Files\Tesseract-OCR\tesseract.exe is not installed or it's not in your PATH. See README file for more information.
images-2-_jpg.rf.c158d9eb0064e5c6805f27243157462e.jpg,/kaggle/input/datasets/nagendra048/aadhar-dataset/train/images,Error: C:\Program Files\Tesseract-OCR\tesseract.exe is not installed or it's not in your PATH. See README file for more information.
c69b7f40144bf1cd4051251754af93ed-2-_jpg.rf.1d5d3ba7542f3381fb6689a1ae3988a9.jpg,/kaggle/input/datasets/nagendra048/aadhar-dataset/train/images,Error: C:\Program Files\Tesseract-OCR\tesseract.exe is not installed or it's not in your PATH. See README file for more information.
25305fe9d4d92e3899f5fbcab86fb2c7_jpg.rf.93d94a9b711c83fbb105d88f92ee93af.jpg,/kaggle/input/datasets/nagendra048/aadhar-dataset/train/images,Error: C:\Program Files\Tesseract-OCR\tesseract.exe is not installed or it's not in your PATH. See README file for more information.
adhar1_2366193f_jpg.rf.b6de5af2e0d23c1e64a00324142dc6e8.jpg,/kaggle/input/datasets/nagendra048/aadhar-dataset/train/images,Error: C:\Program Files\Tesseract-OCR\tesseract.exe is not installed or it's not in your PATH. See README file for more information.
ac313c63f18e91c513128fa97bce32d6_jpg.rf.9ab4e3a6321fdeb1d3cd255705b79bbc.jpg,/kaggle/input/datasets/nagendra048/aadhar-dataset/train/images,Error: C:\Program Files\Tesseract-OCR\tesseract.exe is not installed or it's not in your PATH. See README file for more information.
c5bc89c6e9cede0ff4d07085c5ce2488-1-_jpg.rf.29103f9baea3686240da99d88fe91196.jpg,/kaggle/input/datasets/nagendra048/aadhar-dataset/train/images,Error: C:\Program Files\Tesseract-OCR\tesseract.exe is not installed or it's not in your PATH. See README file for more information.
447675edf75967ed3047d0ff28f280ac_jpg.rf.720416eaec240d33fcf7b27f7c6b4933.jpg,/kaggle/input/datasets/nagendra048/aadhar-dataset/train/images,Error: C:\Program Files\Tesseract-OCR\tesseract.exe is not installed or it's not in your PATH. See README file for more information.
Adhar_Card_jpg.rf.c21e18901c8441817b4ccd57c8131313.jpg,/kaggle/input/datasets/nagendra048/aadhar-dataset/train/images,Error: C:\Program Files\Tesseract-OCR\tesseract.exe is not installed or it's not in your PATH. See README file for more information.
46804894d63fe5b3fea2582cfa7657c7-1-_jpg.rf.6c52795cb61d67034c20a461e45b1c20.jpg,/kaggle/input/datasets/nagendra048/aadhar-dataset/train/images,Error: C:\Program Files\Tesseract-OCR\tesseract.exe is not installed or it's not in your PATH. See README file for more information.
58a8a1d7cf82feffbc75786afbe700ad_jpg.rf.76ec6fa79f24b9ae54cc7173342b6032.jpg,/kaggle/input/datasets/nagendra048/aadhar-dataset/train/images,Error: C:\Program Files\Tesseract-OCR\tesseract.exe is not installed or it's not in your PATH. See README file for more information.
cfd6db78024aa90c6166e6873945fa56_jpg.rf.971abdcf095d1dfee90e81b50e6065c2.jpg,/kaggle/input/datasets/nagendra048/aadhar-dataset/train/images,Error: C:\Program Files\Tesseract-OCR\tesseract.exe is not installed or it's not in your PATH. See README file for more information.
images-7-_jpg.rf.e6a142711bbf0b824c82668c8ea91aa5.jpg,/kaggle/input/datasets/nagendra048/aadhar-dataset/train/images,Error: C:\Program Files\Tesseract-OCR\tesseract.exe is not installed or it's not in your PATH. See README file for more information.
06_01_2022_03_14_19_png_jpg.rf.c603dab536cab89e20e6d1f803d1e1d7.jpg,/kaggle/input/datasets/nagendra048/aadhar-dataset/train/images,Error: C:\Program Files\Tesseract-OCR\tesseract.exe is not installed or it's not in your PATH. See README file for more information.
images-16-_jpg.rf.422bbf568036ed975ab3de7c0a103e00.jpg,/kaggle/input/datasets/nagendra048/aadhar-dataset/train/images,Error: C:\Program Files\Tesseract-OCR\tesseract.exe is not installed or it's not in your PATH. See README file for more information.
8455878ee3f6d5bf35580169888b3fb6_jpg.rf.3f38fd290b44f7a5fe5e302e2d3d0fe3.jpg,/kaggle/input/datasets/nagendra048/aadhar-dataset/train/images,Error: C:\Program Files\Tesseract-OCR\tesseract.exe is not installed or it's not in your PATH. See README file for more information.
c5bc89c6e9cede0ff4d07085c5ce2488_jpg.rf.8f38919ec70a4a38b879e003daa21fcd.jpg,/kaggle/input/datasets/nagendra048/aadhar-dataset/train/images,Error: C:\Program Files\Tesseract-OCR\tesseract.exe is not installed or it's not in your PATH. See README file for more information.
06_01_2022_03_14_46_png_jpg.rf.adcb6870fdcde4a648e61ec0f539b572.jpg,/kaggle/input/datasets/nagendra048/aadhar-dataset/train/images,Error: C:\Program Files\Tesseract-OCR\tesseract.exe is not installed or it's not in your PATH. See README file for more information.
images-13-_jpg.rf.7605bc46ee617d7fe022298bf1800a0e.jpg,/kaggle/input/datasets/nagendra048/aadhar-dataset/train/images,Error: C:\Program Files\Tesseract-OCR\tesseract.exe is not installed or it's not in your PATH. See README file for more information.
a1e3125efaa4eebd8efc907ae48b69a1-2-_jpg.rf.30fa63b1c83c52d84ff3d334ce926e79.jpg,/kaggle/input/datasets/nagendra048/aadhar-dataset/train/images,Error: C:\Program Files\Tesseract-OCR\tesseract.exe is not installed or it's not in your PATH. See README file for more information.
ce1ea2dcb0a8e8dac1e26793ad3d5ecb_jpg.rf.49a16373dcaf6d45efb605921a13b8fc.jpg,/kaggle/input/datasets/nagendra048/aadhar-dataset/train/images,Error: C:\Program Files\Tesseract-OCR\tesseract.exe is not installed or it's not in your PATH. See README file for more information.
dd73e0797834fecca12c450729c37fef_jpg.rf.01548bd2ae33933dff4145a20e4e0cde.jpg,/kaggle/input/datasets/nagendra048/aadhar-dataset/train/images,Error: C:\Program Files\Tesseract-OCR\tesseract.exe is not installed or it's not in your PATH. See README file for more information.
368a4dd1224bf4d35aa30fc7b61d32d2-1-_jpg.rf.724c916dc3ff50b04421f4e98132cd70.jpg,/kaggle/input/datasets/nagendra048/aadhar-dataset/train/images,Error: C:\Program Files\Tesseract-OCR\tesseract.exe is not installed or it's not in your PATH. See README file for more information.
0521_adhar_jpg.rf.84830c830b88baffb400687101b16446.jpg,/kaggle/input/datasets/nagendra048/aadhar-dataset/train/images,Error: C:\Program Files\Tesseract-OCR\tesseract.exe is not installed or it's not in your PATH. See README file for more information.
26e69450edbd8716ee253bd7ec9b7607_jpg.rf.a2896515d145ef5abca65a1be991be6b.jpg,/kaggle/input/datasets/nagendra048/aadhar-dataset/train/images,Error: C:\Program Files\Tesseract-OCR\tesseract.exe is not installed or it's not in your PATH. See README file for more information.
Father_Aadhar_Card_of_Baby_Sanavi_Jehangir_Hospital_jpg.rf.de3248e734e92f3807dcd11b109066f7.jpg,/kaggle/input/datasets/nagendra048/aadhar-dataset/train/images,Error: C:\Program Files\Tesseract-OCR\tesseract.exe is not installed or it's not in your PATH. See README file for more information.
e731587b225d7bad435c4cfb7cbec669_jpg.rf.d019f19a28a3999709a8ab669ae8093d.jpg,/kaggle/input/datasets/nagendra048/aadhar-dataset/train/images,Error: C:\Program Files\Tesseract-OCR\tesseract.exe is not installed or it's not in your PATH. See README file for more information.
thumb_jpg.rf.5ca516f874e21071bcbf3d9b14bff3d9.jpg,/kaggle/input/datasets/nagendra048/aadhar-dataset/train/images,Error: C:\Program Files\Tesseract-OCR\tesseract.exe is not installed or it's not in your PATH. See README file for more information.
0c0584201ff552c4bdcbe160315aa432_jpg.rf.f11de94d931566fbbc69903cf97c9ba0.jpg,/kaggle/input/datasets/nagendra048/aadhar-dataset/train/images,Error: C:\Program Files\Tesseract-OCR\tesseract.exe is not installed or it's not in your PATH. See README file for more information.
e383ea165dd6f41b69ef72df10c4c473-1-_jpg.rf.1280b743fa95eaf443ab649c24b4e218.jpg,/kaggle/input/datasets/nagendra048/aadhar-dataset/train/images,Error: C:\Program Files\Tesseract-OCR\tesseract.exe is not installed or it's not in your PATH. See README file for more information.
c5bc89c6e9cede0ff4d07085c5ce2488_jpg.rf.895c58cef12466224c33978ef0a71228.jpg,/kaggle/input/datasets/nagendra048/aadhar-dataset/train/images,Error: C:\Program Files\Tesseract-OCR\tesseract.exe is not installed or it's not in your PATH. See README file for more information.
images-2-_jpg.rf.f259b276d30b6b51c6d881972e3314f4.jpg,/kaggle/input/datasets/nagendra048/aadhar-dataset/train/images,Error: C:\Program Files\Tesseract-OCR\tesseract.exe is not installed or it's not in your PATH. See README file for more information.
2bfd2f150b31581bac34445b5c49dd26_jpg.rf.44fc8a33c525cb4e1aa8b08cffaad1a4.jpg,/kaggle/input/datasets/nagendra048/aadhar-dataset/train/images,Error: C:\Program Files\Tesseract-OCR\tesseract.exe is not installed or it's not in your PATH. See README file for more information.
images-10-_jpg.rf.84ff8f19dbead7b20bea0025cf9380fa.jpg,/kaggle/input/datasets/nagendra048/aadhar-dataset/train/images,Error: C:\Program Files\Tesseract-OCR\tesseract.exe is not installed or it's not in your PATH. See README file for more information.
meerut-news_1591527061_jpg.rf.6143e33c2668fdc364d2f2d82bb8ca97.jpg,/kaggle/input/datasets/nagendra048/aadhar-dataset/train/images,Error: C:\Program Files\Tesseract-OCR\tesseract.exe is not installed or it's not in your PATH. See README file for more information.
ffa5e80e5c547686632c7bc9746fee87_jpg.rf.3098d73b43a015841c97bdbc3f12e246.jpg,/kaggle/input/datasets/nagendra048/aadhar-dataset/train/images,Error: C:\Program Files\Tesseract-OCR\tesseract.exe is not installed or it's not in your PATH. See README file for more information.
c5bc89c6e9cede0ff4d07085c5ce2488-1-_jpg.rf.56dac151882cb9ce30ab69e9d4267eeb.jpg,/kaggle/input/datasets/nagendra048/aadhar-dataset/train/images,Error: C:\Program Files\Tesseract-OCR\tesseract.exe is not installed or it's not in your PATH. See README file for more information.
Ee-U7_SVAAIKkKh_jpg.rf.388b54a168cd6279b7d7314a8dc5b207.jpg,/kaggle/input/datasets/nagendra048/aadhar-dataset/train/images,Error: C:\Program Files\Tesseract-OCR\tesseract.exe is not installed or it's not in your PATH. See README file for more information.
ac313c63f18e91c513128fa97bce32d6_jpg.rf.9c3baef20869e980564aa635f7fcdaf1.jpg,/kaggle/input/datasets/nagendra048/aadhar-dataset/train/images,Error: C:\Program Files\Tesseract-OCR\tesseract.exe is not installed or it's not in your PATH. See README file for more information.
images-9-_jpg.rf.2cd9aefb1927513fa9f04869cccc9e58.jpg,/kaggle/input/datasets/nagendra048/aadhar-dataset/train/images,Error: C:\Program Files\Tesseract-OCR\tesseract.exe is not installed or it's not in your PATH. See README file for more information.
46bad340b458a566dc6e2fd9cd2b1b33_jpg.rf.81484045af3c6dedd01d1917a72ad0ba.jpg,/kaggle/input/datasets/nagendra048/aadhar-dataset/train/images,Error: C:\Program Files\Tesseract-OCR\tesseract.exe is not installed or it's not in your PATH. See README file for more information.
images-18-_jpg.rf.f9d50d4d0e88b150662d730d97b6f708.jpg,/kaggle/input/datasets/nagendra048/aadhar-dataset/train/images,Error: C:\Program Files\Tesseract-OCR\tesseract.exe is not installed or it's not in your PATH. See README file for more information.
b0d100d4275f891c2fbc6d9d56dbd123_jpg.rf.a0a6ca253d57424156444635406fc4e7.jpg,/kaggle/input/datasets/nagendra048/aadhar-dataset/train/images,Error: C:\Program Files\Tesseract-OCR\tesseract.exe is not installed or it's not in your PATH. See README file for more information.
81eadb49cb7736c4e7460f318ebd5d29_jpg.rf.93c6a11195249339ddb79885d235331f.jpg,/kaggle/input/datasets/nagendra048/aadhar-dataset/train/images,Error: C:\Program Files\Tesseract-OCR\tesseract.exe is not installed or it's not in your PATH. See README file for more information.
thumb_jpg.rf.6b14c7bc3d8049efc6f0d4e752bd8bb8.jpg,/kaggle/input/datasets/nagendra048/aadhar-dataset/train/images,Error: C:\Program Files\Tesseract-OCR\tesseract.exe is not installed or it's not in your PATH. See README file for more information.
images-6-_jpg.rf.1cf53785f72beb69f3483338706d6458.jpg,/kaggle/input/datasets/nagendra048/aadhar-dataset/train/images,Error: C:\Program Files\Tesseract-OCR\tesseract.exe is not installed or it's not in your PATH. See README file for more information.
photos-11111778-16310969735991632_jpg.rf.dedf831c14ec35299636dfe4f241b821.jpg,/kaggle/input/datasets/nagendra048/aadhar-dataset/train/images,Error: C:\Program Files\Tesseract-OCR\tesseract.exe is not installed or it's not in your PATH. See README file for more information.
10121_jpg.rf.de1cdcabce09d21a0f75c38bc7a08a4a.jpg,/kaggle/input/datasets/nagendra048/aadhar-dataset/train/images,Error: C:\Program Files\Tesseract-OCR\tesseract.exe is not installed or it's not in your PATH. See README file for more information.
c9c6e3b130e3aed890884c240195ec9d_jpg.rf.92952909dc1ebe45f1d2feb52170779c.jpg,/kaggle/input/datasets/nagendra048/aadhar-dataset/train/images,Error: C:\Program Files\Tesseract-OCR\tesseract.exe is not installed or it's not in your PATH. See README file for more information.
ac6c7da416cbf07230d588741cbb2d99_jpg.rf.719d78059938bcdae26f8d72812eaad1.jpg,/kaggle/input/datasets/nagendra048/aadhar-dataset/train/images,Error: C:\Program Files\Tesseract-OCR\tesseract.exe is not installed or it's not in your PATH. See README file for more information.
ac313c63f18e91c513128fa97bce32d6_jpg.rf.f87ae9abcef1ccf3b87d1fcc95ff1a3c.jpg,/kaggle/input/datasets/nagendra048/aadhar-dataset/train/images,Error: C:\Program Files\Tesseract-OCR\tesseract.exe is not installed or it's not in your PATH. See README file for more information.
b9cc3312597d27a7d53152d949674eec_jpg.rf.43aafc20712d1a5db4f999c960785dd3.jpg,/kaggle/input/datasets/nagendra048/aadhar-dataset/train/images,Error: C:\Program Files\Tesseract-OCR\tesseract.exe is not installed or it's not in your PATH. See README file for more information.
1c89969c27b6f7ea57d47a74f579b5cc-2-_jpg.rf.1a2dc50604ee43695ea669479a1f1cf5.jpg,/kaggle/input/datasets/nagendra048/aadhar-dataset/train/images,Error: C:\Program Files\Tesseract-OCR\tesseract.exe is not installed or it's not in your PATH. See README file for more information.
447675edf75967ed3047d0ff28f280ac_jpg.rf.92663944102a473e6f6435c2c7958e85.jpg,/kaggle/input/datasets/nagendra048/aadhar-dataset/train/images,Error: C:\Program Files\Tesseract-OCR\tesseract.exe is not installed or it's not in your PATH. See README file for more information.
Ee-U7_SVAAIKkKh_jpg.rf.6761552cad9d3e7ea4ffe8dfca9685c0.jpg,/kaggle/input/datasets/nagendra048/aadhar-dataset/train/images,Error: C:\Program Files\Tesseract-OCR\tesseract.exe is not installed or it's not in your PATH. See README file for more information.
6cc303eb6be78797fd871ec8cad3a65d_jpg.rf.07fe4be5094e8b67e2f2d99ac211077a.jpg,/kaggle/input/datasets/nagendra048/aadhar-dataset/train/images,Error: C:\Program Files\Tesseract-OCR\tesseract.exe is not installed or it's not in your PATH. See README file for more information.
images-10-_jpg.rf.2cae4c6b1a80b3a7d0780c42509f4653.jpg,/kaggle/input/datasets/nagendra048/aadhar-dataset/train/images,Error: C:\Program Files\Tesseract-OCR\tesseract.exe is not installed or it's not in your PATH. See README file for more information.
10162_jpg.rf.51439374faaab51ed1429a5e0bfa0289.jpg,/kaggle/input/datasets/nagendra048/aadhar-dataset/train/images,Error: C:\Program Files\Tesseract-OCR\tesseract.exe is not installed or it's not in your PATH. See README file for more information.
images-3-_jpg.rf.21615751eeddde815489379dc7e08519.jpg,/kaggle/input/datasets/nagendra048/aadhar-dataset/train/images,Error: C:\Program Files\Tesseract-OCR\tesseract.exe is not installed or it's not in your PATH. See README file for more information.
8988c5603729dd48f76f59d6f3c6148e_jpg.rf.e14f86cf5c947fc2432f412bba949691.jpg,/kaggle/input/datasets/nagendra048/aadhar-dataset/train/images,Error: C:\Program Files\Tesseract-OCR\tesseract.exe is not installed or it's not in your PATH. See README file for more information.
2b923b9c9b526e45022e18d0493946ba-1-_jpg.rf.c857110b9bdbbd79ad4d78c9a41ea75e.jpg,/kaggle/input/datasets/nagendra048/aadhar-dataset/train/images,Error: C:\Program Files\Tesseract-OCR\tesseract.exe is not installed or it's not in your PATH. See README file for more information.
EFdEgzrUYAMutNm_jpg.rf.d4a03f56f732f29da574d61b4fc01b4c.jpg,/kaggle/input/datasets/nagendra048/aadhar-dataset/train/images,Error: C:\Program Files\Tesseract-OCR\tesseract.exe is not installed or it's not in your PATH. See README file for more information.
ff71c3cd26d34f1340a3f410f6e03a3f_jpg.rf.4d7b1e41007d22537689bfa500be1ac7.jpg,/kaggle/input/datasets/nagendra048/aadhar-dataset/train/images,Error: C:\Program Files\Tesseract-OCR\tesseract.exe is not installed or it's not in your PATH. See README file for more information.
ac6c7da416cbf07230d588741cbb2d99_jpg.rf.69725a1cc31bad8eb614ceca61a0851c.jpg,/kaggle/input/datasets/nagendra048/aadhar-dataset/train/images,Error: C:\Program Files\Tesseract-OCR\tesseract.exe is not installed or it's not in your PATH. See README file for more information.
thumb_jpg.rf.f35f74e5f586299d5d70cab13072ce18.jpg,/kaggle/input/datasets/nagendra048/aadhar-dataset/train/images,Error: C:\Program Files\Tesseract-OCR\tesseract.exe is not installed or it's not in your PATH. See README file for more information.
c5bc89c6e9cede0ff4d07085c5ce2488-1-_jpg.rf.c9c0e3bcb4d1681befbf2b3407549afb.jpg,/kaggle/input/datasets/nagendra048/aadhar-dataset/train/images,Error: C:\Program Files\Tesseract-OCR\tesseract.exe is not installed or it's not in your PATH. See README file for more information.
23752a535ecca255d677464b5a7a24f4_jpg.rf.54a81519f98a8d3a5f88e18516f4350c.jpg,/kaggle/input/datasets/nagendra048/aadhar-dataset/train/images,Error: C:\Program Files\Tesseract-OCR\tesseract.exe is not installed or it's not in your PATH. See README file for more information.
1b26b406ad9485c98cd496bc371db57f_jpg.rf.7148988a31ed3e1b11ee897ed707486d.jpg,/kaggle/input/datasets/nagendra048/aadhar-dataset/train/images,Error: C:\Program Files\Tesseract-OCR\tesseract.exe is not installed or it's not in your PATH. See README file for more information.
10115_jpg.rf.0dbe8ecb0b3e7cc967535604c3f5e6cf.jpg,/kaggle/input/datasets/nagendra048/aadhar-dataset/train/images,Error: C:\Program Files\Tesseract-OCR\tesseract.exe is not installed or it's not in your PATH. See README file for more information.
2bfd2f150b31581bac34445b5c49dd26_jpg.rf.6f8b56f7d74e7659b327fd7d62b28e32.jpg,/kaggle/input/datasets/nagendra048/aadhar-dataset/train/images,Error: C:\Program Files\Tesseract-OCR\tesseract.exe is not installed or it's not in your PATH. See README file for more information.
8988c5603729dd48f76f59d6f3c6148e_jpg.rf.81c827989cffc5a4023dd472bec89ee4.jpg,/kaggle/input/datasets/nagendra048/aadhar-dataset/train/images,Error: C:\Program Files\Tesseract-OCR\tesseract.exe is not installed or it's not in your PATH. See README file for more information.
35c4f8abcda3c0e3fe13b2435deaaff4_jpg.rf.0786ec7a85834655eaa2d0984d410b99.jpg,/kaggle/input/datasets/nagendra048/aadhar-dataset/train/images,Error: C:\Program Files\Tesseract-OCR\tesseract.exe is not installed or it's not in your PATH. See README file for more information.
images-15-_jpg.rf.76c74c9ea818a9f4550d9745689c5c8f.jpg,/kaggle/input/datasets/nagendra048/aadhar-dataset/train/images,Error: C:\Program Files\Tesseract-OCR\tesseract.exe is not installed or it's not in your PATH. See README file for more information.
c5cad996e165b070b99d2b76cdfb39dc_jpg.rf.43e397f5c8511d979d1d2021a538e5f5.jpg,/kaggle/input/datasets/nagendra048/aadhar-dataset/train/images,Error: C:\Program Files\Tesseract-OCR\tesseract.exe is not installed or it's not in your PATH. See README file for more information.
images-1-_jpg.rf.d9ef608cc364b4f9116b6680a261c9ed.jpg,/kaggle/input/datasets/nagendra048/aadhar-dataset/train/images,Error: C:\Program Files\Tesseract-OCR\tesseract.exe is not installed or it's not in your PATH. See README file for more information.
download_jpg.rf.5d1fb031feb5d0c4d80b17c647e255e6.jpg,/kaggle/input/datasets/nagendra048/aadhar-dataset/train/images,Error: C:\Program Files\Tesseract-OCR\tesseract.exe is not installed or it's not in your PATH. See README file for more information.
97d297f8384d0e9b857e3ebc0bd31dcd_jpg.rf.5841f1caf6dafa012b5240264a25269f.jpg,/kaggle/input/datasets/nagendra048/aadhar-dataset/train/images,Error: C:\Program Files\Tesseract-OCR\tesseract.exe is not installed or it's not in your PATH. See README file for more information.
368a4dd1224bf4d35aa30fc7b61d32d2-1-_jpg.rf.905aa3fa41e8a623830149884734847d.jpg,/kaggle/input/datasets/nagendra048/aadhar-dataset/train/images,Error: C:\Program Files\Tesseract-OCR\tesseract.exe is not installed or it's not in your PATH. See README file for more information.
img_1628671278092_474_jpg.rf.0907e6e58091bee68857bb0cd8391c3f.jpg,/kaggle/input/datasets/nagendra048/aadhar-dataset/train/images,Error: C:\Program Files\Tesseract-OCR\tesseract.exe is not installed or it's not in your PATH. See README file for more information.
6faf8790a38b5e6a7d9e3347ba84a24f_jpg.rf.2890ca148ea7a18178e31a153e8198de.jpg,/kaggle/input/datasets/nagendra048/aadhar-dataset/train/images,Error: C:\Program Files\Tesseract-OCR\tesseract.exe is not installed or it's not in your PATH. See README file for more information.
82a73cb534ca5805e7136e48059e7000_jpg.rf.35b2451da0ac5c6cef16b9bfb9c3b179.jpg,/kaggle/input/datasets/nagendra048/aadhar-dataset/train/images,Error: C:\Program Files\Tesseract-OCR\tesseract.exe is not installed or it's not in your PATH. See README file for more information.
c69b7f40144bf1cd4051251754af93ed_jpg.rf.9cdfae7c94f74bcce817d85e9e60f56a.jpg,/kaggle/input/datasets/nagendra048/aadhar-dataset/train/images,Error: C:\Program Files\Tesseract-OCR\tesseract.exe is not installed or it's not in your PATH. See README file for more information.
cfd6db78024aa90c6166e6873945fa56_jpg.rf.bc5ea9683426bd9d3a5314e592f84456.jpg,/kaggle/input/datasets/nagendra048/aadhar-dataset/train/images,Error: C:\Program Files\Tesseract-OCR\tesseract.exe is not installed or it's not in your PATH. See README file for more information.
06a0686f91bed47d1f4873e4d104442c_jpg.rf.3584affd17f0ebec410b3cd7cf91e9cf.jpg,/kaggle/input/datasets/nagendra048/aadhar-dataset/train/images,Error: C:\Program Files\Tesseract-OCR\tesseract.exe is not installed or it's not in your PATH. See README file for more information.
meerut-news_1591527061_jpg.rf.7f9378e4f0bddcd6283093cc6a9335e4.jpg,/kaggle/input/datasets/nagendra048/aadhar-dataset/train/images,Error: C:\Program Files\Tesseract-OCR\tesseract.exe is not installed or it's not in your PATH. See README file for more information.
10083_jpg.rf.3797d42502fde114555d7e622cc4f70a.jpg,/kaggle/input/datasets/nagendra048/aadhar-dataset/train/images,Error: C:\Program Files\Tesseract-OCR\tesseract.exe is not installed or it's not in your PATH. See README file for more information.
6cc303eb6be78797fd871ec8cad3a65d_jpg.rf.629889019d71f5b1140cd888d20e7629.jpg,/kaggle/input/datasets/nagendra048/aadhar-dataset/train/images,Error: C:\Program Files\Tesseract-OCR\tesseract.exe is not installed or it's not in your PATH. See README file for more information.
c709629e7d00468f6c112daa8ca6c9e8_jpg.rf.906451aee544dde5b8a6e4ba7f432aa6.jpg,/kaggle/input/datasets/nagendra048/aadhar-dataset/train/images,Error: C:\Program Files\Tesseract-OCR\tesseract.exe is not installed or it's not in your PATH. See README file for more information.
images-14-_jpg.rf.b262371139172a99c2f8d26c0d613962.jpg,/kaggle/input/datasets/nagendra048/aadhar-dataset/train/images,Error: C:\Program Files\Tesseract-OCR\tesseract.exe is not installed or it's not in your PATH. See README file for more information.
ff71c3cd26d34f1340a3f410f6e03a3f_jpg.rf.e4921190f9cb8073ca7220d5ebaa16df.jpg,/kaggle/input/datasets/nagendra048/aadhar-dataset/train/images,Error: C:\Program Files\Tesseract-OCR\tesseract.exe is not installed or it's not in your PATH. See README file for more information.
aad43_jpg.rf.70a617ad24020135ca5adb41bf4431f3.jpg,/kaggle/input/datasets/nagendra048/aadhar-dataset/train/images,Error: C:\Program Files\Tesseract-OCR\tesseract.exe is not installed or it's not in your PATH. See README file for more information.
49fa3bcf36cda2851f2d12adc5f9f6db-1-_jpg.rf.c155aac36c4bc1ec13455cd4de7a0778.jpg,/kaggle/input/datasets/nagendra048/aadhar-dataset/train/images,Error: C:\Program Files\Tesseract-OCR\tesseract.exe is not installed or it's not in your PATH. See README file for more information.
dd73e0797834fecca12c450729c37fef_jpg.rf.3a8295b6d9e591d63be802f9d34d15c8.jpg,/kaggle/input/datasets/nagendra048/aadhar-dataset/train/images,Error: C:\Program Files\Tesseract-OCR\tesseract.exe is not installed or it's not in your PATH. See README file for more information.
dd73e0797834fecca12c450729c37fef_jpg.rf.57edefe534063900763a807dbe9d0cbc.jpg,/kaggle/input/datasets/nagendra048/aadhar-dataset/train/images,Error: C:\Program Files\Tesseract-OCR\tesseract.exe is not installed or it's not in your PATH. See README file for more information.
dwRqcW6_jpg.rf.ff1ba01ed6b2086f7683c99aef424e9e.jpg,/kaggle/input/datasets/nagendra048/aadhar-dataset/train/images,Error: C:\Program Files\Tesseract-OCR\tesseract.exe is not installed or it's not in your PATH. See README file for more information.
35c4f8abcda3c0e3fe13b2435deaaff4_jpg.rf.90033e5615a505400ef4893db9759053.jpg,/kaggle/input/datasets/nagendra048/aadhar-dataset/train/images,Error: C:\Program Files\Tesseract-OCR\tesseract.exe is not installed or it's not in your PATH. See README file for more information.
images-14-_jpg.rf.adaaf1c068bef00bead296e7e7e0d22e.jpg,/kaggle/input/datasets/nagendra048/aadhar-dataset/train/images,Error: C:\Program Files\Tesseract-OCR\tesseract.exe is not installed or it's not in your PATH. See README file for more information.
14171f7e3e906f9bb9cbee0e44b183ab-1-_jpg.rf.7e886cc2bf7754d7d804252b18735e96.jpg,/kaggle/input/datasets/nagendra048/aadhar-dataset/train/images,Error: C:\Program Files\Tesseract-OCR\tesseract.exe is not installed or it's not in your PATH. See README file for more information.
78ebbaace416b45c0b552a5a3de7b1a7_jpg.rf.f4db6e1bc50029f69e6267f1b7d2c35e.jpg,/kaggle/input/datasets/nagendra048/aadhar-dataset/train/images,Error: C:\Program Files\Tesseract-OCR\tesseract.exe is not installed or it's not in your PATH. See README file for more information.
photos-11111778-16310969735991632_jpg.rf.20e1c8c6947da11599d904a5a4ea4be2.jpg,/kaggle/input/datasets/nagendra048/aadhar-dataset/train/images,Error: C:\Program Files\Tesseract-OCR\tesseract.exe is not installed or it's not in your PATH. See README file for more information.
images-4-_jpg.rf.122f293a51a13e898e5c1c81b4a50736.jpg,/kaggle/input/datasets/nagendra048/aadhar-dataset/train/images,Error: C:\Program Files\Tesseract-OCR\tesseract.exe is not installed or it's not in your PATH. See README file for more information.
sp-42095176-5v4rgi-thumbnail_jpg.rf.d7239290b5322de1e2d1998ad6bf731d.jpg,/kaggle/input/datasets/nagendra048/aadhar-dataset/train/images,Error: C:\Program Files\Tesseract-OCR\tesseract.exe is not installed or it's not in your PATH. See README file for more information.
c5bc89c6e9cede0ff4d07085c5ce2488-1-_jpg.rf.95a40ac4779498e23852d183e6899898.jpg,/kaggle/input/datasets/nagendra048/aadhar-dataset/train/images,Error: C:\Program Files\Tesseract-OCR\tesseract.exe is not installed or it's not in your PATH. See README file for more information.
Adhar_Card_jpg.rf.1f67964e4f663e4baacf1405ba074aa6.jpg,/kaggle/input/datasets/nagendra048/aadhar-dataset/train/images,Error: C:\Program Files\Tesseract-OCR\tesseract.exe is not installed or it's not in your PATH. See README file for more information.
images-18-_jpg.rf.a1dfea0222504bdf7a0641b84d2eb4e9.jpg,/kaggle/input/datasets/nagendra048/aadhar-dataset/train/images,Error: C:\Program Files\Tesseract-OCR\tesseract.exe is not installed or it's not in your PATH. See README file for more information.
images-18-_jpg.rf.a4defa8552555e693a0cf37cc68f6838.jpg,/kaggle/input/datasets/nagendra048/aadhar-dataset/train/images,Error: C:\Program Files\Tesseract-OCR\tesseract.exe is not installed or it's not in your PATH. See README file for more information.
images-5-_jpg.rf.73eb73d918f23243369da411891b499b.jpg,/kaggle/input/datasets/nagendra048/aadhar-dataset/train/images,Error: C:\Program Files\Tesseract-OCR\tesseract.exe is not installed or it's not in your PATH. See README file for more information.
a1e3125efaa4eebd8efc907ae48b69a1_jpg.rf.fa5a6e552a3f946ac7a303e75b1671f3.jpg,/kaggle/input/datasets/nagendra048/aadhar-dataset/train/images,Error: C:\Program Files\Tesseract-OCR\tesseract.exe is not installed or it's not in your PATH. See README file for more information.
6cc303eb6be78797fd871ec8cad3a65d_jpg.rf.993b51013927bd838f9ab6b433e2675f.jpg,/kaggle/input/datasets/nagendra048/aadhar-dataset/train/images,Error: C:\Program Files\Tesseract-OCR\tesseract.exe is not installed or it's not in your PATH. See README file for more information.
c69b7f40144bf1cd4051251754af93ed_jpg.rf.e606e1dd145ccee8358d9acb6e4c00f7.jpg,/kaggle/input/datasets/nagendra048/aadhar-dataset/train/images,Error: C:\Program Files\Tesseract-OCR\tesseract.exe is not installed or it's not in your PATH. See README file for more information.
c86a0da801ae2e586164e814b43de3c9_jpg.rf.0d24b92733063e5e6f73e34613d2b4aa.jpg,/kaggle/input/datasets/nagendra048/aadhar-dataset/train/images,Error: C:\Program Files\Tesseract-OCR\tesseract.exe is not installed or it's not in your PATH. See README file for more information.
c9c6e3b130e3aed890884c240195ec9d_jpg.rf.59adb0e991a1ff3c85ded86e3559fd8e.jpg,/kaggle/input/datasets/nagendra048/aadhar-dataset/train/images,Error: C:\Program Files\Tesseract-OCR\tesseract.exe is not installed or it's not in your PATH. See README file for more information.
46804894d63fe5b3fea2582cfa7657c7-1-_jpg.rf.6095cf5dd86fac6f62ef824f0dd93316.jpg,/kaggle/input/datasets/nagendra048/aadhar-dataset/train/images,Error: C:\Program Files\Tesseract-OCR\tesseract.exe is not installed or it's not in your PATH. See README file for more information.
49fa3bcf36cda2851f2d12adc5f9f6db-1-_jpg.rf.6e92ac98cc0321019cc552a3fa91e6f0.jpg,/kaggle/input/datasets/nagendra048/aadhar-dataset/train/images,Error: C:\Program Files\Tesseract-OCR\tesseract.exe is not installed or it's not in your PATH. See README file for more information.
sp-42095176-5v4rgi-thumbnail_jpg.rf.4ac4a178ff30ea1fa580b38f06b038d4.jpg,/kaggle/input/datasets/nagendra048/aadhar-dataset/train/images,Error: C:\Program Files\Tesseract-OCR\tesseract.exe is not installed or it's not in your PATH. See README file for more information.
download_jpg.rf.f0411d122f3387e30a1447f026e12208.jpg,/kaggle/input/datasets/nagendra048/aadhar-dataset/train/images,Error: C:\Program Files\Tesseract-OCR\tesseract.exe is not installed or it's not in your PATH. See README file for more information.
8455878ee3f6d5bf35580169888b3fb6_jpg.rf.8d757d0b1a9282ac96ae50aa2d277cf0.jpg,/kaggle/input/datasets/nagendra048/aadhar-dataset/train/images,Error: C:\Program Files\Tesseract-OCR\tesseract.exe is not installed or it's not in your PATH. See README file for more information.
cfd6db78024aa90c6166e6873945fa56_jpg.rf.6a8cdd714c55b049de40cfda66e9536f.jpg,/kaggle/input/datasets/nagendra048/aadhar-dataset/train/images,Error: C:\Program Files\Tesseract-OCR\tesseract.exe is not installed or it's not in your PATH. See README file for more information.
d9c5c2aa49da5daf5ab4a18dd030726c_jpg.rf.6d8d1a9d6720380185ec4c7fc741c716.jpg,/kaggle/input/datasets/nagendra048/aadhar-dataset/train/images,Error: C:\Program Files\Tesseract-OCR\tesseract.exe is not installed or it's not in your PATH. See README file for more information.
8c7dab60c3bdf9f210aaaca1a87c78de_jpg.rf.2856561f90c5c96903d4f6e2bad623ca.jpg,/kaggle/input/datasets/nagendra048/aadhar-dataset/train/images,Error: C:\Program Files\Tesseract-OCR\tesseract.exe is not installed or it's not in your PATH. See README file for more information.
images-5-_jpg.rf.372b2ecefea246c811c92653bf63295d.jpg,/kaggle/input/datasets/nagendra048/aadhar-dataset/train/images,Error: C:\Program Files\Tesseract-OCR\tesseract.exe is not installed or it's not in your PATH. See README file for more information.
banner_jpg.rf.441149b8f3117a89c4379d560a9404f0.jpg,/kaggle/input/datasets/nagendra048/aadhar-dataset/train/images,Error: C:\Program Files\Tesseract-OCR\tesseract.exe is not installed or it's not in your PATH. See README file for more information.
102_509409293_jpg.rf.63ad505cfdd4581b4f82e17b7d6e0d90.jpg,/kaggle/input/datasets/nagendra048/aadhar-dataset/train/images,Error: C:\Program Files\Tesseract-OCR\tesseract.exe is not installed or it's not in your PATH. See README file for more information.
5a9f2c8658426f9b1b17bfa65ef0d62c_jpg.rf.29f1109db5ecfeac03229ddaa78a6bf3.jpg,/kaggle/input/datasets/nagendra048/aadhar-dataset/train/images,Error: C:\Program Files\Tesseract-OCR\tesseract.exe is not installed or it's not in your PATH. See README file for more information.
15702284b04c27864e819ad89483b80d_jpg.rf.efb8dc9803ada53aac526f06f7089a43.jpg,/kaggle/input/datasets/nagendra048/aadhar-dataset/train/images,Error: C:\Program Files\Tesseract-OCR\tesseract.exe is not installed or it's not in your PATH. See README file for more information.
photos-11111778-16310969735991632_jpg.rf.fd348956b90e19efbf4353d703f1832f.jpg,/kaggle/input/datasets/nagendra048/aadhar-dataset/train/images,Error: C:\Program Files\Tesseract-OCR\tesseract.exe is not installed or it's not in your PATH. See README file for more information.
25305fe9d4d92e3899f5fbcab86fb2c7_jpg.rf.6d9d56d5355e2fb605837dc8e663d295.jpg,/kaggle/input/datasets/nagendra048/aadhar-dataset/train/images,Error: C:\Program Files\Tesseract-OCR\tesseract.exe is not installed or it's not in your PATH. See README file for more information.
b71fb182905bbdeea99549bff81f9c22_jpg.rf.d861e50640c7bf85ea565502d9bcbc06.jpg,/kaggle/input/datasets/nagendra048/aadhar-dataset/train/images,Error: C:\Program Files\Tesseract-OCR\tesseract.exe is not installed or it's not in your PATH. See README file for more information.
images-16-_jpg.rf.56d4bd4275d786805f231aa214820a8a.jpg,/kaggle/input/datasets/nagendra048/aadhar-dataset/train/images,Error: C:\Program Files\Tesseract-OCR\tesseract.exe is not installed or it's not in your PATH. See README file for more information.
images-6-_jpg.rf.070687cc707ad2b36dbf1268c98e3de4.jpg,/kaggle/input/datasets/nagendra048/aadhar-dataset/train/images,Error: C:\Program Files\Tesseract-OCR\tesseract.exe is not installed or it's not in your PATH. See README file for more information.
c7d12dabedb1da10342b91dea665a917_jpg.rf.39ad3ef109de489adb39c4e524805835.jpg,/kaggle/input/datasets/nagendra048/aadhar-dataset/train/images,Error: C:\Program Files\Tesseract-OCR\tesseract.exe is not installed or it's not in your PATH. See README file for more information.
a1e3125efaa4eebd8efc907ae48b69a1_jpg.rf.f842f23dd2d557d9d3ed3b92e8a7ef29.jpg,/kaggle/input/datasets/nagendra048/aadhar-dataset/train/images,Error: C:\Program Files\Tesseract-OCR\tesseract.exe is not installed or it's not in your PATH. See README file for more information.
b2487cba906731d63c4ca7884bd1a2f0_jpg.rf.6e1d5b3a4a7309f74cf6dc59c3a06a62.jpg,/kaggle/input/datasets/nagendra048/aadhar-dataset/train/images,Error: C:\Program Files\Tesseract-OCR\tesseract.exe is not installed or it's not in your PATH. See README file for more information.
pvc_adhar-card-600x600_jpg.rf.8fb48542fe7dc788b6c444343c579118.jpg,/kaggle/input/datasets/nagendra048/aadhar-dataset/train/images,Error: C:\Program Files\Tesseract-OCR\tesseract.exe is not installed or it's not in your PATH. See README file for more information.
b0d100d4275f891c2fbc6d9d56dbd123_jpg.rf.174ab024308de96993049cbad2ae247d.jpg,/kaggle/input/datasets/nagendra048/aadhar-dataset/train/images,Error: C:\Program Files\Tesseract-OCR\tesseract.exe is not installed or it's not in your PATH. See README file for more information.
46804894d63fe5b3fea2582cfa7657c7-1-_jpg.rf.ffc40c12a9676adb14e109f4911b2594.jpg,/kaggle/input/datasets/nagendra048/aadhar-dataset/train/images,Error: C:\Program Files\Tesseract-OCR\tesseract.exe is not installed or it's not in your PATH. See README file for more information.
46804894d63fe5b3fea2582cfa7657c7-1-_jpg.rf.9f7ba7dda9d7bfa78de788d937c5aecd.jpg,/kaggle/input/datasets/nagendra048/aadhar-dataset/train/images,Error: C:\Program Files\Tesseract-OCR\tesseract.exe is not installed or it's not in your PATH. See README file for more information.
46804894d63fe5b3fea2582cfa7657c7-1-_jpg.rf.c990fd3528715d6eae47c684de257a0c.jpg,/kaggle/input/datasets/nagendra048/aadhar-dataset/train/images,Error: C:\Program Files\Tesseract-OCR\tesseract.exe is not installed or it's not in your PATH. See README file for more information.
5a9f2c8658426f9b1b17bfa65ef0d62c_jpg.rf.5ff034cc26e33a2adf68e7221ef6dd56.jpg,/kaggle/input/datasets/nagendra048/aadhar-dataset/train/images,Error: C:\Program Files\Tesseract-OCR\tesseract.exe is not installed or it's not in your PATH. See README file for more information.
images-11-_jpg.rf.67470cdf2edd08e68b4ecd20e38c95c3.jpg,/kaggle/input/datasets/nagendra048/aadhar-dataset/train/images,Error: C:\Program Files\Tesseract-OCR\tesseract.exe is not installed or it's not in your PATH. See README file for more information.
82a73cb534ca5805e7136e48059e7000_jpg.rf.f9e9b1930ae13043dbd6f1fd90eb7154.jpg,/kaggle/input/datasets/nagendra048/aadhar-dataset/train/images,Error: C:\Program Files\Tesseract-OCR\tesseract.exe is not installed or it's not in your PATH. See README file for more information.
2b923b9c9b526e45022e18d0493946ba-1-_jpg.rf.5e066d7aef07290373cc74f8bec3cc62.jpg,/kaggle/input/datasets/nagendra048/aadhar-dataset/train/images,Error: C:\Program Files\Tesseract-OCR\tesseract.exe is not installed or it's not in your PATH. See README file for more information.
c5cad996e165b070b99d2b76cdfb39dc_jpg.rf.941e336ddb3c69b9e52d8da57f9a5321.jpg,/kaggle/input/datasets/nagendra048/aadhar-dataset/train/images,Error: C:\Program Files\Tesseract-OCR\tesseract.exe is not installed or it's not in your PATH. See README file for more information.
2bfd2f150b31581bac34445b5c49dd26_jpg.rf.10f7d348563feaa9357754afcb92b633.jpg,/kaggle/input/datasets/nagendra048/aadhar-dataset/train/images,Error: C:\Program Files\Tesseract-OCR\tesseract.exe is not installed or it's not in your PATH. See README file for more information.
2b923b9c9b526e45022e18d0493946ba_jpg.rf.f05a15fbf2f2090d1487e2f19e8fa169.jpg,/kaggle/input/datasets/nagendra048/aadhar-dataset/train/images,Error: C:\Program Files\Tesseract-OCR\tesseract.exe is not installed or it's not in your PATH. See README file for more information.
aad43_jpg.rf.8881e72be988e5b464e1ed64a56e15c8.jpg,/kaggle/input/datasets/nagendra048/aadhar-dataset/train/images,Error: C:\Program Files\Tesseract-OCR\tesseract.exe is not installed or it's not in your PATH. See README file for more information.
94fc829f3e5abeea915fd790fba1ca4f_jpg.rf.1361723f28d9c6f61eb4730139406824.jpg,/kaggle/input/datasets/nagendra048/aadhar-dataset/train/images,Error: C:\Program Files\Tesseract-OCR\tesseract.exe is not installed or it's not in your PATH. See README file for more information.
97d297f8384d0e9b857e3ebc0bd31dcd_jpg.rf.d1849ec459848613281c6512a45d10bc.jpg,/kaggle/input/datasets/nagendra048/aadhar-dataset/train/images,Error: C:\Program Files\Tesseract-OCR\tesseract.exe is not installed or it's not in your PATH. See README file for more information.
8455878ee3f6d5bf35580169888b3fb6_jpg.rf.68cdd327ef36c066c9feefdc95f6596d.jpg,/kaggle/input/datasets/nagendra048/aadhar-dataset/train/images,Error: C:\Program Files\Tesseract-OCR\tesseract.exe is not installed or it's not in your PATH. See README file for more information.
e46c99152bf3cfd347cc7ba27eb6ecd2_jpg.rf.a4ff22f57defcdacb840dfebde2c7b16.jpg,/kaggle/input/datasets/nagendra048/aadhar-dataset/train/images,Error: C:\Program Files\Tesseract-OCR\tesseract.exe is not installed or it's not in your PATH. See README file for more information.
368a4dd1224bf4d35aa30fc7b61d32d2-1-_jpg.rf.3dfdac649358f9cfc35503f0c7e51897.jpg,/kaggle/input/datasets/nagendra048/aadhar-dataset/train/images,Error: C:\Program Files\Tesseract-OCR\tesseract.exe is not installed or it's not in your PATH. See README file for more information.
images-12-_jpg.rf.8f8c634481558f5c2dbdb0b26d65665c.jpg,/kaggle/input/datasets/nagendra048/aadhar-dataset/train/images,Error: C:\Program Files\Tesseract-OCR\tesseract.exe is not installed or it's not in your PATH. See README file for more information.
44ca6539da21ea839134cf0e39ff6e37_jpg.rf.8beb473bf65dece62a32939729aeffe2.jpg,/kaggle/input/datasets/nagendra048/aadhar-dataset/train/images,Error: C:\Program Files\Tesseract-OCR\tesseract.exe is not installed or it's not in your PATH. See README file for more information.
1c89969c27b6f7ea57d47a74f579b5cc-1-_jpg.rf.db8c10d4cb6f37b1caf9115cafcfee94.jpg,/kaggle/input/datasets/nagendra048/aadhar-dataset/train/images,Error: C:\Program Files\Tesseract-OCR\tesseract.exe is not installed or it's not in your PATH. See README file for more information.
35c4f8abcda3c0e3fe13b2435deaaff4_jpg.rf.71ac9d00711bca5b1c58c2be538d54e5.jpg,/kaggle/input/datasets/nagendra048/aadhar-dataset/train/images,Error: C:\Program Files\Tesseract-OCR\tesseract.exe is not installed or it's not in your PATH. See README file for more information.
images-16-_jpg.rf.d3095dcab221b00f61b45bcab3f01734.jpg,/kaggle/input/datasets/nagendra048/aadhar-dataset/train/images,Error: C:\Program Files\Tesseract-OCR\tesseract.exe is not installed or it's not in your PATH. See README file for more information.
0e0a5204f238d9c743ae456a8dc6529a_jpg.rf.36d01cef8eac8d5d797c096be4fc86f3.jpg,/kaggle/input/datasets/nagendra048/aadhar-dataset/train/images,Error: C:\Program Files\Tesseract-OCR\tesseract.exe is not installed or it's not in your PATH. See README file for more information.
c06a8a5d5214f4545a91b5c35eb7aa43_jpg.rf.4ca46c303ed6fcfafa1fcbdedd2f2a5f.jpg,/kaggle/input/datasets/nagendra048/aadhar-dataset/train/images,Error: C:\Program Files\Tesseract-OCR\tesseract.exe is not installed or it's not in your PATH. See README file for more information.
images-6-_jpg.rf.0beca116e7d86cd888ac3c2dacf6ea8b.jpg,/kaggle/input/datasets/nagendra048/aadhar-dataset/train/images,Error: C:\Program Files\Tesseract-OCR\tesseract.exe is not installed or it's not in your PATH. See README file for more information.
0d4c873ace54e82fb49c451a9bdc6d24_jpg.rf.d9febdd62c9ec9d2625d470fb1a3af74.jpg,/kaggle/input/datasets/nagendra048/aadhar-dataset/train/images,Error: C:\Program Files\Tesseract-OCR\tesseract.exe is not installed or it's not in your PATH. See README file for more information.
pvc_adhar-card-600x600_jpg.rf.34c06fc50ad3478cf25da933c2c43a98.jpg,/kaggle/input/datasets/nagendra048/aadhar-dataset/train/images,Error: C:\Program Files\Tesseract-OCR\tesseract.exe is not installed or it's not in your PATH. See README file for more information.
images-1-_jpg.rf.a98a3ddcaa0283f5a000895de3533029.jpg,/kaggle/input/datasets/nagendra048/aadhar-dataset/train/images,Error: C:\Program Files\Tesseract-OCR\tesseract.exe is not installed or it's not in your PATH. See README file for more information.
0521_adhar_jpg.rf.c9cc2da0f2921433e3a6624237b93817.jpg,/kaggle/input/datasets/nagendra048/aadhar-dataset/train/images,Error: C:\Program Files\Tesseract-OCR\tesseract.exe is not installed or it's not in your PATH. See README file for more information.
5a9f2c8658426f9b1b17bfa65ef0d62c_jpg.rf.6d4603efc851e7ce13de5e1bbd0d17d0.jpg,/kaggle/input/datasets/nagendra048/aadhar-dataset/train/images,Error: C:\Program Files\Tesseract-OCR\tesseract.exe is not installed or it's not in your PATH. See README file for more information.
d9c5c2aa49da5daf5ab4a18dd030726c_jpg.rf.f4eedf798e600e2f90dda91f8d13d6c1.jpg,/kaggle/input/datasets/nagendra048/aadhar-dataset/train/images,Error: C:\Program Files\Tesseract-OCR\tesseract.exe is not installed or it's not in your PATH. See README file for more information.
58a8a1d7cf82feffbc75786afbe700ad_jpg.rf.cf615be490502effd2124c1e50e7f9e5.jpg,/kaggle/input/datasets/nagendra048/aadhar-dataset/train/images,Error: C:\Program Files\Tesseract-OCR\tesseract.exe is not installed or it's not in your PATH. See README file for more information.
a1e3125efaa4eebd8efc907ae48b69a1-2-_jpg.rf.74b03ad0b05b8595e7247257f11a5379.jpg,/kaggle/input/datasets/nagendra048/aadhar-dataset/train/images,Error: C:\Program Files\Tesseract-OCR\tesseract.exe is not installed or it's not in your PATH. See README file for more information.
25305fe9d4d92e3899f5fbcab86fb2c7_jpg.rf.59f29df03d8043850aa264bb3c9e880a.jpg,/kaggle/input/datasets/nagendra048/aadhar-dataset/train/images,Error: C:\Program Files\Tesseract-OCR\tesseract.exe is not installed or it's not in your PATH. See README file for more information.
ff71c3cd26d34f1340a3f410f6e03a3f_jpg.rf.5c7d67afa887af476b51598e0bc6a110.jpg,/kaggle/input/datasets/nagendra048/aadhar-dataset/train/images,Error: C:\Program Files\Tesseract-OCR\tesseract.exe is not installed or it's not in your PATH. See README file for more information.
8988c5603729dd48f76f59d6f3c6148e_jpg.rf.7d3bd8a39737ce688f4f147bb94878cb.jpg,/kaggle/input/datasets/nagendra048/aadhar-dataset/train/images,Error: C:\Program Files\Tesseract-OCR\tesseract.exe is not installed or it's not in your PATH. See README file for more information.
a1e3125efaa4eebd8efc907ae48b69a1-2-_jpg.rf.0bd598e821cd5128e63a62fef4d64f24.jpg,/kaggle/input/datasets/nagendra048/aadhar-dataset/train/images,Error: C:\Program Files\Tesseract-OCR\tesseract.exe is not installed or it's not in your PATH. See README file for more information.
8c7dab60c3bdf9f210aaaca1a87c78de_jpg.rf.5782c7ca53429e9b3fd50b600d5bae3e.jpg,/kaggle/input/datasets/nagendra048/aadhar-dataset/train/images,Error: C:\Program Files\Tesseract-OCR\tesseract.exe is not installed or it's not in your PATH. See README file for more information.
b71fb182905bbdeea99549bff81f9c22_jpg.rf.a6895fb3e05a0d5288fd9b2ad6aba2ff.jpg,/kaggle/input/datasets/nagendra048/aadhar-dataset/train/images,Error: C:\Program Files\Tesseract-OCR\tesseract.exe is not installed or it's not in your PATH. See README file for more information.
06a0686f91bed47d1f4873e4d104442c_jpg.rf.6821ed2444761a0ed69f74fc6f99143f.jpg,/kaggle/input/datasets/nagendra048/aadhar-dataset/train/images,Error: C:\Program Files\Tesseract-OCR\tesseract.exe is not installed or it's not in your PATH. See README file for more information.
a1e3125efaa4eebd8efc907ae48b69a1-1-_jpg.rf.d7c8f5ec1bcddfc6b47a814080bf1511.jpg,/kaggle/input/datasets/nagendra048/aadhar-dataset/train/images,Error: C:\Program Files\Tesseract-OCR\tesseract.exe is not installed or it's not in your PATH. See README file for more information.
c69b7f40144bf1cd4051251754af93ed-2-_jpg.rf.82585c1404e538e4e6d15800aac36033.jpg,/kaggle/input/datasets/nagendra048/aadhar-dataset/train/images,Error: C:\Program Files\Tesseract-OCR\tesseract.exe is not installed or it's not in your PATH. See README file for more information.
086d820550f34066764f4047ddc263ca_jpg.rf.ecc8fcbaad19db2dc1513e72cf6bbc6d.jpg,/kaggle/input/datasets/nagendra048/aadhar-dataset/train/images,Error: C:\Program Files\Tesseract-OCR\tesseract.exe is not installed or it's not in your PATH. See README file for more information.
f6644ae09eb9acfc6a71f01115f917f9_jpg.rf.245c532836b71a6403e237e761b71106.jpg,/kaggle/input/datasets/nagendra048/aadhar-dataset/train/images,Error: C:\Program Files\Tesseract-OCR\tesseract.exe is not installed or it's not in your PATH. See README file for more information.
10011_jpg.rf.0e26eb710168c062ff32a26ae40674dd.jpg,/kaggle/input/datasets/nagendra048/aadhar-dataset/train/images,Error: C:\Program Files\Tesseract-OCR\tesseract.exe is not installed or it's not in your PATH. See README file for more information.
cfd6db78024aa90c6166e6873945fa56_jpg.rf.d63a5a63249c219a353d77bcd432f2af.jpg,/kaggle/input/datasets/nagendra048/aadhar-dataset/train/images,Error: C:\Program Files\Tesseract-OCR\tesseract.exe is not installed or it's not in your PATH. See README file for more information.
c69b7f40144bf1cd4051251754af93ed-2-_jpg.rf.50c69407206efad0044e10fa8b80a063.jpg,/kaggle/input/datasets/nagendra048/aadhar-dataset/train/images,Error: C:\Program Files\Tesseract-OCR\tesseract.exe is not installed or it's not in your PATH. See README file for more information.
d9c5c2aa49da5daf5ab4a18dd030726c_jpg.rf.af09e2f980964112dd5ac672a6ec1113.jpg,/kaggle/input/datasets/nagendra048/aadhar-dataset/train/images,Error: C:\Program Files\Tesseract-OCR\tesseract.exe is not installed or it's not in your PATH. See README file for more information.
102_509409293_jpg.rf.21dd8aa7957ae96c5747849bbb2f37b2.jpg,/kaggle/input/datasets/nagendra048/aadhar-dataset/train/images,Error: C:\Program Files\Tesseract-OCR\tesseract.exe is not installed or it's not in your PATH. See README file for more information.
card_jpg.rf.46e12c432b6c26d12fc40d66f1c2d21a.jpg,/kaggle/input/datasets/nagendra048/aadhar-dataset/train/images,Error: C:\Program Files\Tesseract-OCR\tesseract.exe is not installed or it's not in your PATH. See README file for more information.
c7d12dabedb1da10342b91dea665a917-1-_jpg.rf.8a8255ab3030116f9a2db694f544e858.jpg,/kaggle/input/datasets/nagendra048/aadhar-dataset/train/images,Error: C:\Program Files\Tesseract-OCR\tesseract.exe is not installed or it's not in your PATH. See README file for more information.
images-13-_jpg.rf.f3f72471bcd3e746a2f5c9cf0c4e0e93.jpg,/kaggle/input/datasets/nagendra048/aadhar-dataset/train/images,Error: C:\Program Files\Tesseract-OCR\tesseract.exe is not installed or it's not in your PATH. See README file for more information.
images-9-_jpg.rf.ec4fa099485928fdda92075701ae2a3c.jpg,/kaggle/input/datasets/nagendra048/aadhar-dataset/train/images,Error: C:\Program Files\Tesseract-OCR\tesseract.exe is not installed or it's not in your PATH. See README file for more information.
images-7-_jpg.rf.808c8f65e873a8abd70476e298008017.jpg,/kaggle/input/datasets/nagendra048/aadhar-dataset/train/images,Error: C:\Program Files\Tesseract-OCR\tesseract.exe is not installed or it's not in your PATH. See README file for more information.
maxresdefault-1_jpg.rf.4d893b3ff14c281ca87e0d5b3f3ac9a5.jpg,/kaggle/input/datasets/nagendra048/aadhar-dataset/train/images,Error: C:\Program Files\Tesseract-OCR\tesseract.exe is not installed or it's not in your PATH. See README file for more information.
aadhar_jpg.rf.e3c6b16b564683698a26795a83f4af63.jpg,/kaggle/input/datasets/nagendra048/aadhar-dataset/train/images,Error: C:\Program Files\Tesseract-OCR\tesseract.exe is not installed or it's not in your PATH. See README file for more information.
bc2af9550a06aee72c9aa22a3c73f0fa_jpg.rf.0a90a999b247a9f2fb7aeb12e238c715.jpg,/kaggle/input/datasets/nagendra048/aadhar-dataset/train/images,Error: C:\Program Files\Tesseract-OCR\tesseract.exe is not installed or it's not in your PATH. See README file for more information.
2b923b9c9b526e45022e18d0493946ba-1-_jpg.rf.43543c85a2db8b1d2cedfe8c1d12b264.jpg,/kaggle/input/datasets/nagendra048/aadhar-dataset/train/images,Error: C:\Program Files\Tesseract-OCR\tesseract.exe is not installed or it's not in your PATH. See README file for more information.
f99b3efadece9bde10e251760cc71b1c_jpg.rf.790d559d596c7d7d91934c0cfcad56ee.jpg,/kaggle/input/datasets/nagendra048/aadhar-dataset/train/images,Error: C:\Program Files\Tesseract-OCR\tesseract.exe is not installed or it's not in your PATH. See README file for more information.
images-13-_jpg.rf.dcc800173cdb6f66fefe3a44e077af96.jpg,/kaggle/input/datasets/nagendra048/aadhar-dataset/train/images,Error: C:\Program Files\Tesseract-OCR\tesseract.exe is not installed or it's not in your PATH. See README file for more information.
97d297f8384d0e9b857e3ebc0bd31dcd_jpg.rf.19afada12ac060536e463fc65dace589.jpg,/kaggle/input/datasets/nagendra048/aadhar-dataset/train/images,Error: C:\Program Files\Tesseract-OCR\tesseract.exe is not installed or it's not in your PATH. See README file for more information.
ce1ea2dcb0a8e8dac1e26793ad3d5ecb_jpg.rf.d05e2b9197cb1991e0cdb9891c1aefc9.jpg,/kaggle/input/datasets/nagendra048/aadhar-dataset/train/images,Error: C:\Program Files\Tesseract-OCR\tesseract.exe is not installed or it's not in your PATH. See README file for more information.
a1e3125efaa4eebd8efc907ae48b69a1-2-_jpg.rf.102a6644075327f79ee7e8bc5b4a6584.jpg,/kaggle/input/datasets/nagendra048/aadhar-dataset/train/images,Error: C:\Program Files\Tesseract-OCR\tesseract.exe is not installed or it's not in your PATH. See README file for more information.
10080_jpg.rf.fcc31a7f862de960e33de746bbd5ab74.jpg,/kaggle/input/datasets/nagendra048/aadhar-dataset/train/images,Error: C:\Program Files\Tesseract-OCR\tesseract.exe is not installed or it's not in your PATH. See README file for more information.
ff71c3cd26d34f1340a3f410f6e03a3f_jpg.rf.0449191079e970189a0da99fcbf8652b.jpg,/kaggle/input/datasets/nagendra048/aadhar-dataset/train/images,Error: C:\Program Files\Tesseract-OCR\tesseract.exe is not installed or it's not in your PATH. See README file for more information.
447675edf75967ed3047d0ff28f280ac-1-_jpg.rf.99ba65215cbd0281af775134ab46fb3e.jpg,/kaggle/input/datasets/nagendra048/aadhar-dataset/train/images,Error: C:\Program Files\Tesseract-OCR\tesseract.exe is not installed or it's not in your PATH. See README file for more information.
06_01_2022_03_14_38_png_jpg.rf.0a85d693321d29140b46bd471010c42f.jpg,/kaggle/input/datasets/nagendra048/aadhar-dataset/train/images,Error: C:\Program Files\Tesseract-OCR\tesseract.exe is not installed or it's not in your PATH. See README file for more information.
c5cad996e165b070b99d2b76cdfb39dc_jpg.rf.995879711370e2c22d47d0063fe5274d.jpg,/kaggle/input/datasets/nagendra048/aadhar-dataset/train/images,Error: C:\Program Files\Tesseract-OCR\tesseract.exe is not installed or it's not in your PATH. See README file for more information.
ershad-adhar-centre-dinajpur-aadhaar-card-agents-gqwff0s4do_jpg.rf.faee737ee3bd380454af0b5205be2f67.jpg,/kaggle/input/datasets/nagendra048/aadhar-dataset/train/images,Error: C:\Program Files\Tesseract-OCR\tesseract.exe is not installed or it's not in your PATH. See README file for more information.
pvc_adhar-card-600x600_jpg.rf.5dd440723ec60e0283d63d44a58d8325.jpg,/kaggle/input/datasets/nagendra048/aadhar-dataset/train/images,Error: C:\Program Files\Tesseract-OCR\tesseract.exe is not installed or it's not in your PATH. See README file for more information.
c709629e7d00468f6c112daa8ca6c9e8_jpg.rf.591a65a06ca52d9dbd93888bb13881ad.jpg,/kaggle/input/datasets/nagendra048/aadhar-dataset/train/images,Error: C:\Program Files\Tesseract-OCR\tesseract.exe is not installed or it's not in your PATH. See README file for more information.
6d8e67208737a556302565d3c61dc373_jpg.rf.1e22c38d1298c7f98e762f163b02b9fc.jpg,/kaggle/input/datasets/nagendra048/aadhar-dataset/train/images,Error: C:\Program Files\Tesseract-OCR\tesseract.exe is not installed or it's not in your PATH. See README file for more information.
ff71c3cd26d34f1340a3f410f6e03a3f_jpg.rf.0ae1362a96b3da7bb1ec38ee1524b0a7.jpg,/kaggle/input/datasets/nagendra048/aadhar-dataset/train/images,Error: C:\Program Files\Tesseract-OCR\tesseract.exe is not installed or it's not in your PATH. See README file for more information.
60643f2e835245dfa9b0c9c988abb748_jpg.rf.a39d57deb767b9d0ae2160414fb32e32.jpg,/kaggle/input/datasets/nagendra048/aadhar-dataset/train/images,Error: C:\Program Files\Tesseract-OCR\tesseract.exe is not installed or it's not in your PATH. See README file for more information.
8c7dab60c3bdf9f210aaaca1a87c78de_jpg.rf.ecd4bf896aae809bf5339a09654195fe.jpg,/kaggle/input/datasets/nagendra048/aadhar-dataset/train/images,Error: C:\Program Files\Tesseract-OCR\tesseract.exe is not installed or it's not in your PATH. See README file for more information.
0521_adhar_jpg.rf.68049e294b6a272e74286b1d7ee700aa.jpg,/kaggle/input/datasets/nagendra048/aadhar-dataset/train/images,Error: C:\Program Files\Tesseract-OCR\tesseract.exe is not installed or it's not in your PATH. See README file for more information.
94eb12c96f2d79889f4856eb47ae25a4_jpg.rf.ef9389c191590a5740d0a7f5e0edd398.jpg,/kaggle/input/datasets/nagendra048/aadhar-dataset/train/images,Error: C:\Program Files\Tesseract-OCR\tesseract.exe is not installed or it's not in your PATH. See README file for more information.
2b923b9c9b526e45022e18d0493946ba_jpg.rf.c37909e3f03340b8ddea96c0c6d1e3a5.jpg,/kaggle/input/datasets/nagendra048/aadhar-dataset/train/images,Error: C:\Program Files\Tesseract-OCR\tesseract.exe is not installed or it's not in your PATH. See README file for more information.
c69b7f40144bf1cd4051251754af93ed_jpg.rf.f1469660c01987073963bc32c31d6b1a.jpg,/kaggle/input/datasets/nagendra048/aadhar-dataset/train/images,Error: C:\Program Files\Tesseract-OCR\tesseract.exe is not installed or it's not in your PATH. See README file for more information.
f99b3efadece9bde10e251760cc71b1c_jpg.rf.4779328b96e1a3676e4ea6e44d4a622c.jpg,/kaggle/input/datasets/nagendra048/aadhar-dataset/train/images,Error: C:\Program Files\Tesseract-OCR\tesseract.exe is not installed or it's not in your PATH. See README file for more information.
b4047be5f6a409a7ac20777d25d5a058_jpg.rf.8b07181e1f9b87ffc91797e1bbeadfbe.jpg,/kaggle/input/datasets/nagendra048/aadhar-dataset/train/images,Error: C:\Program Files\Tesseract-OCR\tesseract.exe is not installed or it's not in your PATH. See README file for more information.
10076_jpg.rf.31b6451c24831bf92b297e7ee024c94b.jpg,/kaggle/input/datasets/nagendra048/aadhar-dataset/train/images,Error: C:\Program Files\Tesseract-OCR\tesseract.exe is not installed or it's not in your PATH. See README file for more information.
images-1-_jpg.rf.8d7a85aa3212d77a77a21b0cfa3fd9ac.jpg,/kaggle/input/datasets/nagendra048/aadhar-dataset/train/images,Error: C:\Program Files\Tesseract-OCR\tesseract.exe is not installed or it's not in your PATH. See README file for more information.
14171f7e3e906f9bb9cbee0e44b183ab-1-_jpg.rf.9a79144930401da8840dc1fb5764fc48.jpg,/kaggle/input/datasets/nagendra048/aadhar-dataset/train/images,Error: C:\Program Files\Tesseract-OCR\tesseract.exe is not installed or it's not in your PATH. See README file for more information.
images-5-_jpg.rf.e26c79cdce5e3f8b3a93e2179dd38ed1.jpg,/kaggle/input/datasets/nagendra048/aadhar-dataset/train/images,Error: C:\Program Files\Tesseract-OCR\tesseract.exe is not installed or it's not in your PATH. See README file for more information.
a1e3125efaa4eebd8efc907ae48b69a1-1-_jpg.rf.d8f8bc3481b49241a80a119daf4e3e6d.jpg,/kaggle/input/datasets/nagendra048/aadhar-dataset/train/images,Error: C:\Program Files\Tesseract-OCR\tesseract.exe is not installed or it's not in your PATH. See README file for more information.
ffa5e80e5c547686632c7bc9746fee87_jpg.rf.34df93f6595b69823bc6e848895f09ff.jpg,/kaggle/input/datasets/nagendra048/aadhar-dataset/train/images,Error: C:\Program Files\Tesseract-OCR\tesseract.exe is not installed or it's not in your PATH. See README file for more information.
bc2af9550a06aee72c9aa22a3c73f0fa_jpg.rf.75b07a0f0a21c747478241b1f19f5ff6.jpg,/kaggle/input/datasets/nagendra048/aadhar-dataset/train/images,Error: C:\Program Files\Tesseract-OCR\tesseract.exe is not installed or it's not in your PATH. See README file for more information.
c69b7f40144bf1cd4051251754af93ed-2-_jpg.rf.18bc42e7bacb6ac44f548452991fe0e7.jpg,/kaggle/input/datasets/nagendra048/aadhar-dataset/train/images,Error: C:\Program Files\Tesseract-OCR\tesseract.exe is not installed or it's not in your PATH. See README file for more information.
6d8e67208737a556302565d3c61dc373_jpg.rf.3f8efdd6f8965a4fc0ad3ea752b6115b.jpg,/kaggle/input/datasets/nagendra048/aadhar-dataset/train/images,Error: C:\Program Files\Tesseract-OCR\tesseract.exe is not installed or it's not in your PATH. See README file for more information.
a1e3125efaa4eebd8efc907ae48b69a1-1-_jpg.rf.8177a32c53892917d2546e5ab5d9a08e.jpg,/kaggle/input/datasets/nagendra048/aadhar-dataset/train/images,Error: C:\Program Files\Tesseract-OCR\tesseract.exe is not installed or it's not in your PATH. See README file for more information.
14171f7e3e906f9bb9cbee0e44b183ab_jpg.rf.3c8e246987a835be09b294ea5a554bb8.jpg,/kaggle/input/datasets/nagendra048/aadhar-dataset/train/images,Error: C:\Program Files\Tesseract-OCR\tesseract.exe is not installed or it's not in your PATH. See README file for more information.
23752a535ecca255d677464b5a7a24f4_jpg.rf.807b66041696e9680a1ccb849672d05b.jpg,/kaggle/input/datasets/nagendra048/aadhar-dataset/train/images,Error: C:\Program Files\Tesseract-OCR\tesseract.exe is not installed or it's not in your PATH. See README file for more information.
b4ec339af5996addce61a9c73b7162f3_jpg.rf.192544afe4b898f37273cf3391f209c7.jpg,/kaggle/input/datasets/nagendra048/aadhar-dataset/train/images,Error: C:\Program Files\Tesseract-OCR\tesseract.exe is not installed or it's not in your PATH. See README file for more information.
b71fb182905bbdeea99549bff81f9c22_jpg.rf.9fc4269d05247c3ab42f04fd90032a2a.jpg,/kaggle/input/datasets/nagendra048/aadhar-dataset/train/images,Error: C:\Program Files\Tesseract-OCR\tesseract.exe is not installed or it's not in your PATH. See README file for more information.
images-12-_jpg.rf.8ffefae1b59cb1441f4a1851e8f785ea.jpg,/kaggle/input/datasets/nagendra048/aadhar-dataset/train/images,Error: C:\Program Files\Tesseract-OCR\tesseract.exe is not installed or it's not in your PATH. See README file for more information.
46804894d63fe5b3fea2582cfa7657c7-2-_jpg.rf.b48a0170d1d8e09036724201761f58af.jpg,/kaggle/input/datasets/nagendra048/aadhar-dataset/train/images,Error: C:\Program Files\Tesseract-OCR\tesseract.exe is not installed or it's not in your PATH. See README file for more information.
photos-11111778-16310969735991632_jpg.rf.56853105a53c9ccac6912cf5308bece6.jpg,/kaggle/input/datasets/nagendra048/aadhar-dataset/train/images,Error: C:\Program Files\Tesseract-OCR\tesseract.exe is not installed or it's not in your PATH. See README file for more information.
ershad-adhar-centre-dinajpur-aadhaar-card-agents-gqwff0s4do_jpg.rf.4e443d2a8d2c9133a4ba800db87f95e1.jpg,/kaggle/input/datasets/nagendra048/aadhar-dataset/train/images,Error: C:\Program Files\Tesseract-OCR\tesseract.exe is not installed or it's not in your PATH. See README file for more information.
a1e3125efaa4eebd8efc907ae48b69a1-1-_jpg.rf.411839467d6240b395a49be1cd99e984.jpg,/kaggle/input/datasets/nagendra048/aadhar-dataset/train/images,Error: C:\Program Files\Tesseract-OCR\tesseract.exe is not installed or it's not in your PATH. See README file for more information.
0d4c873ace54e82fb49c451a9bdc6d24_jpg.rf.eecb4a0e4c0c51ccbfbadea5cc258daa.jpg,/kaggle/input/datasets/nagendra048/aadhar-dataset/train/images,Error: C:\Program Files\Tesseract-OCR\tesseract.exe is not installed or it's not in your PATH. See README file for more information.
b2487cba906731d63c4ca7884bd1a2f0_jpg.rf.1c5b8e36e25c9aa95beceddf37283753.jpg,/kaggle/input/datasets/nagendra048/aadhar-dataset/train/images,Error: C:\Program Files\Tesseract-OCR\tesseract.exe is not installed or it's not in your PATH. See README file for more information.
73a8158ee961472799e57e72b1868f54_jpg.rf.a8339bee1d4c0205bb70c8e032cde495.jpg,/kaggle/input/datasets/nagendra048/aadhar-dataset/train/images,Error: C:\Program Files\Tesseract-OCR\tesseract.exe is not installed or it's not in your PATH. See README file for more information.
06_01_2022_03_14_54_png_jpg.rf.152339da593f0df78d579d31878fb0fa.jpg,/kaggle/input/datasets/nagendra048/aadhar-dataset/train/images,Error: C:\Program Files\Tesseract-OCR\tesseract.exe is not installed or it's not in your PATH. See README file for more information.
78ebbaace416b45c0b552a5a3de7b1a7_jpg.rf.9d0884b68dbb138231d73812aab7cd15.jpg,/kaggle/input/datasets/nagendra048/aadhar-dataset/train/images,Error: C:\Program Files\Tesseract-OCR\tesseract.exe is not installed or it's not in your PATH. See README file for more information.
a1e3125efaa4eebd8efc907ae48b69a1-2-_jpg.rf.508a4a70a10e4dfa24cc3ee553ed9ab7.jpg,/kaggle/input/datasets/nagendra048/aadhar-dataset/train/images,Error: C:\Program Files\Tesseract-OCR\tesseract.exe is not installed or it's not in your PATH. See README file for more information.
c06a8a5d5214f4545a91b5c35eb7aa43_jpg.rf.c9dc0732dccdcad94c458176f654b7ab.jpg,/kaggle/input/datasets/nagendra048/aadhar-dataset/train/images,Error: C:\Program Files\Tesseract-OCR\tesseract.exe is not installed or it's not in your PATH. See README file for more information.
1c89969c27b6f7ea57d47a74f579b5cc-2-_jpg.rf.3ecd7951754e9f67e674c34f51cd140e.jpg,/kaggle/input/datasets/nagendra048/aadhar-dataset/train/images,Error: C:\Program Files\Tesseract-OCR\tesseract.exe is not installed or it's not in your PATH. See README file for more information.
images-12-_jpg.rf.b254e7b09039e18082de3f671f41a8f6.jpg,/kaggle/input/datasets/nagendra048/aadhar-dataset/train/images,Error: C:\Program Files\Tesseract-OCR\tesseract.exe is not installed or it's not in your PATH. See README file for more information.
71697128_jpg.rf.23f515c4fca4bfb24188f1d772094c11.jpg,/kaggle/input/datasets/nagendra048/aadhar-dataset/train/images,Error: C:\Program Files\Tesseract-OCR\tesseract.exe is not installed or it's not in your PATH. See README file for more information.
card_jpg.rf.9fdb2a3ec2c9b0fad38cf4d6a4faace9.jpg,/kaggle/input/datasets/nagendra048/aadhar-dataset/train/images,Error: C:\Program Files\Tesseract-OCR\tesseract.exe is not installed or it's not in your PATH. See README file for more information.
bc2af9550a06aee72c9aa22a3c73f0fa_jpg.rf.edd2010dc483c19bbdc6b3590c62532f.jpg,/kaggle/input/datasets/nagendra048/aadhar-dataset/train/images,Error: C:\Program Files\Tesseract-OCR\tesseract.exe is not installed or it's not in your PATH. See README file for more information.
images-10-_jpg.rf.29de69fd46eecb8d7c92269a38a31211.jpg,/kaggle/input/datasets/nagendra048/aadhar-dataset/train/images,Error: C:\Program Files\Tesseract-OCR\tesseract.exe is not installed or it's not in your PATH. See README file for more information.
23752a535ecca255d677464b5a7a24f4_jpg.rf.492aba11a029772eda2a2c46803853f1.jpg,/kaggle/input/datasets/nagendra048/aadhar-dataset/train/images,Error: C:\Program Files\Tesseract-OCR\tesseract.exe is not installed or it's not in your PATH. See README file for more information.
images-8-_jpg.rf.15a4a854d80639d0c6185ec0d9850e6d.jpg,/kaggle/input/datasets/nagendra048/aadhar-dataset/train/images,Error: C:\Program Files\Tesseract-OCR\tesseract.exe is not installed or it's not in your PATH. See README file for more information.
images-5-_jpg.rf.51ce0361684cf4c14094d40a04facfed.jpg,/kaggle/input/datasets/nagendra048/aadhar-dataset/train/images,Error: C:\Program Files\Tesseract-OCR\tesseract.exe is not installed or it's not in your PATH. See README file for more information.
10156_jpg.rf.5b18ab1c6c821fd02297ce7d08718abd.jpg,/kaggle/input/datasets/nagendra048/aadhar-dataset/train/images,Error: C:\Program Files\Tesseract-OCR\tesseract.exe is not installed or it's not in your PATH. See README file for more information.
d9c5c2aa49da5daf5ab4a18dd030726c_jpg.rf.ed0baf7e5d756d5fc1320031b95fd155.jpg,/kaggle/input/datasets/nagendra048/aadhar-dataset/train/images,Error: C:\Program Files\Tesseract-OCR\tesseract.exe is not installed or it's not in your PATH. See README file for more information.
IMG_20180723_120159_jpg.rf.2eafce4f4eebb53c43c9da558c184bad.jpg,/kaggle/input/datasets/nagendra048/aadhar-dataset/train/images,Error: C:\Program Files\Tesseract-OCR\tesseract.exe is not installed or it's not in your PATH. See README file for more information.
ff71c3cd26d34f1340a3f410f6e03a3f_jpg.rf.6cac358d36c04c830f26c5ec2e16307e.jpg,/kaggle/input/datasets/nagendra048/aadhar-dataset/train/images,Error: C:\Program Files\Tesseract-OCR\tesseract.exe is not installed or it's not in your PATH. See README file for more information.
c7d12dabedb1da10342b91dea665a917-1-_jpg.rf.c9d2587f0045016ad4fd7a213cc1057c.jpg,/kaggle/input/datasets/nagendra048/aadhar-dataset/train/images,Error: C:\Program Files\Tesseract-OCR\tesseract.exe is not installed or it's not in your PATH. See README file for more information.
9ccffeac84c5b19e14bab96b9177b18b_jpg.rf.3675a2856c45ed79ce953cd08d1207d4.jpg,/kaggle/input/datasets/nagendra048/aadhar-dataset/train/images,Error: C:\Program Files\Tesseract-OCR\tesseract.exe is not installed or it's not in your PATH. See README file for more information.
download_jpg.rf.d6e77353eaa144aea3e159ae2195162d.jpg,/kaggle/input/datasets/nagendra048/aadhar-dataset/train/images,Error: C:\Program Files\Tesseract-OCR\tesseract.exe is not installed or it's not in your PATH. See README file for more information.
f99b3efadece9bde10e251760cc71b1c_jpg.rf.ee565441077cd4ae72df8c1922ba0c6c.jpg,/kaggle/input/datasets/nagendra048/aadhar-dataset/train/images,Error: C:\Program Files\Tesseract-OCR\tesseract.exe is not installed or it's not in your PATH. See README file for more information.
images_jpg.rf.704f8235a67de5a64799519bec692911.jpg,/kaggle/input/datasets/nagendra048/aadhar-dataset/train/images,Error: C:\Program Files\Tesseract-OCR\tesseract.exe is not installed or it's not in your PATH. See README file for more information.
ffa5e80e5c547686632c7bc9746fee87_jpg.rf.c5c8122ef224eac4bd99810a020ca02c.jpg,/kaggle/input/datasets/nagendra048/aadhar-dataset/train/images,Error: C:\Program Files\Tesseract-OCR\tesseract.exe is not installed or it's not in your PATH. See README file for more information.
6d8e67208737a556302565d3c61dc373_jpg.rf.61105f144ab5a6742efcefd4c0565e51.jpg,/kaggle/input/datasets/nagendra048/aadhar-dataset/train/images,Error: C:\Program Files\Tesseract-OCR\tesseract.exe is not installed or it's not in your PATH. See README file for more information.
110_504886170_jpg.rf.7941ecca8cbca4d594c9e7af747f2dc7.jpg,/kaggle/input/datasets/nagendra048/aadhar-dataset/train/images,Error: C:\Program Files\Tesseract-OCR\tesseract.exe is not installed or it's not in your PATH. See README file for more information.
photos-11111778-16310969735991632_jpg.rf.7fc870d67c0854f783ca8b5ec68d7537.jpg,/kaggle/input/datasets/nagendra048/aadhar-dataset/train/images,Error: C:\Program Files\Tesseract-OCR\tesseract.exe is not installed or it's not in your PATH. See README file for more information.
c06a8a5d5214f4545a91b5c35eb7aa43_jpg.rf.2c6785f576db56697306fc5f2a7f0d94.jpg,/kaggle/input/datasets/nagendra048/aadhar-dataset/train/images,Error: C:\Program Files\Tesseract-OCR\tesseract.exe is not installed or it's not in your PATH. See README file for more information.
f6644ae09eb9acfc6a71f01115f917f9_jpg.rf.6d49798e394fc385aeeaec1a03a8114b.jpg,/kaggle/input/datasets/nagendra048/aadhar-dataset/train/images,Error: C:\Program Files\Tesseract-OCR\tesseract.exe is not installed or it's not in your PATH. See README file for more information.
f99b3efadece9bde10e251760cc71b1c_jpg.rf.d19110e3f332e9e31b0e802a85427892.jpg,/kaggle/input/datasets/nagendra048/aadhar-dataset/train/images,Error: C:\Program Files\Tesseract-OCR\tesseract.exe is not installed or it's not in your PATH. See README file for more information.
bc2af9550a06aee72c9aa22a3c73f0fa_jpg.rf.ae951755a6e4ddee54ced367b3f812ff.jpg,/kaggle/input/datasets/nagendra048/aadhar-dataset/train/images,Error: C:\Program Files\Tesseract-OCR\tesseract.exe is not installed or it's not in your PATH. See README file for more information.
71697128_jpg.rf.4cf2ae16a9661447a8950cfcfac3eccd.jpg,/kaggle/input/datasets/nagendra048/aadhar-dataset/train/images,Error: C:\Program Files\Tesseract-OCR\tesseract.exe is not installed or it's not in your PATH. See README file for more information.
0521_adhar_jpg.rf.49fcff35004493d6ca5eeb29f29ce78b.jpg,/kaggle/input/datasets/nagendra048/aadhar-dataset/train/images,Error: C:\Program Files\Tesseract-OCR\tesseract.exe is not installed or it's not in your PATH. See README file for more information.
c7d12dabedb1da10342b91dea665a917-1-_jpg.rf.81f38aecd6fdb417c3332d6f7274d761.jpg,/kaggle/input/datasets/nagendra048/aadhar-dataset/train/images,Error: C:\Program Files\Tesseract-OCR\tesseract.exe is not installed or it's not in your PATH. See README file for more information.
0c0584201ff552c4bdcbe160315aa432_jpg.rf.8001f04219c3e95177eaa1fbc4f6af52.jpg,/kaggle/input/datasets/nagendra048/aadhar-dataset/train/images,Error: C:\Program Files\Tesseract-OCR\tesseract.exe is not installed or it's not in your PATH. See README file for more information.
6b6ad42e38094e11a2260c2694582da5_jpg.rf.361aff62a7eabfc8c05b62af0a3ab514.jpg,/kaggle/input/datasets/nagendra048/aadhar-dataset/train/images,Error: C:\Program Files\Tesseract-OCR\tesseract.exe is not installed or it's not in your PATH. See README file for more information.
8455878ee3f6d5bf35580169888b3fb6_jpg.rf.4a201bd994a0465b9dfa63ff9305b1a4.jpg,/kaggle/input/datasets/nagendra048/aadhar-dataset/train/images,Error: C:\Program Files\Tesseract-OCR\tesseract.exe is not installed or it's not in your PATH. See README file for more information.
images-10-_jpg.rf.c3f54172e5eb49808c7e2bb3e46ef1c0.jpg,/kaggle/input/datasets/nagendra048/aadhar-dataset/train/images,Error: C:\Program Files\Tesseract-OCR\tesseract.exe is not installed or it's not in your PATH. See README file for more information.
sp-42095176-5v4rgi-thumbnail_jpg.rf.749f1163b9c66c5def06c774200c3d14.jpg,/kaggle/input/datasets/nagendra048/aadhar-dataset/train/images,Error: C:\Program Files\Tesseract-OCR\tesseract.exe is not installed or it's not in your PATH. See README file for more information.
10095_jpg.rf.46f34089393f9c5148683fc1906396f3.jpg,/kaggle/input/datasets/nagendra048/aadhar-dataset/train/images,Error: C:\Program Files\Tesseract-OCR\tesseract.exe is not installed or it's not in your PATH. See README file for more information.
aadhar_jpg.rf.1749b08493edf88161fc3b083000a646.jpg,/kaggle/input/datasets/nagendra048/aadhar-dataset/train/images,Error: C:\Program Files\Tesseract-OCR\tesseract.exe is not installed or it's not in your PATH. See README file for more information.
b71fb182905bbdeea99549bff81f9c22_jpg.rf.2fc5951daa00fd9934db20cffc9ef7a4.jpg,/kaggle/input/datasets/nagendra048/aadhar-dataset/train/images,Error: C:\Program Files\Tesseract-OCR\tesseract.exe is not installed or it's not in your PATH. See README file for more information.
26e69450edbd8716ee253bd7ec9b7607_jpg.rf.8e3de3d2b6f9602eed47ee4406f30792.jpg,/kaggle/input/datasets/nagendra048/aadhar-dataset/train/images,Error: C:\Program Files\Tesseract-OCR\tesseract.exe is not installed or it's not in your PATH. See README file for more information.
images-6-_jpg.rf.c16ed5f7e1f43302f017723a6c62d969.jpg,/kaggle/input/datasets/nagendra048/aadhar-dataset/train/images,Error: C:\Program Files\Tesseract-OCR\tesseract.exe is not installed or it's not in your PATH. See README file for more information.
78ebbaace416b45c0b552a5a3de7b1a7_jpg.rf.486c80394f54299336ce345ee78cc4d6.jpg,/kaggle/input/datasets/nagendra048/aadhar-dataset/train/images,Error: C:\Program Files\Tesseract-OCR\tesseract.exe is not installed or it's not in your PATH. See README file for more information.
pvc_adhar-card-600x600_jpg.rf.546a47c34d0335c7caaf459bbcf0b216.jpg,/kaggle/input/datasets/nagendra048/aadhar-dataset/train/images,Error: C:\Program Files\Tesseract-OCR\tesseract.exe is not installed or it's not in your PATH. See README file for more information.
086d820550f34066764f4047ddc263ca_jpg.rf.544d67be6f313551fa816c649351c356.jpg,/kaggle/input/datasets/nagendra048/aadhar-dataset/train/images,Error: C:\Program Files\Tesseract-OCR\tesseract.exe is not installed or it's not in your PATH. See README file for more information.
1c89969c27b6f7ea57d47a74f579b5cc-1-_jpg.rf.5dd342162d5c3892e993e9b1ff084045.jpg,/kaggle/input/datasets/nagendra048/aadhar-dataset/train/images,Error: C:\Program Files\Tesseract-OCR\tesseract.exe is not installed or it's not in your PATH. See README file for more information.
73a8158ee961472799e57e72b1868f54_jpg.rf.530b22d6e5f043971dc7583e592f5630.jpg,/kaggle/input/datasets/nagendra048/aadhar-dataset/train/images,Error: C:\Program Files\Tesseract-OCR\tesseract.exe is not installed or it's not in your PATH. See README file for more information.
photos-11111778-16310969735991632_jpg.rf.fd2d990a66249e6eb218ec620056bb71.jpg,/kaggle/input/datasets/nagendra048/aadhar-dataset/train/images,Error: C:\Program Files\Tesseract-OCR\tesseract.exe is not installed or it's not in your PATH. See README file for more information.
images-19-_jpg.rf.3668b0439e62f75f3c30671d3ad41fe8.jpg,/kaggle/input/datasets/nagendra048/aadhar-dataset/train/images,Error: C:\Program Files\Tesseract-OCR\tesseract.exe is not installed or it's not in your PATH. See README file for more information.
46bad340b458a566dc6e2fd9cd2b1b33_jpg.rf.d8d6b562833507c8aa48ed8b93d3994c.jpg,/kaggle/input/datasets/nagendra048/aadhar-dataset/train/images,Error: C:\Program Files\Tesseract-OCR\tesseract.exe is not installed or it's not in your PATH. See README file for more information.
images-14-_jpg.rf.572ae5d1a33c166cfd88752354958f2b.jpg,/kaggle/input/datasets/nagendra048/aadhar-dataset/train/images,Error: C:\Program Files\Tesseract-OCR\tesseract.exe is not installed or it's not in your PATH. See README file for more information.
ac313c63f18e91c513128fa97bce32d6_jpg.rf.e6faeaaf9f138cb6f7c03d0a3a9eedd5.jpg,/kaggle/input/datasets/nagendra048/aadhar-dataset/train/images,Error: C:\Program Files\Tesseract-OCR\tesseract.exe is not installed or it's not in your PATH. See README file for more information.
c7d12dabedb1da10342b91dea665a917-1-_jpg.rf.5535bd26d19decbbae9ae213744818d4.jpg,/kaggle/input/datasets/nagendra048/aadhar-dataset/train/images,Error: C:\Program Files\Tesseract-OCR\tesseract.exe is not installed or it's not in your PATH. See README file for more information.
c709629e7d00468f6c112daa8ca6c9e8_jpg.rf.885a669fb66241bb624a5678a99479b9.jpg,/kaggle/input/datasets/nagendra048/aadhar-dataset/train/images,Error: C:\Program Files\Tesseract-OCR\tesseract.exe is not installed or it's not in your PATH. See README file for more information.
60643f2e835245dfa9b0c9c988abb748_jpg.rf.ed69580b1eb9dd090672825b1d32c5e3.jpg,/kaggle/input/datasets/nagendra048/aadhar-dataset/train/images,Error: C:\Program Files\Tesseract-OCR\tesseract.exe is not installed or it's not in your PATH. See README file for more information.
images-8-_jpg.rf.421235b754b5e3aacd4cd79dbadfe36f.jpg,/kaggle/input/datasets/nagendra048/aadhar-dataset/train/images,Error: C:\Program Files\Tesseract-OCR\tesseract.exe is not installed or it's not in your PATH. See README file for more information.
bc2af9550a06aee72c9aa22a3c73f0fa_jpg.rf.86e1571aca8e214da8fdf11af256cf43.jpg,/kaggle/input/datasets/nagendra048/aadhar-dataset/train/images,Error: C:\Program Files\Tesseract-OCR\tesseract.exe is not installed or it's not in your PATH. See README file for more information.
thumb_jpg.rf.dd1793cf914273e0409b322c59b60bf2.jpg,/kaggle/input/datasets/nagendra048/aadhar-dataset/train/images,Error: C:\Program Files\Tesseract-OCR\tesseract.exe is not installed or it's not in your PATH. See README file for more information.
8c7dab60c3bdf9f210aaaca1a87c78de_jpg.rf.b3f94099015fa9825a1f4315441cc623.jpg,/kaggle/input/datasets/nagendra048/aadhar-dataset/train/images,Error: C:\Program Files\Tesseract-OCR\tesseract.exe is not installed or it's not in your PATH. See README file for more information.
97d297f8384d0e9b857e3ebc0bd31dcd_jpg.rf.f4c89aa1548e48ab7b4441ba0a97795f.jpg,/kaggle/input/datasets/nagendra048/aadhar-dataset/train/images,Error: C:\Program Files\Tesseract-OCR\tesseract.exe is not installed or it's not in your PATH. See README file for more information.
14171f7e3e906f9bb9cbee0e44b183ab_jpg.rf.7c934a4015bc7654cf50645bc3c14754.jpg,/kaggle/input/datasets/nagendra048/aadhar-dataset/train/images,Error: C:\Program Files\Tesseract-OCR\tesseract.exe is not installed or it's not in your PATH. See README file for more information.
efbefce86a6ebb47ef70edd9f85d5324_jpg.rf.d650f0757b1b85d3f73922ba5f193702.jpg,/kaggle/input/datasets/nagendra048/aadhar-dataset/train/images,Error: C:\Program Files\Tesseract-OCR\tesseract.exe is not installed or it's not in your PATH. See README file for more information.
download_jpg.rf.1689fa263771bcfe1cf0498ecce8b80d.jpg,/kaggle/input/datasets/nagendra048/aadhar-dataset/train/images,Error: C:\Program Files\Tesseract-OCR\tesseract.exe is not installed or it's not in your PATH. See README file for more information.
e383ea165dd6f41b69ef72df10c4c473-1-_jpg.rf.bcf72184cce1ca647f74c4295a83ba13.jpg,/kaggle/input/datasets/nagendra048/aadhar-dataset/train/images,Error: C:\Program Files\Tesseract-OCR\tesseract.exe is not installed or it's not in your PATH. See README file for more information.
25305fe9d4d92e3899f5fbcab86fb2c7-1-_jpg.rf.9683cc262ad38e54e040b489868ab3c2.jpg,/kaggle/input/datasets/nagendra048/aadhar-dataset/train/images,Error: C:\Program Files\Tesseract-OCR\tesseract.exe is not installed or it's not in your PATH. See README file for more information.
c69b7f40144bf1cd4051251754af93ed-2-_jpg.rf.76b4ba51b7eede82d9186f1d4c274109.jpg,/kaggle/input/datasets/nagendra048/aadhar-dataset/train/images,Error: C:\Program Files\Tesseract-OCR\tesseract.exe is not installed or it's not in your PATH. See README file for more information.
c7d12dabedb1da10342b91dea665a917_jpg.rf.a79a44f901deb1ab7171c017db988917.jpg,/kaggle/input/datasets/nagendra048/aadhar-dataset/train/images,Error: C:\Program Files\Tesseract-OCR\tesseract.exe is not installed or it's not in your PATH. See README file for more information.
pvc_adhar-card-600x600_jpg.rf.233558d1e45869b23771a381a3dbea8f.jpg,/kaggle/input/datasets/nagendra048/aadhar-dataset/train/images,Error: C:\Program Files\Tesseract-OCR\tesseract.exe is not installed or it's not in your PATH. See README file for more information.
e731587b225d7bad435c4cfb7cbec669_jpg.rf.5524e54db914aee8c4d5463e76d47681.jpg,/kaggle/input/datasets/nagendra048/aadhar-dataset/train/images,Error: C:\Program Files\Tesseract-OCR\tesseract.exe is not installed or it's not in your PATH. See README file for more information.
49fa3bcf36cda2851f2d12adc5f9f6db-2-_jpg.rf.1e7a272b5fffcae9e1128d7e52762ebf.jpg,/kaggle/input/datasets/nagendra048/aadhar-dataset/train/images,Error: C:\Program Files\Tesseract-OCR\tesseract.exe is not installed or it's not in your PATH. See README file for more information.
58a8a1d7cf82feffbc75786afbe700ad_jpg.rf.db47a89e4dacae21523cffb10b488046.jpg,/kaggle/input/datasets/nagendra048/aadhar-dataset/train/images,Error: C:\Program Files\Tesseract-OCR\tesseract.exe is not installed or it's not in your PATH. See README file for more information.
dd1b5eeb6239e3d97be96c4fa66a4eb7_jpg.rf.168903f1802fb6a99b7205bb617c87aa.jpg,/kaggle/input/datasets/nagendra048/aadhar-dataset/train/images,Error: C:\Program Files\Tesseract-OCR\tesseract.exe is not installed or it's not in your PATH. See README file for more information.
images-6-_jpg.rf.250eec29477579053165b0209e32e4cb.jpg,/kaggle/input/datasets/nagendra048/aadhar-dataset/train/images,Error: C:\Program Files\Tesseract-OCR\tesseract.exe is not installed or it's not in your PATH. See README file for more information.
9ccffeac84c5b19e14bab96b9177b18b_jpg.rf.06a799424fa5ed401ce35a4aa1352641.jpg,/kaggle/input/datasets/nagendra048/aadhar-dataset/train/images,Error: C:\Program Files\Tesseract-OCR\tesseract.exe is not installed or it's not in your PATH. See README file for more information.
447675edf75967ed3047d0ff28f280ac_jpg.rf.532bcfd10704a0f1b577ff1c4ab6c957.jpg,/kaggle/input/datasets/nagendra048/aadhar-dataset/train/images,Error: C:\Program Files\Tesseract-OCR\tesseract.exe is not installed or it's not in your PATH. See README file for more information.
58a8a1d7cf82feffbc75786afbe700ad_jpg.rf.351795a11fd0a87e0575cc687bdb2081.jpg,/kaggle/input/datasets/nagendra048/aadhar-dataset/train/images,Error: C:\Program Files\Tesseract-OCR\tesseract.exe is not installed or it's not in your PATH. See README file for more information.
2b923b9c9b526e45022e18d0493946ba_jpg.rf.152feb305be1ef11e088780be698eddf.jpg,/kaggle/input/datasets/nagendra048/aadhar-dataset/train/images,Error: C:\Program Files\Tesseract-OCR\tesseract.exe is not installed or it's not in your PATH. See README file for more information.
06a0686f91bed47d1f4873e4d104442c_jpg.rf.7e792df3fa872bef05846d8a61829d37.jpg,/kaggle/input/datasets/nagendra048/aadhar-dataset/train/images,Error: C:\Program Files\Tesseract-OCR\tesseract.exe is not installed or it's not in your PATH. See README file for more information.
banner_jpg.rf.1215e12c6b076752406f3b0c0e083d10.jpg,/kaggle/input/datasets/nagendra048/aadhar-dataset/train/images,Error: C:\Program Files\Tesseract-OCR\tesseract.exe is not installed or it's not in your PATH. See README file for more information.
0c0584201ff552c4bdcbe160315aa432_jpg.rf.efa1aee5b8c15afce7942bf1f37a446e.jpg,/kaggle/input/datasets/nagendra048/aadhar-dataset/train/images,Error: C:\Program Files\Tesseract-OCR\tesseract.exe is not installed or it's not in your PATH. See README file for more information.
b71fb182905bbdeea99549bff81f9c22_jpg.rf.743c79875fd026398d4c578ec1aa2280.jpg,/kaggle/input/datasets/nagendra048/aadhar-dataset/train/images,Error: C:\Program Files\Tesseract-OCR\tesseract.exe is not installed or it's not in your PATH. See README file for more information.
download_jpg.rf.ba46c00e17e0942c6c010c62d6e2f770.jpg,/kaggle/input/datasets/nagendra048/aadhar-dataset/train/images,Error: C:\Program Files\Tesseract-OCR\tesseract.exe is not installed or it's not in your PATH. See README file for more information.
D8E0Re_VsAEzhCg_jpg.rf.6682e1367e94e851285b5d65eebe1339.jpg,/kaggle/input/datasets/nagendra048/aadhar-dataset/train/images,Error: C:\Program Files\Tesseract-OCR\tesseract.exe is not installed or it's not in your PATH. See README file for more information.
58a8a1d7cf82feffbc75786afbe700ad_jpg.rf.3b45dca8e83a76d079aac774caf0b3e3.jpg,/kaggle/input/datasets/nagendra048/aadhar-dataset/train/images,Error: C:\Program Files\Tesseract-OCR\tesseract.exe is not installed or it's not in your PATH. See README file for more information.
1c89969c27b6f7ea57d47a74f579b5cc-2-_jpg.rf.668e4c709df73c154820aad38e4ac57c.jpg,/kaggle/input/datasets/nagendra048/aadhar-dataset/train/images,Error: C:\Program Files\Tesseract-OCR\tesseract.exe is not installed or it's not in your PATH. See README file for more information.
images-8-_jpg.rf.97327fa0d0915c50880bf963efa8191c.jpg,/kaggle/input/datasets/nagendra048/aadhar-dataset/train/images,Error: C:\Program Files\Tesseract-OCR\tesseract.exe is not installed or it's not in your PATH. See README file for more information.
b71fb182905bbdeea99549bff81f9c22_jpg.rf.9153e87e59efbc80ca166e3cb0612927.jpg,/kaggle/input/datasets/nagendra048/aadhar-dataset/train/images,Error: C:\Program Files\Tesseract-OCR\tesseract.exe is not installed or it's not in your PATH. See README file for more information.
110_504886170_jpg.rf.a54ca481cb8e471f3bc593b1ffae9134.jpg,/kaggle/input/datasets/nagendra048/aadhar-dataset/train/images,Error: C:\Program Files\Tesseract-OCR\tesseract.exe is not installed or it's not in your PATH. See README file for more information.
images-7-_jpg.rf.b009d61e46eed6012fd3c5dc73414017.jpg,/kaggle/input/datasets/nagendra048/aadhar-dataset/train/images,Error: C:\Program Files\Tesseract-OCR\tesseract.exe is not installed or it's not in your PATH. See README file for more information.
b71fb182905bbdeea99549bff81f9c22_jpg.rf.1e19c1d9178dc539c2f1511179e27310.jpg,/kaggle/input/datasets/nagendra048/aadhar-dataset/train/images,Error: C:\Program Files\Tesseract-OCR\tesseract.exe is not installed or it's not in your PATH. See README file for more information.
images-8-_jpg.rf.3eb032d04827082f207c307c981519a3.jpg,/kaggle/input/datasets/nagendra048/aadhar-dataset/train/images,Error: C:\Program Files\Tesseract-OCR\tesseract.exe is not installed or it's not in your PATH. See README file for more information.
7e65eb61f2d964e4e46a9ee5e1330c28_jpg.rf.3b931e528a43533f34020b22437c2772.jpg,/kaggle/input/datasets/nagendra048/aadhar-dataset/train/images,Error: C:\Program Files\Tesseract-OCR\tesseract.exe is not installed or it's not in your PATH. See README file for more information.
10034_jpg.rf.12b770ab3ccf18a1e8a5b192f3bbf7d5.jpg,/kaggle/input/datasets/nagendra048/aadhar-dataset/train/images,Error: C:\Program Files\Tesseract-OCR\tesseract.exe is not installed or it's not in your PATH. See README file for more information.
10119_jpg.rf.885eb44ba53e69d596ce34b619e2a479.jpg,/kaggle/input/datasets/nagendra048/aadhar-dataset/train/images,Error: C:\Program Files\Tesseract-OCR\tesseract.exe is not installed or it's not in your PATH. See README file for more information.
23752a535ecca255d677464b5a7a24f4_jpg.rf.e876cf96c078523fb1f2ae7af8ede1d7.jpg,/kaggle/input/datasets/nagendra048/aadhar-dataset/train/images,Error: C:\Program Files\Tesseract-OCR\tesseract.exe is not installed or it's not in your PATH. See README file for more information.
06_01_2022_03_14_13_png_jpg.rf.2ac0b1ee1632c4534f093d6fcdca9923.jpg,/kaggle/input/datasets/nagendra048/aadhar-dataset/train/images,Error: C:\Program Files\Tesseract-OCR\tesseract.exe is not installed or it's not in your PATH. See README file for more information.
94eb12c96f2d79889f4856eb47ae25a4_jpg.rf.1496f0e2733fc37430f5f258b159c333.jpg,/kaggle/input/datasets/nagendra048/aadhar-dataset/train/images,Error: C:\Program Files\Tesseract-OCR\tesseract.exe is not installed or it's not in your PATH. See README file for more information.
images-11-_jpg.rf.2ff85da9b7287c130d2e13017298f1f9.jpg,/kaggle/input/datasets/nagendra048/aadhar-dataset/train/images,Error: C:\Program Files\Tesseract-OCR\tesseract.exe is not installed or it's not in your PATH. See README file for more information.
ce1ea2dcb0a8e8dac1e26793ad3d5ecb_jpg.rf.f3ae83e1aefff4ef07ec09b6777f031d.jpg,/kaggle/input/datasets/nagendra048/aadhar-dataset/train/images,Error: C:\Program Files\Tesseract-OCR\tesseract.exe is not installed or it's not in your PATH. See README file for more information.
images-13-_jpg.rf.34c50f32908dc598c63a1dd65e67b800.jpg,/kaggle/input/datasets/nagendra048/aadhar-dataset/train/images,Error: C:\Program Files\Tesseract-OCR\tesseract.exe is not installed or it's not in your PATH. See README file for more information.
images-12-_jpg.rf.c834904b5fe166f6429681c24f1598e6.jpg,/kaggle/input/datasets/nagendra048/aadhar-dataset/train/images,Error: C:\Program Files\Tesseract-OCR\tesseract.exe is not installed or it's not in your PATH. See README file for more information.
images-10-_jpg.rf.384a70037c07ab2df6a7db73ed8fb5b6.jpg,/kaggle/input/datasets/nagendra048/aadhar-dataset/train/images,Error: C:\Program Files\Tesseract-OCR\tesseract.exe is not installed or it's not in your PATH. See README file for more information.
product-500x500_jpg.rf.4821996b870e500bf74452e7b4a0498e.jpg,/kaggle/input/datasets/nagendra048/aadhar-dataset/train/images,Error: C:\Program Files\Tesseract-OCR\tesseract.exe is not installed or it's not in your PATH. See README file for more information.
447675edf75967ed3047d0ff28f280ac-1-_jpg.rf.0eae0ee132289e8f262a59a77178971a.jpg,/kaggle/input/datasets/nagendra048/aadhar-dataset/train/images,Error: C:\Program Files\Tesseract-OCR\tesseract.exe is not installed or it's not in your PATH. See README file for more information.
images-18-_jpg.rf.302e111d45ecf7bcc388dfff9c1a55f7.jpg,/kaggle/input/datasets/nagendra048/aadhar-dataset/train/images,Error: C:\Program Files\Tesseract-OCR\tesseract.exe is not installed or it's not in your PATH. See README file for more information.
7e65eb61f2d964e4e46a9ee5e1330c28_jpg.rf.6d17c8c0e04114ba9f99dd898ef88e66.jpg,/kaggle/input/datasets/nagendra048/aadhar-dataset/train/images,Error: C:\Program Files\Tesseract-OCR\tesseract.exe is not installed or it's not in your PATH. See README file for more information.
7e65eb61f2d964e4e46a9ee5e1330c28_jpg.rf.995263ebee2817f5360c05166be31058.jpg,/kaggle/input/datasets/nagendra048/aadhar-dataset/train/images,Error: C:\Program Files\Tesseract-OCR\tesseract.exe is not installed or it's not in your PATH. See README file for more information.
adhar_card_6402313_835x547-m_jpg.rf.be7e2ae0bef018328679b074198cb41f.jpg,/kaggle/input/datasets/nagendra048/aadhar-dataset/train/images,Error: C:\Program Files\Tesseract-OCR\tesseract.exe is not installed or it's not in your PATH. See README file for more information.
58a8a1d7cf82feffbc75786afbe700ad_jpg.rf.e907e5c899eb9081b686544de1326ffc.jpg,/kaggle/input/datasets/nagendra048/aadhar-dataset/train/images,Error: C:\Program Files\Tesseract-OCR\tesseract.exe is not installed or it's not in your PATH. See README file for more information.
6faf8790a38b5e6a7d9e3347ba84a24f_jpg.rf.8639ec72d166e6aa436b08a1844d3bf3.jpg,/kaggle/input/datasets/nagendra048/aadhar-dataset/train/images,Error: C:\Program Files\Tesseract-OCR\tesseract.exe is not installed or it's not in your PATH. See README file for more information.
10003_jpg.rf.6fdac4fa1b869711533c8c30602f8c01.jpg,/kaggle/input/datasets/nagendra048/aadhar-dataset/train/images,Error: C:\Program Files\Tesseract-OCR\tesseract.exe is not installed or it's not in your PATH. See README file for more information.
6faf8790a38b5e6a7d9e3347ba84a24f_jpg.rf.d2b840320c4a1808289c14585a8e3035.jpg,/kaggle/input/datasets/nagendra048/aadhar-dataset/train/images,Error: C:\Program Files\Tesseract-OCR\tesseract.exe is not installed or it's not in your PATH. See README file for more information.
10049_jpg.rf.02be7a6fa0e98f16dc511ad19ac04b6a.jpg,/kaggle/input/datasets/nagendra048/aadhar-dataset/train/images,Error: C:\Program Files\Tesseract-OCR\tesseract.exe is not installed or it's not in your PATH. See README file for more information.
1c89969c27b6f7ea57d47a74f579b5cc-1-_jpg.rf.02825249cd81e99eb295c86833fd084e.jpg,/kaggle/input/datasets/nagendra048/aadhar-dataset/train/images,Error: C:\Program Files\Tesseract-OCR\tesseract.exe is not installed or it's not in your PATH. See README file for more information.
amb-022_1636178548_jpg.rf.56bea6cc2f5f1243e3e2bdf43d69163d.jpg,/kaggle/input/datasets/nagendra048/aadhar-dataset/train/images,Error: C:\Program Files\Tesseract-OCR\tesseract.exe is not installed or it's not in your PATH. See README file for more information.
D8E0Re_VsAEzhCg_jpg.rf.ce92eff9959a31e0e97cc4cf3948cbbd.jpg,/kaggle/input/datasets/nagendra048/aadhar-dataset/train/images,Error: C:\Program Files\Tesseract-OCR\tesseract.exe is not installed or it's not in your PATH. See README file for more information.
adhar_card_6402313_835x547-m_jpg.rf.e2ef31d2431922978f8d61aa3bad2efa.jpg,/kaggle/input/datasets/nagendra048/aadhar-dataset/train/images,Error: C:\Program Files\Tesseract-OCR\tesseract.exe is not installed or it's not in your PATH. See README file for more information.
14171f7e3e906f9bb9cbee0e44b183ab_jpg.rf.0f0364548638c3b88b1b97f15fcc8e79.jpg,/kaggle/input/datasets/nagendra048/aadhar-dataset/train/images,Error: C:\Program Files\Tesseract-OCR\tesseract.exe is not installed or it's not in your PATH. See README file for more information.
images-3-_jpg.rf.d6189f0932d011cc8a04e0ee3acf2d38.jpg,/kaggle/input/datasets/nagendra048/aadhar-dataset/train/images,Error: C:\Program Files\Tesseract-OCR\tesseract.exe is not installed or it's not in your PATH. See README file for more information.
14171f7e3e906f9bb9cbee0e44b183ab_jpg.rf.7d34e828496affed3b9349586bd37ac6.jpg,/kaggle/input/datasets/nagendra048/aadhar-dataset/train/images,Error: C:\Program Files\Tesseract-OCR\tesseract.exe is not installed or it's not in your PATH. See README file for more information.
ac6c7da416cbf07230d588741cbb2d99_jpg.rf.2269a57f3b51552a55da9b6e402b38ff.jpg,/kaggle/input/datasets/nagendra048/aadhar-dataset/train/images,Error: C:\Program Files\Tesseract-OCR\tesseract.exe is not installed or it's not in your PATH. See README file for more information.
1b26b406ad9485c98cd496bc371db57f_jpg.rf.3188e38059c085f5767f4950d94c42b5.jpg,/kaggle/input/datasets/nagendra048/aadhar-dataset/train/images,Error: C:\Program Files\Tesseract-OCR\tesseract.exe is not installed or it's not in your PATH. See README file for more information.
aad43_jpg.rf.78d0735dc321b07df52074cb291c16b3.jpg,/kaggle/input/datasets/nagendra048/aadhar-dataset/train/images,Error: C:\Program Files\Tesseract-OCR\tesseract.exe is not installed or it's not in your PATH. See README file for more information.
b9cc3312597d27a7d53152d949674eec_jpg.rf.e8b7472b8162d1169c2f82d61ec7da9d.jpg,/kaggle/input/datasets/nagendra048/aadhar-dataset/train/images,Error: C:\Program Files\Tesseract-OCR\tesseract.exe is not installed or it's not in your PATH. See README file for more information.
a1e3125efaa4eebd8efc907ae48b69a1_jpg.rf.c2794304cff70dd590121ae24b75de3b.jpg,/kaggle/input/datasets/nagendra048/aadhar-dataset/train/images,Error: C:\Program Files\Tesseract-OCR\tesseract.exe is not installed or it's not in your PATH. See README file for more information.
0c0584201ff552c4bdcbe160315aa432_jpg.rf.3146b68fa30c1a246288d8373be2f2d8.jpg,/kaggle/input/datasets/nagendra048/aadhar-dataset/train/images,Error: C:\Program Files\Tesseract-OCR\tesseract.exe is not installed or it's not in your PATH. See README file for more information.
25305fe9d4d92e3899f5fbcab86fb2c7_jpg.rf.1ee622570407be5f6d43499757ddf631.jpg,/kaggle/input/datasets/nagendra048/aadhar-dataset/train/images,Error: C:\Program Files\Tesseract-OCR\tesseract.exe is not installed or it's not in your PATH. See README file for more information.
c5bc89c6e9cede0ff4d07085c5ce2488_jpg.rf.846f7f477c26d7a680cf9b14acc51d27.jpg,/kaggle/input/datasets/nagendra048/aadhar-dataset/train/images,Error: C:\Program Files\Tesseract-OCR\tesseract.exe is not installed or it's not in your PATH. See README file for more information.
DE8svj0U0AAEnrD_jpg.rf.7de343903e8549d1080aec5ec6293fd3.jpg,/kaggle/input/datasets/nagendra048/aadhar-dataset/train/images,Error: C:\Program Files\Tesseract-OCR\tesseract.exe is not installed or it's not in your PATH. See README file for more information.
5a9f2c8658426f9b1b17bfa65ef0d62c_jpg.rf.bd4daeea59ada097b9b59972fa7af87d.jpg,/kaggle/input/datasets/nagendra048/aadhar-dataset/train/images,Error: C:\Program Files\Tesseract-OCR\tesseract.exe is not installed or it's not in your PATH. See README file for more information.
2b923b9c9b526e45022e18d0493946ba_jpg.rf.95870f7b8ba490f0463975ad7caa8390.jpg,/kaggle/input/datasets/nagendra048/aadhar-dataset/train/images,Error: C:\Program Files\Tesseract-OCR\tesseract.exe is not installed or it's not in your PATH. See README file for more information.
banner_jpg.rf.f523cb44aeeaaf9b3f6b6d6a4db51c13.jpg,/kaggle/input/datasets/nagendra048/aadhar-dataset/train/images,Error: C:\Program Files\Tesseract-OCR\tesseract.exe is not installed or it's not in your PATH. See README file for more information.
a1e3125efaa4eebd8efc907ae48b69a1_jpg.rf.d67255e779e66b8adb1e1fad4050b7e8.jpg,/kaggle/input/datasets/nagendra048/aadhar-dataset/train/images,Error: C:\Program Files\Tesseract-OCR\tesseract.exe is not installed or it's not in your PATH. See README file for more information.
60643f2e835245dfa9b0c9c988abb748_jpg.rf.6afd89147d7b3d64ca01b9434247d1d6.jpg,/kaggle/input/datasets/nagendra048/aadhar-dataset/train/images,Error: C:\Program Files\Tesseract-OCR\tesseract.exe is not installed or it's not in your PATH. See README file for more information.
368a4dd1224bf4d35aa30fc7b61d32d2-1-_jpg.rf.f6f7e884fab31d30e9c2e256fc3462b7.jpg,/kaggle/input/datasets/nagendra048/aadhar-dataset/train/images,Error: C:\Program Files\Tesseract-OCR\tesseract.exe is not installed or it's not in your PATH. See README file for more information.
images-3-_jpg.rf.9662d3c21b242c83c5882482faaec55e.jpg,/kaggle/input/datasets/nagendra048/aadhar-dataset/train/images,Error: C:\Program Files\Tesseract-OCR\tesseract.exe is not installed or it's not in your PATH. See README file for more information.
23752a535ecca255d677464b5a7a24f4_jpg.rf.5f59207b254dcd7d9a2823d7c175606c.jpg,/kaggle/input/datasets/nagendra048/aadhar-dataset/train/images,Error: C:\Program Files\Tesseract-OCR\tesseract.exe is not installed or it's not in your PATH. See README file for more information.
d9c5c2aa49da5daf5ab4a18dd030726c_jpg.rf.388cde7968725790df1c0f4d8ba4e004.jpg,/kaggle/input/datasets/nagendra048/aadhar-dataset/train/images,Error: C:\Program Files\Tesseract-OCR\tesseract.exe is not installed or it's not in your PATH. See README file for more information.
94eb12c96f2d79889f4856eb47ae25a4_jpg.rf.5cc052b1f3b0da23a87d8d5f013a5603.jpg,/kaggle/input/datasets/nagendra048/aadhar-dataset/train/images,Error: C:\Program Files\Tesseract-OCR\tesseract.exe is not installed or it's not in your PATH. See README file for more information.
c9c6e3b130e3aed890884c240195ec9d_jpg.rf.eee8a556caa0eb27d7585d6846734c8e.jpg,/kaggle/input/datasets/nagendra048/aadhar-dataset/train/images,Error: C:\Program Files\Tesseract-OCR\tesseract.exe is not installed or it's not in your PATH. See README file for more information.
14171f7e3e906f9bb9cbee0e44b183ab-1-_jpg.rf.b15e2db2ae7303a79f27ad4a03b8c872.jpg,/kaggle/input/datasets/nagendra048/aadhar-dataset/train/images,Error: C:\Program Files\Tesseract-OCR\tesseract.exe is not installed or it's not in your PATH. See README file for more information.
images-11-_jpg.rf.f72affbfe067a61f06794ae526bf31a8.jpg,/kaggle/input/datasets/nagendra048/aadhar-dataset/train/images,Error: C:\Program Files\Tesseract-OCR\tesseract.exe is not installed or it's not in your PATH. See README file for more information.
44ca6539da21ea839134cf0e39ff6e37_jpg.rf.6470755006ac0d3c859d81fd3defaa83.jpg,/kaggle/input/datasets/nagendra048/aadhar-dataset/train/images,Error: C:\Program Files\Tesseract-OCR\tesseract.exe is not installed or it's not in your PATH. See README file for more information.
6faf8790a38b5e6a7d9e3347ba84a24f_jpg.rf.e9f05113aa3142a3491531c43a44885c.jpg,/kaggle/input/datasets/nagendra048/aadhar-dataset/train/images,Error: C:\Program Files\Tesseract-OCR\tesseract.exe is not installed or it's not in your PATH. See README file for more information.
19b620ad00aeb2885f0f0a1ccb337919_jpg.rf.17b3cceaa4a179c60d48b00189532b47.jpg,/kaggle/input/datasets/nagendra048/aadhar-dataset/train/images,Error: C:\Program Files\Tesseract-OCR\tesseract.exe is not installed or it's not in your PATH. See README file for more information.
images-8-_jpg.rf.6dece51fa8d4abafad12bf26ec7e5972.jpg,/kaggle/input/datasets/nagendra048/aadhar-dataset/train/images,Error: C:\Program Files\Tesseract-OCR\tesseract.exe is not installed or it's not in your PATH. See README file for more information.
c69b7f40144bf1cd4051251754af93ed-1-_jpg.rf.ad614993396294ecd0200bb646260a3a.jpg,/kaggle/input/datasets/nagendra048/aadhar-dataset/train/images,Error: C:\Program Files\Tesseract-OCR\tesseract.exe is not installed or it's not in your PATH. See README file for more information.
1c89969c27b6f7ea57d47a74f579b5cc-1-_jpg.rf.642cf69d70065f3732aa0dac133d01da.jpg,/kaggle/input/datasets/nagendra048/aadhar-dataset/train/images,Error: C:\Program Files\Tesseract-OCR\tesseract.exe is not installed or it's not in your PATH. See README file for more information.
35c4f8abcda3c0e3fe13b2435deaaff4_jpg.rf.a901c7f14238ce757ea216ec543f8be1.jpg,/kaggle/input/datasets/nagendra048/aadhar-dataset/train/images,Error: C:\Program Files\Tesseract-OCR\tesseract.exe is not installed or it's not in your PATH. See README file for more information.
447675edf75967ed3047d0ff28f280ac_jpg.rf.119e9e795f8f013a5a798040aead4c24.jpg,/kaggle/input/datasets/nagendra048/aadhar-dataset/train/images,Error: C:\Program Files\Tesseract-OCR\tesseract.exe is not installed or it's not in your PATH. See README file for more information.
b71fb182905bbdeea99549bff81f9c22_jpg.rf.c926441a9ca961cfc00eeeedf520b9aa.jpg,/kaggle/input/datasets/nagendra048/aadhar-dataset/train/images,Error: C:\Program Files\Tesseract-OCR\tesseract.exe is not installed or it's not in your PATH. See README file for more information.
dd73e0797834fecca12c450729c37fef_jpg.rf.44e8679d503290bf4a8c5f0113bbac0a.jpg,/kaggle/input/datasets/nagendra048/aadhar-dataset/train/images,Error: C:\Program Files\Tesseract-OCR\tesseract.exe is not installed or it's not in your PATH. See README file for more information.
pvc_adhar-card-600x600_jpg.rf.63b879d56b36135469b1911b0fe7178c.jpg,/kaggle/input/datasets/nagendra048/aadhar-dataset/train/images,Error: C:\Program Files\Tesseract-OCR\tesseract.exe is not installed or it's not in your PATH. See README file for more information.
ce1ea2dcb0a8e8dac1e26793ad3d5ecb_jpg.rf.4c501bbaf88ea4ed95a4785a8b5da574.jpg,/kaggle/input/datasets/nagendra048/aadhar-dataset/train/images,Error: C:\Program Files\Tesseract-OCR\tesseract.exe is not installed or it's not in your PATH. See README file for more information.
images-9-_jpg.rf.b25f40f310b7bc90473ce351ebb5733a.jpg,/kaggle/input/datasets/nagendra048/aadhar-dataset/train/images,Error: C:\Program Files\Tesseract-OCR\tesseract.exe is not installed or it's not in your PATH. See README file for more information.
58a8a1d7cf82feffbc75786afbe700ad_jpg.rf.5a06879d214deeb3e0ebd17a4642a737.jpg,/kaggle/input/datasets/nagendra048/aadhar-dataset/train/images,Error: C:\Program Files\Tesseract-OCR\tesseract.exe is not installed or it's not in your PATH. See README file for more information.
unnamed_jpg.rf.5d8eb26358a40698b640502827c4887b.jpg,/kaggle/input/datasets/nagendra048/aadhar-dataset/train/images,Error: C:\Program Files\Tesseract-OCR\tesseract.exe is not installed or it's not in your PATH. See README file for more information.
58a8a1d7cf82feffbc75786afbe700ad_jpg.rf.1a0a3d56399aa7f71ed91cea3cb6f870.jpg,/kaggle/input/datasets/nagendra048/aadhar-dataset/train/images,Error: C:\Program Files\Tesseract-OCR\tesseract.exe is not installed or it's not in your PATH. See README file for more information.
f6644ae09eb9acfc6a71f01115f917f9_jpg.rf.5c1c8cf7ab8e2017c0719a46e5d5be67.jpg,/kaggle/input/datasets/nagendra048/aadhar-dataset/train/images,Error: C:\Program Files\Tesseract-OCR\tesseract.exe is not installed or it's not in your PATH. See README file for more information.
c9c6e3b130e3aed890884c240195ec9d_jpg.rf.d54eaf09c9f02f1904274fdab1165508.jpg,/kaggle/input/datasets/nagendra048/aadhar-dataset/train/images,Error: C:\Program Files\Tesseract-OCR\tesseract.exe is not installed or it's not in your PATH. See README file for more information.
b9cc3312597d27a7d53152d949674eec_jpg.rf.7ee849efc02fbd3be84ac32d301003c7.jpg,/kaggle/input/datasets/nagendra048/aadhar-dataset/train/images,Error: C:\Program Files\Tesseract-OCR\tesseract.exe is not installed or it's not in your PATH. See README file for more information.
25305fe9d4d92e3899f5fbcab86fb2c7_jpg.rf.04e49d3fc5dcf174f84c00e9191baca2.jpg,/kaggle/input/datasets/nagendra048/aadhar-dataset/train/images,Error: C:\Program Files\Tesseract-OCR\tesseract.exe is not installed or it's not in your PATH. See README file for more information.
images-1-_jpg.rf.8c33770cf9e291a0632afe7b1c4af264.jpg,/kaggle/input/datasets/nagendra048/aadhar-dataset/train/images,Error: C:\Program Files\Tesseract-OCR\tesseract.exe is not installed or it's not in your PATH. See README file for more information.
9ccffeac84c5b19e14bab96b9177b18b_jpg.rf.56c2e7cdc5abb9fbc6d24abe3614be19.jpg,/kaggle/input/datasets/nagendra048/aadhar-dataset/train/images,Error: C:\Program Files\Tesseract-OCR\tesseract.exe is not installed or it's not in your PATH. See README file for more information.
766ad22cd5a05c1a9d21c658bb1e925c_jpg.rf.e53cd782f44984f083f38b19c3d9f5da.jpg,/kaggle/input/datasets/nagendra048/aadhar-dataset/train/images,Error: C:\Program Files\Tesseract-OCR\tesseract.exe is not installed or it's not in your PATH. See README file for more information.
102_509409293_jpg.rf.1033c8781d94780de7062595670fd582.jpg,/kaggle/input/datasets/nagendra048/aadhar-dataset/train/images,Error: C:\Program Files\Tesseract-OCR\tesseract.exe is not installed or it's not in your PATH. See README file for more information.
D8E0Re_VsAEzhCg_jpg.rf.3a1193c529188035e0c435045a9b251a.jpg,/kaggle/input/datasets/nagendra048/aadhar-dataset/train/images,Error: C:\Program Files\Tesseract-OCR\tesseract.exe is not installed or it's not in your PATH. See README file for more information.
78ebbaace416b45c0b552a5a3de7b1a7_jpg.rf.9167a9ca95011f414959e8e40c38ee1f.jpg,/kaggle/input/datasets/nagendra048/aadhar-dataset/train/images,Error: C:\Program Files\Tesseract-OCR\tesseract.exe is not installed or it's not in your PATH. See README file for more information.
80-Adding-Aadhar-Card-Template-Download-in-Photoshop-with-Aadhar-Card-Template-Download_jpg.rf.0f7b8bbfe865e3bcbaa41cc476cbf4bf.jpg,/kaggle/input/datasets/nagendra048/aadhar-dataset/train/images,Error: C:\Program Files\Tesseract-OCR\tesseract.exe is not installed or it's not in your PATH. See README file for more information.
06_01_2022_03_14_33_png_jpg.rf.d6370c0ccf8d194bfd0753fa8daf1ee0.jpg,/kaggle/input/datasets/nagendra048/aadhar-dataset/train/images,Error: C:\Program Files\Tesseract-OCR\tesseract.exe is not installed or it's not in your PATH. See README file for more information.
73a8158ee961472799e57e72b1868f54_jpg.rf.c6d6c6343c36d10e6499a663951a7681.jpg,/kaggle/input/datasets/nagendra048/aadhar-dataset/train/images,Error: C:\Program Files\Tesseract-OCR\tesseract.exe is not installed or it's not in your PATH. See README file for more information.
06a0686f91bed47d1f4873e4d104442c_jpg.rf.671d57b55a5f09f4d9240f46529413bf.jpg,/kaggle/input/datasets/nagendra048/aadhar-dataset/train/images,Error: C:\Program Files\Tesseract-OCR\tesseract.exe is not installed or it's not in your PATH. See README file for more information.
D8E0Re_VsAEzhCg_jpg.rf.9a3f00f9dfa7ce98f9052c2b1b96dd41.jpg,/kaggle/input/datasets/nagendra048/aadhar-dataset/train/images,Error: C:\Program Files\Tesseract-OCR\tesseract.exe is not installed or it's not in your PATH. See README file for more information.
DE8svj0U0AAEnrD_jpg.rf.695d75104c2f0f39013c92ece375bb0b.jpg,/kaggle/input/datasets/nagendra048/aadhar-dataset/train/images,Error: C:\Program Files\Tesseract-OCR\tesseract.exe is not installed or it's not in your PATH. See README file for more information.
aadhar_jpg.rf.53f7b0fe18ada1ac0c036ef2d4235501.jpg,/kaggle/input/datasets/nagendra048/aadhar-dataset/train/images,Error: C:\Program Files\Tesseract-OCR\tesseract.exe is not installed or it's not in your PATH. See README file for more information.
368a4dd1224bf4d35aa30fc7b61d32d2-1-_jpg.rf.2ca10351cb3b01799c7c45bc15776dfd.jpg,/kaggle/input/datasets/nagendra048/aadhar-dataset/train/images,Error: C:\Program Files\Tesseract-OCR\tesseract.exe is not installed or it's not in your PATH. See README file for more information.
086d820550f34066764f4047ddc263ca_jpg.rf.903399b099c1d89aaed1544564b1677e.jpg,/kaggle/input/datasets/nagendra048/aadhar-dataset/train/images,Error: C:\Program Files\Tesseract-OCR\tesseract.exe is not installed or it's not in your PATH. See README file for more information.
71697128_jpg.rf.3b43d8d1fae4d5ffde6d8b4b1f808546.jpg,/kaggle/input/datasets/nagendra048/aadhar-dataset/train/images,Error: C:\Program Files\Tesseract-OCR\tesseract.exe is not installed or it's not in your PATH. See README file for more information.
Ee-U7_SVAAIKkKh_jpg.rf.972e3febf9bfeb8a0d54a230ac0233fe.jpg,/kaggle/input/datasets/nagendra048/aadhar-dataset/train/images,Error: C:\Program Files\Tesseract-OCR\tesseract.exe is not installed or it's not in your PATH. See README file for more information.
b4ec339af5996addce61a9c73b7162f3-1-_jpg.rf.7807f6c121a12d447c2bb7022a36f0f8.jpg,/kaggle/input/datasets/nagendra048/aadhar-dataset/train/images,Error: C:\Program Files\Tesseract-OCR\tesseract.exe is not installed or it's not in your PATH. See README file for more information.
10096_jpg.rf.9c30e52757edf6c81f215cb251b9b24e.jpg,/kaggle/input/datasets/nagendra048/aadhar-dataset/train/images,Error: C:\Program Files\Tesseract-OCR\tesseract.exe is not installed or it's not in your PATH. See README file for more information.
images-5-_jpg.rf.1b771aa5681ac061af541ec64f9b2584.jpg,/kaggle/input/datasets/nagendra048/aadhar-dataset/train/images,Error: C:\Program Files\Tesseract-OCR\tesseract.exe is not installed or it's not in your PATH. See README file for more information.
aad43_jpg.rf.ca8d30f3cf4064abb7238a8276d0a048.jpg,/kaggle/input/datasets/nagendra048/aadhar-dataset/train/images,Error: C:\Program Files\Tesseract-OCR\tesseract.exe is not installed or it's not in your PATH. See README file for more information.
3564191365d6dd7bff705c3252860029_jpg.rf.2da0cb15b2b57eb45d08b6e683db098f.jpg,/kaggle/input/datasets/nagendra048/aadhar-dataset/train/images,Error: C:\Program Files\Tesseract-OCR\tesseract.exe is not installed or it's not in your PATH. See README file for more information.
c69b7f40144bf1cd4051251754af93ed-2-_jpg.rf.deb72417c9cc1a81449bf0e9ac617cd5.jpg,/kaggle/input/datasets/nagendra048/aadhar-dataset/train/images,Error: C:\Program Files\Tesseract-OCR\tesseract.exe is not installed or it's not in your PATH. See README file for more information.
26e69450edbd8716ee253bd7ec9b7607_jpg.rf.90caa19518ef91d1af087aa9469caacf.jpg,/kaggle/input/datasets/nagendra048/aadhar-dataset/train/images,Error: C:\Program Files\Tesseract-OCR\tesseract.exe is not installed or it's not in your PATH. See README file for more information.
49fa3bcf36cda2851f2d12adc5f9f6db-2-_jpg.rf.dc11acbbe9304369531d865066155a7f.jpg,/kaggle/input/datasets/nagendra048/aadhar-dataset/train/images,Error: C:\Program Files\Tesseract-OCR\tesseract.exe is not installed or it's not in your PATH. See README file for more information.
cfd6db78024aa90c6166e6873945fa56_jpg.rf.df25e28f2d9431396bff986de80cf0b2.jpg,/kaggle/input/datasets/nagendra048/aadhar-dataset/train/images,Error: C:\Program Files\Tesseract-OCR\tesseract.exe is not installed or it's not in your PATH. See README file for more information.
cfd6db78024aa90c6166e6873945fa56_jpg.rf.e8e5b22dbf990984d96a06a5ef3a9182.jpg,/kaggle/input/datasets/nagendra048/aadhar-dataset/train/images,Error: C:\Program Files\Tesseract-OCR\tesseract.exe is not installed or it's not in your PATH. See README file for more information.
8455878ee3f6d5bf35580169888b3fb6_jpg.rf.e44fee6163fd0306c6019e5461afba93.jpg,/kaggle/input/datasets/nagendra048/aadhar-dataset/train/images,Error: C:\Program Files\Tesseract-OCR\tesseract.exe is not installed or it's not in your PATH. See README file for more information.
44ca6539da21ea839134cf0e39ff6e37_jpg.rf.842d203e317a92afb12d945aea2ea3d2.jpg,/kaggle/input/datasets/nagendra048/aadhar-dataset/train/images,Error: C:\Program Files\Tesseract-OCR\tesseract.exe is not installed or it's not in your PATH. See README file for more information.
10048_jpg.rf.585beb46490b429bee1333be893b361e.jpg,/kaggle/input/datasets/nagendra048/aadhar-dataset/train/images,Error: C:\Program Files\Tesseract-OCR\tesseract.exe is not installed or it's not in your PATH. See README file for more information.
c9c6e3b130e3aed890884c240195ec9d_jpg.rf.8e63f1e748592d2f60be419ac16cadf5.jpg,/kaggle/input/datasets/nagendra048/aadhar-dataset/train/images,Error: C:\Program Files\Tesseract-OCR\tesseract.exe is not installed or it's not in your PATH. See README file for more information.
e46c99152bf3cfd347cc7ba27eb6ecd2_jpg.rf.8b2599d1cadb765eb3a99b551b0c6e58.jpg,/kaggle/input/datasets/nagendra048/aadhar-dataset/train/images,Error: C:\Program Files\Tesseract-OCR\tesseract.exe is not installed or it's not in your PATH. See README file for more information.
447675edf75967ed3047d0ff28f280ac-1-_jpg.rf.a75f633c7c3bd8691b0ea1997f25febc.jpg,/kaggle/input/datasets/nagendra048/aadhar-dataset/train/images,Error: C:\Program Files\Tesseract-OCR\tesseract.exe is not installed or it's not in your PATH. See README file for more information.
e731587b225d7bad435c4cfb7cbec669_jpg.rf.906b5cbda5857635f6e68758d7cd39df.jpg,/kaggle/input/datasets/nagendra048/aadhar-dataset/train/images,Error: C:\Program Files\Tesseract-OCR\tesseract.exe is not installed or it's not in your PATH. See README file for more information.
c69b7f40144bf1cd4051251754af93ed-2-_jpg.rf.a252b9e8a90dc471fcff04ec8e7cce54.jpg,/kaggle/input/datasets/nagendra048/aadhar-dataset/train/images,Error: C:\Program Files\Tesseract-OCR\tesseract.exe is not installed or it's not in your PATH. See README file for more information.
17e77ff746a7f6995dcbe80f0b107701_jpg.rf.6aca3b3420fabe07fa78458955daaef0.jpg,/kaggle/input/datasets/nagendra048/aadhar-dataset/train/images,Error: C:\Program Files\Tesseract-OCR\tesseract.exe is not installed or it's not in your PATH. See README file for more information.
img_1628671278092_474_jpg.rf.51ba93464ad9637ae78caf19e475337d.jpg,/kaggle/input/datasets/nagendra048/aadhar-dataset/train/images,Error: C:\Program Files\Tesseract-OCR\tesseract.exe is not installed or it's not in your PATH. See README file for more information.
80-Adding-Aadhar-Card-Template-Download-in-Photoshop-with-Aadhar-Card-Template-Download_jpg.rf.52416008a9cea24b8a9478613e83d354.jpg,/kaggle/input/datasets/nagendra048/aadhar-dataset/train/images,Error: C:\Program Files\Tesseract-OCR\tesseract.exe is not installed or it's not in your PATH. See README file for more information.
Adhar_Card_jpg.rf.01d360a77b00fead550976d6185cabcb.jpg,/kaggle/input/datasets/nagendra048/aadhar-dataset/train/images,Error: C:\Program Files\Tesseract-OCR\tesseract.exe is not installed or it's not in your PATH. See README file for more information.
2b923b9c9b526e45022e18d0493946ba-1-_jpg.rf.27cf71903e669c1b66ea62ca1209fb59.jpg,/kaggle/input/datasets/nagendra048/aadhar-dataset/train/images,Error: C:\Program Files\Tesseract-OCR\tesseract.exe is not installed or it's not in your PATH. See README file for more information.
1c89969c27b6f7ea57d47a74f579b5cc-2-_jpg.rf.e9b24304f048291dc07972a6d8a8c5a6.jpg,/kaggle/input/datasets/nagendra048/aadhar-dataset/train/images,Error: C:\Program Files\Tesseract-OCR\tesseract.exe is not installed or it's not in your PATH. See README file for more information.
b9cc3312597d27a7d53152d949674eec_jpg.rf.bec50dc512fd3b234d30cd4741df8c1e.jpg,/kaggle/input/datasets/nagendra048/aadhar-dataset/train/images,Error: C:\Program Files\Tesseract-OCR\tesseract.exe is not installed or it's not in your PATH. See README file for more information.
1_xMzwx1zuB5KlpNM53l2nfw_jpg.rf.a72cc249febaf76ee5b0ef7a39881234.jpg,/kaggle/input/datasets/nagendra048/aadhar-dataset/train/images,Error: C:\Program Files\Tesseract-OCR\tesseract.exe is not installed or it's not in your PATH. See README file for more information.
images-5-_jpg.rf.1ead0fc4d83f826a904dac3583bc3606.jpg,/kaggle/input/datasets/nagendra048/aadhar-dataset/train/images,Error: C:\Program Files\Tesseract-OCR\tesseract.exe is not installed or it's not in your PATH. See README file for more information.
images-11-_jpg.rf.1bcb48d47b7103144d5f2f93cea361bc.jpg,/kaggle/input/datasets/nagendra048/aadhar-dataset/train/images,Error: C:\Program Files\Tesseract-OCR\tesseract.exe is not installed or it's not in your PATH. See README file for more information.
49fa3bcf36cda2851f2d12adc5f9f6db-2-_jpg.rf.6afd95c026d6c869d558f8ce927c7a00.jpg,/kaggle/input/datasets/nagendra048/aadhar-dataset/train/images,Error: C:\Program Files\Tesseract-OCR\tesseract.exe is not installed or it's not in your PATH. See README file for more information.
17e77ff746a7f6995dcbe80f0b107701_jpg.rf.5e3649cbd67d1297c0053cd68fdf1726.jpg,/kaggle/input/datasets/nagendra048/aadhar-dataset/train/images,Error: C:\Program Files\Tesseract-OCR\tesseract.exe is not installed or it's not in your PATH. See README file for more information.
images-1-_jpg.rf.b3c6a27f9b98df8794da2eff66c9ddfc.jpg,/kaggle/input/datasets/nagendra048/aadhar-dataset/train/images,Error: C:\Program Files\Tesseract-OCR\tesseract.exe is not installed or it's not in your PATH. See README file for more information.
dd1b5eeb6239e3d97be96c4fa66a4eb7_jpg.rf.2b41bfeb2632d38995fb6a091f49b14e.jpg,/kaggle/input/datasets/nagendra048/aadhar-dataset/train/images,Error: C:\Program Files\Tesseract-OCR\tesseract.exe is not installed or it's not in your PATH. See README file for more information.
2b923b9c9b526e45022e18d0493946ba_jpg.rf.bd00d26bfeb49bbc0bc82eb117b3b429.jpg,/kaggle/input/datasets/nagendra048/aadhar-dataset/train/images,Error: C:\Program Files\Tesseract-OCR\tesseract.exe is not installed or it's not in your PATH. See README file for more information.
97d297f8384d0e9b857e3ebc0bd31dcd_jpg.rf.7c8ba1838f7e58717f5de95225f6ef0f.jpg,/kaggle/input/datasets/nagendra048/aadhar-dataset/train/images,Error: C:\Program Files\Tesseract-OCR\tesseract.exe is not installed or it's not in your PATH. See README file for more information.
25305fe9d4d92e3899f5fbcab86fb2c7_jpg.rf.f975454b7eba61de0862763166e4400f.jpg,/kaggle/input/datasets/nagendra048/aadhar-dataset/train/images,Error: C:\Program Files\Tesseract-OCR\tesseract.exe is not installed or it's not in your PATH. See README file for more information.
adhar1_2366193f_jpg.rf.a1a0b5da1576e3f64f198f877cf3ecc2.jpg,/kaggle/input/datasets/nagendra048/aadhar-dataset/train/images,Error: C:\Program Files\Tesseract-OCR\tesseract.exe is not installed or it's not in your PATH. See README file for more information.
6cc303eb6be78797fd871ec8cad3a65d_jpg.rf.eec7395aa42dc603da80dfc8dc30ca15.jpg,/kaggle/input/datasets/nagendra048/aadhar-dataset/train/images,Error: C:\Program Files\Tesseract-OCR\tesseract.exe is not installed or it's not in your PATH. See README file for more information.
49fa3bcf36cda2851f2d12adc5f9f6db-2-_jpg.rf.af9645354f71fcc84397fac63dd89fe7.jpg,/kaggle/input/datasets/nagendra048/aadhar-dataset/train/images,Error: C:\Program Files\Tesseract-OCR\tesseract.exe is not installed or it's not in your PATH. See README file for more information.
2b923b9c9b526e45022e18d0493946ba-1-_jpg.rf.a7ee7907d12aeb31659c1c7a9678b08a.jpg,/kaggle/input/datasets/nagendra048/aadhar-dataset/train/images,Error: C:\Program Files\Tesseract-OCR\tesseract.exe is not installed or it's not in your PATH. See README file for more information.
d9c5c2aa49da5daf5ab4a18dd030726c_jpg.rf.029de8aad4aa827430e9ec0f315b1abb.jpg,/kaggle/input/datasets/nagendra048/aadhar-dataset/train/images,Error: C:\Program Files\Tesseract-OCR\tesseract.exe is not installed or it's not in your PATH. See README file for more information.
b7becd5c330f22d135ef4ffa3b26e65e_jpg.rf.830737474ce0b2487a7b2516f8205871.jpg,/kaggle/input/datasets/nagendra048/aadhar-dataset/train/images,Error: C:\Program Files\Tesseract-OCR\tesseract.exe is not installed or it's not in your PATH. See README file for more information.
Aadhar-Card-678x381_jpg.rf.846d43b9878ad01fbad0e02d954ca4c0.jpg,/kaggle/input/datasets/nagendra048/aadhar-dataset/train/images,Error: C:\Program Files\Tesseract-OCR\tesseract.exe is not installed or it's not in your PATH. See README file for more information.
images-2-_jpg.rf.08c02f7467c94545f710a16ecc1e76c5.jpg,/kaggle/input/datasets/nagendra048/aadhar-dataset/train/images,Error: C:\Program Files\Tesseract-OCR\tesseract.exe is not installed or it's not in your PATH. See README file for more information.
images-9-_jpg.rf.14de969e2d5e5898d4ebdde80dc38843.jpg,/kaggle/input/datasets/nagendra048/aadhar-dataset/train/images,Error: C:\Program Files\Tesseract-OCR\tesseract.exe is not installed or it's not in your PATH. See README file for more information.
Image-Resizer-_-Easily-Resize-Images-Online-for-FREE_jpg.rf.3e43b0aa9604cad31797f7dc851c47e2.jpg,/kaggle/input/datasets/nagendra048/aadhar-dataset/train/images,Error: C:\Program Files\Tesseract-OCR\tesseract.exe is not installed or it's not in your PATH. See README file for more information.
44ca6539da21ea839134cf0e39ff6e37_jpg.rf.1fda6f4baffb04ac47ea06b31c7d725c.jpg,/kaggle/input/datasets/nagendra048/aadhar-dataset/train/images,Error: C:\Program Files\Tesseract-OCR\tesseract.exe is not installed or it's not in your PATH. See README file for more information.
thumb_jpg.rf.b3e3c97ef252f72f235ec7a7c0a43a9d.jpg,/kaggle/input/datasets/nagendra048/aadhar-dataset/train/images,Error: C:\Program Files\Tesseract-OCR\tesseract.exe is not installed or it's not in your PATH. See README file for more information.
06a0686f91bed47d1f4873e4d104442c_jpg.rf.7f7295c815a890bc2f12234db77ba5d5.jpg,/kaggle/input/datasets/nagendra048/aadhar-dataset/train/images,Error: C:\Program Files\Tesseract-OCR\tesseract.exe is not installed or it's not in your PATH. See README file for more information.
71697128_jpg.rf.4dcd940014f2168332151b53b0742617.jpg,/kaggle/input/datasets/nagendra048/aadhar-dataset/train/images,Error: C:\Program Files\Tesseract-OCR\tesseract.exe is not installed or it's not in your PATH. See README file for more information.
images-19-_jpg.rf.570bc9ae74ed0d77d6ccdc2de70136aa.jpg,/kaggle/input/datasets/nagendra048/aadhar-dataset/train/images,Error: C:\Program Files\Tesseract-OCR\tesseract.exe is not installed or it's not in your PATH. See README file for more information.
10117_jpg.rf.35a844cfd03e36d8ebd0b63256b9363c.jpg,/kaggle/input/datasets/nagendra048/aadhar-dataset/train/images,Error: C:\Program Files\Tesseract-OCR\tesseract.exe is not installed or it's not in your PATH. See README file for more information.
images-7-_jpg.rf.1249ef14c6378f6133ab2dc13d95680e.jpg,/kaggle/input/datasets/nagendra048/aadhar-dataset/train/images,Error: C:\Program Files\Tesseract-OCR\tesseract.exe is not installed or it's not in your PATH. See README file for more information.
25305fe9d4d92e3899f5fbcab86fb2c7_jpg.rf.9ba4da1e9fa43bd0f4f8c125c91e9304.jpg,/kaggle/input/datasets/nagendra048/aadhar-dataset/train/images,Error: C:\Program Files\Tesseract-OCR\tesseract.exe is not installed or it's not in your PATH. See README file for more information.
images-16-_jpg.rf.afa32e1f675075af9b8b6c10a922da9d.jpg,/kaggle/input/datasets/nagendra048/aadhar-dataset/train/images,Error: C:\Program Files\Tesseract-OCR\tesseract.exe is not installed or it's not in your PATH. See README file for more information.
0521_adhar_jpg.rf.ec5f0697fca8869198041053e914a405.jpg,/kaggle/input/datasets/nagendra048/aadhar-dataset/train/images,Error: C:\Program Files\Tesseract-OCR\tesseract.exe is not installed or it's not in your PATH. See README file for more information.
amb-022_1636178548_jpg.rf.e44bcade78424f425b8967eeb7dcfdf2.jpg,/kaggle/input/datasets/nagendra048/aadhar-dataset/train/images,Error: C:\Program Files\Tesseract-OCR\tesseract.exe is not installed or it's not in your PATH. See README file for more information.
06_01_2022_03_14_10_png_jpg.rf.75bdaf746e73564109db2986594c21c3.jpg,/kaggle/input/datasets/nagendra048/aadhar-dataset/train/images,Error: C:\Program Files\Tesseract-OCR\tesseract.exe is not installed or it's not in your PATH. See README file for more information.
download_jpg.rf.b5937764f87d5690bc8e9f6f9770566a.jpg,/kaggle/input/datasets/nagendra048/aadhar-dataset/train/images,Error: C:\Program Files\Tesseract-OCR\tesseract.exe is not installed or it's not in your PATH. See README file for more information.
images-7-_jpg.rf.9f516b797ccefa79741e4718e87a9ff2.jpg,/kaggle/input/datasets/nagendra048/aadhar-dataset/train/images,Error: C:\Program Files\Tesseract-OCR\tesseract.exe is not installed or it's not in your PATH. See README file for more information.
images_jpg.rf.17c00b50725057d535c3d220bc43fc1c.jpg,/kaggle/input/datasets/nagendra048/aadhar-dataset/train/images,Error: C:\Program Files\Tesseract-OCR\tesseract.exe is not installed or it's not in your PATH. See README file for more information.
110_504886170_jpg.rf.3d1ce3e7156346ec8bbc5d5a5d0cacc8.jpg,/kaggle/input/datasets/nagendra048/aadhar-dataset/train/images,Error: C:\Program Files\Tesseract-OCR\tesseract.exe is not installed or it's not in your PATH. See README file for more information.
ce1ea2dcb0a8e8dac1e26793ad3d5ecb_jpg.rf.26d0c97d79f004ab027b8d2f2b53ebbc.jpg,/kaggle/input/datasets/nagendra048/aadhar-dataset/train/images,Error: C:\Program Files\Tesseract-OCR\tesseract.exe is not installed or it's not in your PATH. See README file for more information.
58a8a1d7cf82feffbc75786afbe700ad_jpg.rf.a221502550d5437324fcec418aef428a.jpg,/kaggle/input/datasets/nagendra048/aadhar-dataset/train/images,Error: C:\Program Files\Tesseract-OCR\tesseract.exe is not installed or it's not in your PATH. See README file for more information.
17e77ff746a7f6995dcbe80f0b107701_jpg.rf.494ef63e25db73e1aff8236395f04673.jpg,/kaggle/input/datasets/nagendra048/aadhar-dataset/train/images,Error: C:\Program Files\Tesseract-OCR\tesseract.exe is not installed or it's not in your PATH. See README file for more information.
2bfd2f150b31581bac34445b5c49dd26_jpg.rf.00935f72bc876c4b40e97c285c54a3b2.jpg,/kaggle/input/datasets/nagendra048/aadhar-dataset/train/images,Error: C:\Program Files\Tesseract-OCR\tesseract.exe is not installed or it's not in your PATH. See README file for more information.
e731587b225d7bad435c4cfb7cbec669_jpg.rf.bd3765f9c8e2c1782574fdb2165b3e70.jpg,/kaggle/input/datasets/nagendra048/aadhar-dataset/train/images,Error: C:\Program Files\Tesseract-OCR\tesseract.exe is not installed or it's not in your PATH. See README file for more information.
images-11-_jpg.rf.4d1ed99b3ceeb480617d4a112481b3c8.jpg,/kaggle/input/datasets/nagendra048/aadhar-dataset/train/images,Error: C:\Program Files\Tesseract-OCR\tesseract.exe is not installed or it's not in your PATH. See README file for more information.
73a8158ee961472799e57e72b1868f54_jpg.rf.bf30d74cd444b9759bdf4848c0d6833b.jpg,/kaggle/input/datasets/nagendra048/aadhar-dataset/train/images,Error: C:\Program Files\Tesseract-OCR\tesseract.exe is not installed or it's not in your PATH. See README file for more information.
26e69450edbd8716ee253bd7ec9b7607_jpg.rf.98bff0255ce01e3b02a87925f39eaedf.jpg,/kaggle/input/datasets/nagendra048/aadhar-dataset/train/images,Error: C:\Program Files\Tesseract-OCR\tesseract.exe is not installed or it's not in your PATH. See README file for more information.
9ccffeac84c5b19e14bab96b9177b18b_jpg.rf.fe355292eae385407286ebd8eda35f87.jpg,/kaggle/input/datasets/nagendra048/aadhar-dataset/train/images,Error: C:\Program Files\Tesseract-OCR\tesseract.exe is not installed or it's not in your PATH. See README file for more information.
card_jpg.rf.036a2aed778f3ab275e35a79a710ef44.jpg,/kaggle/input/datasets/nagendra048/aadhar-dataset/train/images,Error: C:\Program Files\Tesseract-OCR\tesseract.exe is not installed or it's not in your PATH. See README file for more information.
product-500x500_jpg.rf.aa89e583fdb807f28b54b94d213e34d2.jpg,/kaggle/input/datasets/nagendra048/aadhar-dataset/train/images,Error: C:\Program Files\Tesseract-OCR\tesseract.exe is not installed or it's not in your PATH. See README file for more information.
78ebbaace416b45c0b552a5a3de7b1a7_jpg.rf.46d2e586aa330b5d11d2e526086e95a5.jpg,/kaggle/input/datasets/nagendra048/aadhar-dataset/train/images,Error: C:\Program Files\Tesseract-OCR\tesseract.exe is not installed or it's not in your PATH. See README file for more information.
25305fe9d4d92e3899f5fbcab86fb2c7_jpg.rf.259c558aa0ccda859406e475a14cbd23.jpg,/kaggle/input/datasets/nagendra048/aadhar-dataset/train/images,Error: C:\Program Files\Tesseract-OCR\tesseract.exe is not installed or it's not in your PATH. See README file for more information.
447675edf75967ed3047d0ff28f280ac-1-_jpg.rf.05c461c16f48c0c93e31dfe06782f6a9.jpg,/kaggle/input/datasets/nagendra048/aadhar-dataset/train/images,Error: C:\Program Files\Tesseract-OCR\tesseract.exe is not installed or it's not in your PATH. See README file for more information.
images-18-_jpg.rf.3f79644bfb1f9ea0dddb9c957a5eb2d9.jpg,/kaggle/input/datasets/nagendra048/aadhar-dataset/train/images,Error: C:\Program Files\Tesseract-OCR\tesseract.exe is not installed or it's not in your PATH. See README file for more information.
1c89969c27b6f7ea57d47a74f579b5cc-2-_jpg.rf.d918a0ab864fc95e5b9a6aaf78d18433.jpg,/kaggle/input/datasets/nagendra048/aadhar-dataset/train/images,Error: C:\Program Files\Tesseract-OCR\tesseract.exe is not installed or it's not in your PATH. See README file for more information.
46bad340b458a566dc6e2fd9cd2b1b33_jpg.rf.ac7b98b8fd0cbb0b4c2d810c2d601ead.jpg,/kaggle/input/datasets/nagendra048/aadhar-dataset/train/images,Error: C:\Program Files\Tesseract-OCR\tesseract.exe is not installed or it's not in your PATH. See README file for more information.
photos-11111778-16310969735991632_jpg.rf.19ae2b4c9541ee5d24fb2c408de829ac.jpg,/kaggle/input/datasets/nagendra048/aadhar-dataset/train/images,Error: C:\Program Files\Tesseract-OCR\tesseract.exe is not installed or it's not in your PATH. See README file for more information.
46804894d63fe5b3fea2582cfa7657c7-1-_jpg.rf.f5b0fcdc3b4a7c4667d413856ffae30d.jpg,/kaggle/input/datasets/nagendra048/aadhar-dataset/train/images,Error: C:\Program Files\Tesseract-OCR\tesseract.exe is not installed or it's not in your PATH. See README file for more information.
a1e3125efaa4eebd8efc907ae48b69a1-2-_jpg.rf.2f9279742631f8fa7c2c6d8d3bac737b.jpg,/kaggle/input/datasets/nagendra048/aadhar-dataset/train/images,Error: C:\Program Files\Tesseract-OCR\tesseract.exe is not installed or it's not in your PATH. See README file for more information.
b7becd5c330f22d135ef4ffa3b26e65e_jpg.rf.bde4bd3765bbc13a50282e9f4162bc5e.jpg,/kaggle/input/datasets/nagendra048/aadhar-dataset/train/images,Error: C:\Program Files\Tesseract-OCR\tesseract.exe is not installed or it's not in your PATH. See README file for more information.
images-11-_jpg.rf.e29d99e16c0fe52019c2b1ff4bd09a5d.jpg,/kaggle/input/datasets/nagendra048/aadhar-dataset/train/images,Error: C:\Program Files\Tesseract-OCR\tesseract.exe is not installed or it's not in your PATH. See README file for more information.
e46c99152bf3cfd347cc7ba27eb6ecd2_jpg.rf.f0948f2ae152608f9a1d03a2412e3023.jpg,/kaggle/input/datasets/nagendra048/aadhar-dataset/train/images,Error: C:\Program Files\Tesseract-OCR\tesseract.exe is not installed or it's not in your PATH. See README file for more information.
15702284b04c27864e819ad89483b80d_jpg.rf.b462c71bbc35aad05b7bbaf3eae9239c.jpg,/kaggle/input/datasets/nagendra048/aadhar-dataset/train/images,Error: C:\Program Files\Tesseract-OCR\tesseract.exe is not installed or it's not in your PATH. See README file for more information.
c86a0da801ae2e586164e814b43de3c9_jpg.rf.31bbee5847fc500f1ee4f931fce53773.jpg,/kaggle/input/datasets/nagendra048/aadhar-dataset/train/images,Error: C:\Program Files\Tesseract-OCR\tesseract.exe is not installed or it's not in your PATH. See README file for more information.
bc2af9550a06aee72c9aa22a3c73f0fa_jpg.rf.002ada0ce58951df76034e4bf9a34519.jpg,/kaggle/input/datasets/nagendra048/aadhar-dataset/train/images,Error: C:\Program Files\Tesseract-OCR\tesseract.exe is not installed or it's not in your PATH. See README file for more information.
img_1628671278092_474_jpg.rf.3caae533789674d3ea6d030bc750fdd4.jpg,/kaggle/input/datasets/nagendra048/aadhar-dataset/train/images,Error: C:\Program Files\Tesseract-OCR\tesseract.exe is not installed or it's not in your PATH. See README file for more information.
images-2-_jpg.rf.27bac5113032f1e017e94822355007c2.jpg,/kaggle/input/datasets/nagendra048/aadhar-dataset/train/images,Error: C:\Program Files\Tesseract-OCR\tesseract.exe is not installed or it's not in your PATH. See README file for more information.
product-500x500_jpg.rf.823edbcf668b1fce988459f35c4f6015.jpg,/kaggle/input/datasets/nagendra048/aadhar-dataset/train/images,Error: C:\Program Files\Tesseract-OCR\tesseract.exe is not installed or it's not in your PATH. See README file for more information.
8c7dab60c3bdf9f210aaaca1a87c78de_jpg.rf.60788c8626ce90bc20a612dc8438896a.jpg,/kaggle/input/datasets/nagendra048/aadhar-dataset/train/images,Error: C:\Program Files\Tesseract-OCR\tesseract.exe is not installed or it's not in your PATH. See README file for more information.
EFdEgzrUYAMutNm_jpg.rf.73a26818c7ba6b942f32a1d77b8d3811.jpg,/kaggle/input/datasets/nagendra048/aadhar-dataset/train/images,Error: C:\Program Files\Tesseract-OCR\tesseract.exe is not installed or it's not in your PATH. See README file for more information.
images-2-_jpg.rf.4fc8bf71e6f1925ebb95158749d176d5.jpg,/kaggle/input/datasets/nagendra048/aadhar-dataset/train/images,Error: C:\Program Files\Tesseract-OCR\tesseract.exe is not installed or it's not in your PATH. See README file for more information.
images-7-_jpg.rf.0316c97643a2a591d2d68c9627bbb555.jpg,/kaggle/input/datasets/nagendra048/aadhar-dataset/train/images,Error: C:\Program Files\Tesseract-OCR\tesseract.exe is not installed or it's not in your PATH. See README file for more information.
c86a0da801ae2e586164e814b43de3c9_jpg.rf.6e32702562f77c202f0ac5e12fb3fb8c.jpg,/kaggle/input/datasets/nagendra048/aadhar-dataset/train/images,Error: C:\Program Files\Tesseract-OCR\tesseract.exe is not installed or it's not in your PATH. See README file for more information.
c5bc89c6e9cede0ff4d07085c5ce2488_jpg.rf.8a516ded02c3813940402d6bd228384b.jpg,/kaggle/input/datasets/nagendra048/aadhar-dataset/train/images,Error: C:\Program Files\Tesseract-OCR\tesseract.exe is not installed or it's not in your PATH. See README file for more information.
images_jpg.rf.b31fd0524b6fd1fc2391732cd6578971.jpg,/kaggle/input/datasets/nagendra048/aadhar-dataset/train/images,Error: C:\Program Files\Tesseract-OCR\tesseract.exe is not installed or it's not in your PATH. See README file for more information.
c7d12dabedb1da10342b91dea665a917_jpg.rf.45d08c329e9a80a6f5bfce2c7ac1dea6.jpg,/kaggle/input/datasets/nagendra048/aadhar-dataset/train/images,Error: C:\Program Files\Tesseract-OCR\tesseract.exe is not installed or it's not in your PATH. See README file for more information.
c7d12dabedb1da10342b91dea665a917_jpg.rf.06fae458925da220f5113bf41afdba5d.jpg,/kaggle/input/datasets/nagendra048/aadhar-dataset/train/images,Error: C:\Program Files\Tesseract-OCR\tesseract.exe is not installed or it's not in your PATH. See README file for more information.
cfd6db78024aa90c6166e6873945fa56_jpg.rf.afec82e3d913559c6e0d27ddff16e4e8.jpg,/kaggle/input/datasets/nagendra048/aadhar-dataset/train/images,Error: C:\Program Files\Tesseract-OCR\tesseract.exe is not installed or it's not in your PATH. See README file for more information.
46804894d63fe5b3fea2582cfa7657c7-1-_jpg.rf.4661550e8546e0fdb0c8676c70cbd8d0.jpg,/kaggle/input/datasets/nagendra048/aadhar-dataset/train/images,Error: C:\Program Files\Tesseract-OCR\tesseract.exe is not installed or it's not in your PATH. See README file for more information.
pvc_adhar-card-600x600_jpg.rf.bd722ff361cb1e721ae1c274d45c15b0.jpg,/kaggle/input/datasets/nagendra048/aadhar-dataset/train/images,Error: C:\Program Files\Tesseract-OCR\tesseract.exe is not installed or it's not in your PATH. See README file for more information.
images-13-_jpg.rf.6783418faa84a687d7865f7f7a3eab60.jpg,/kaggle/input/datasets/nagendra048/aadhar-dataset/train/images,Error: C:\Program Files\Tesseract-OCR\tesseract.exe is not installed or it's not in your PATH. See README file for more information.
46804894d63fe5b3fea2582cfa7657c7-1-_jpg.rf.3f3f28af62f7a0bf7855e69fcbf39eca.jpg,/kaggle/input/datasets/nagendra048/aadhar-dataset/train/images,Error: C:\Program Files\Tesseract-OCR\tesseract.exe is not installed or it's not in your PATH. See README file for more information.
6d8e67208737a556302565d3c61dc373_jpg.rf.9a37375236c90c3cc5d78fd81a51ff9e.jpg,/kaggle/input/datasets/nagendra048/aadhar-dataset/train/images,Error: C:\Program Files\Tesseract-OCR\tesseract.exe is not installed or it's not in your PATH. See README file for more information.
0d4c873ace54e82fb49c451a9bdc6d24_jpg.rf.dbbbd152115a32b43e0e1bc35515f364.jpg,/kaggle/input/datasets/nagendra048/aadhar-dataset/train/images,Error: C:\Program Files\Tesseract-OCR\tesseract.exe is not installed or it's not in your PATH. See README file for more information.
b0d100d4275f891c2fbc6d9d56dbd123_jpg.rf.5aa5dc77a91033b77200eff88937eb53.jpg,/kaggle/input/datasets/nagendra048/aadhar-dataset/train/images,Error: C:\Program Files\Tesseract-OCR\tesseract.exe is not installed or it's not in your PATH. See README file for more information.
1c89969c27b6f7ea57d47a74f579b5cc-2-_jpg.rf.0a52d687281edd2ced1454b35866cf43.jpg,/kaggle/input/datasets/nagendra048/aadhar-dataset/train/images,Error: C:\Program Files\Tesseract-OCR\tesseract.exe is not installed or it's not in your PATH. See README file for more information.
b4047be5f6a409a7ac20777d25d5a058_jpg.rf.6ec7eec1fdb183e3937ab0928b603849.jpg,/kaggle/input/datasets/nagendra048/aadhar-dataset/train/images,Error: C:\Program Files\Tesseract-OCR\tesseract.exe is not installed or it's not in your PATH. See README file for more information.
images-15-_jpg.rf.cb98ff0055c49f6f0ea7bc6a7c09c410.jpg,/kaggle/input/datasets/nagendra048/aadhar-dataset/train/images,Error: C:\Program Files\Tesseract-OCR\tesseract.exe is not installed or it's not in your PATH. See README file for more information.
49fa3bcf36cda2851f2d12adc5f9f6db-1-_jpg.rf.978ddb5da829de066d8b63ac1b57f621.jpg,/kaggle/input/datasets/nagendra048/aadhar-dataset/train/images,Error: C:\Program Files\Tesseract-OCR\tesseract.exe is not installed or it's not in your PATH. See README file for more information.
product-500x500_jpg.rf.3ffaa9541f48d31bd84c0e06cd2a111b.jpg,/kaggle/input/datasets/nagendra048/aadhar-dataset/train/images,Error: C:\Program Files\Tesseract-OCR\tesseract.exe is not installed or it's not in your PATH. See README file for more information.
b4047be5f6a409a7ac20777d25d5a058_jpg.rf.f8ae091d95ec3195dee648b4cbf328c0.jpg,/kaggle/input/datasets/nagendra048/aadhar-dataset/train/images,Error: C:\Program Files\Tesseract-OCR\tesseract.exe is not installed or it's not in your PATH. See README file for more information.
46bad340b458a566dc6e2fd9cd2b1b33_jpg.rf.4b4e9ac8eeebcd9cde25a0229f16a9be.jpg,/kaggle/input/datasets/nagendra048/aadhar-dataset/train/images,Error: C:\Program Files\Tesseract-OCR\tesseract.exe is not installed or it's not in your PATH. See README file for more information.
46bad340b458a566dc6e2fd9cd2b1b33_jpg.rf.9d31beae0e147d40a9eb8bc2ce8da308.jpg,/kaggle/input/datasets/nagendra048/aadhar-dataset/train/images,Error: C:\Program Files\Tesseract-OCR\tesseract.exe is not installed or it's not in your PATH. See README file for more information.
97d297f8384d0e9b857e3ebc0bd31dcd_jpg.rf.ca964eab712726118d1a77077ed8e3e2.jpg,/kaggle/input/datasets/nagendra048/aadhar-dataset/train/images,Error: C:\Program Files\Tesseract-OCR\tesseract.exe is not installed or it's not in your PATH. See README file for more information.
thumb_jpg.rf.637f5ff4a1dcbe2530e1e903d31938fb.jpg,/kaggle/input/datasets/nagendra048/aadhar-dataset/train/images,Error: C:\Program Files\Tesseract-OCR\tesseract.exe is not installed or it's not in your PATH. See README file for more information.
thumb_jpg.rf.5101d5823ea08b2c9b09c56f79da998c.jpg,/kaggle/input/datasets/nagendra048/aadhar-dataset/train/images,Error: C:\Program Files\Tesseract-OCR\tesseract.exe is not installed or it's not in your PATH. See README file for more information.
e46c99152bf3cfd347cc7ba27eb6ecd2_jpg.rf.19429e1528097c44408405ba89cda88f.jpg,/kaggle/input/datasets/nagendra048/aadhar-dataset/train/images,Error: C:\Program Files\Tesseract-OCR\tesseract.exe is not installed or it's not in your PATH. See README file for more information.
aad43_jpg.rf.93f53a4c5831ba3f72d625855cdab730.jpg,/kaggle/input/datasets/nagendra048/aadhar-dataset/train/images,Error: C:\Program Files\Tesseract-OCR\tesseract.exe is not installed or it's not in your PATH. See README file for more information.
b2487cba906731d63c4ca7884bd1a2f0_jpg.rf.b847021da0f5676df4cf87e4a0703944.jpg,/kaggle/input/datasets/nagendra048/aadhar-dataset/train/images,Error: C:\Program Files\Tesseract-OCR\tesseract.exe is not installed or it's not in your PATH. See README file for more information.
2bfd2f150b31581bac34445b5c49dd26_jpg.rf.7be5f346d02ed98316d257ccd71140f6.jpg,/kaggle/input/datasets/nagendra048/aadhar-dataset/train/images,Error: C:\Program Files\Tesseract-OCR\tesseract.exe is not installed or it's not in your PATH. See README file for more information.
447675edf75967ed3047d0ff28f280ac_jpg.rf.eecfede30038679e4134293b06ce5364.jpg,/kaggle/input/datasets/nagendra048/aadhar-dataset/train/images,Error: C:\Program Files\Tesseract-OCR\tesseract.exe is not installed or it's not in your PATH. See README file for more information.
images_jpg.rf.8c5ae1c39baf4f8e312115a93b32f1d2.jpg,/kaggle/input/datasets/nagendra048/aadhar-dataset/train/images,Error: C:\Program Files\Tesseract-OCR\tesseract.exe is not installed or it's not in your PATH. See README file for more information.
447675edf75967ed3047d0ff28f280ac-1-_jpg.rf.2ef4a0669509629685c2246b48c11c3c.jpg,/kaggle/input/datasets/nagendra048/aadhar-dataset/train/images,Error: C:\Program Files\Tesseract-OCR\tesseract.exe is not installed or it's not in your PATH. See README file for more information.
aadhar_jpg.rf.96e01f450acbb2eef100d50b235417a6.jpg,/kaggle/input/datasets/nagendra048/aadhar-dataset/train/images,Error: C:\Program Files\Tesseract-OCR\tesseract.exe is not installed or it's not in your PATH. See README file for more information.
94eb12c96f2d79889f4856eb47ae25a4_jpg.rf.2525bddd30b8c034fdb6ece48a2363b0.jpg,/kaggle/input/datasets/nagendra048/aadhar-dataset/train/images,Error: C:\Program Files\Tesseract-OCR\tesseract.exe is not installed or it's not in your PATH. See README file for more information.
e46c99152bf3cfd347cc7ba27eb6ecd2_jpg.rf.b561f168d0c19c393569b54aa5dbd8a4.jpg,/kaggle/input/datasets/nagendra048/aadhar-dataset/train/images,Error: C:\Program Files\Tesseract-OCR\tesseract.exe is not installed or it's not in your PATH. See README file for more information.
d9c5c2aa49da5daf5ab4a18dd030726c_jpg.rf.ba2fa4673b0a2d0fff677fc992ce6e48.jpg,/kaggle/input/datasets/nagendra048/aadhar-dataset/train/images,Error: C:\Program Files\Tesseract-OCR\tesseract.exe is not installed or it's not in your PATH. See README file for more information.
71697128_jpg.rf.587b7be0b973a184d26c8591c69fe72b.jpg,/kaggle/input/datasets/nagendra048/aadhar-dataset/train/images,Error: C:\Program Files\Tesseract-OCR\tesseract.exe is not installed or it's not in your PATH. See README file for more information.
images-7-_jpg.rf.f782a0cdc303b1114a9ca2c401986986.jpg,/kaggle/input/datasets/nagendra048/aadhar-dataset/train/images,Error: C:\Program Files\Tesseract-OCR\tesseract.exe is not installed or it's not in your PATH. See README file for more information.
10124_jpg.rf.cb8d0c021ff2cd655535246f533a5018.jpg,/kaggle/input/datasets/nagendra048/aadhar-dataset/train/images,Error: C:\Program Files\Tesseract-OCR\tesseract.exe is not installed or it's not in your PATH. See README file for more information.
images-10-_jpg.rf.d7fab3111c9c721801a41a9e293eadba.jpg,/kaggle/input/datasets/nagendra048/aadhar-dataset/train/images,Error: C:\Program Files\Tesseract-OCR\tesseract.exe is not installed or it's not in your PATH. See README file for more information.
dd1b5eeb6239e3d97be96c4fa66a4eb7_jpg.rf.5d506b92e7690e6ab63f2aa1483ed795.jpg,/kaggle/input/datasets/nagendra048/aadhar-dataset/train/images,Error: C:\Program Files\Tesseract-OCR\tesseract.exe is not installed or it's not in your PATH. See README file for more information.
46bad340b458a566dc6e2fd9cd2b1b33_jpg.rf.3e30a889ed1003542b5d3b1b3450c74e.jpg,/kaggle/input/datasets/nagendra048/aadhar-dataset/train/images,Error: C:\Program Files\Tesseract-OCR\tesseract.exe is not installed or it's not in your PATH. See README file for more information.
25305fe9d4d92e3899f5fbcab86fb2c7-1-_jpg.rf.29fa52c3d9d0141e7c10917abbfff1df.jpg,/kaggle/input/datasets/nagendra048/aadhar-dataset/train/images,Error: C:\Program Files\Tesseract-OCR\tesseract.exe is not installed or it's not in your PATH. See README file for more information.
60643f2e835245dfa9b0c9c988abb748_jpg.rf.481de503ea7e20b3d20fca52b4d57bdc.jpg,/kaggle/input/datasets/nagendra048/aadhar-dataset/train/images,Error: C:\Program Files\Tesseract-OCR\tesseract.exe is not installed or it's not in your PATH. See README file for more information.
images-10-_jpg.rf.6fbc30d7012b41561f95dc539f560a3c.jpg,/kaggle/input/datasets/nagendra048/aadhar-dataset/train/images,Error: C:\Program Files\Tesseract-OCR\tesseract.exe is not installed or it's not in your PATH. See README file for more information.
images-12-_jpg.rf.b9e83e538bfa7b375c0483e3a4b8cf54.jpg,/kaggle/input/datasets/nagendra048/aadhar-dataset/train/images,Error: C:\Program Files\Tesseract-OCR\tesseract.exe is not installed or it's not in your PATH. See README file for more information.
c7d12dabedb1da10342b91dea665a917_jpg.rf.38b2a3f1c51e96b2ea7add43580546ea.jpg,/kaggle/input/datasets/nagendra048/aadhar-dataset/train/images,Error: C:\Program Files\Tesseract-OCR\tesseract.exe is not installed or it's not in your PATH. See README file for more information.
c9c6e3b130e3aed890884c240195ec9d_jpg.rf.1b317eee543340ba1b41563a3d8dd050.jpg,/kaggle/input/datasets/nagendra048/aadhar-dataset/train/images,Error: C:\Program Files\Tesseract-OCR\tesseract.exe is not installed or it's not in your PATH. See README file for more information.
c06a8a5d5214f4545a91b5c35eb7aa43_jpg.rf.1d23b703594a1e245add272f561a022d.jpg,/kaggle/input/datasets/nagendra048/aadhar-dataset/train/images,Error: C:\Program Files\Tesseract-OCR\tesseract.exe is not installed or it's not in your PATH. See README file for more information.
EL-ezv8UEAMzzu4_jpg.rf.0103bafae8866b00afb05924774b640a.jpg,/kaggle/input/datasets/nagendra048/aadhar-dataset/train/images,Error: C:\Program Files\Tesseract-OCR\tesseract.exe is not installed or it's not in your PATH. See README file for more information.
0c0584201ff552c4bdcbe160315aa432_jpg.rf.79c9a5cc723178ab7e79e869e7b4be75.jpg,/kaggle/input/datasets/nagendra048/aadhar-dataset/train/images,Error: C:\Program Files\Tesseract-OCR\tesseract.exe is not installed or it's not in your PATH. See README file for more information.
pvc_adhar-card-600x600_jpg.rf.85867594f5c7237a73c20869202b5df6.jpg,/kaggle/input/datasets/nagendra048/aadhar-dataset/train/images,Error: C:\Program Files\Tesseract-OCR\tesseract.exe is not installed or it's not in your PATH. See README file for more information.
c7d12dabedb1da10342b91dea665a917-1-_jpg.rf.eb7cf40481730f384808763a72cfd57c.jpg,/kaggle/input/datasets/nagendra048/aadhar-dataset/train/images,Error: C:\Program Files\Tesseract-OCR\tesseract.exe is not installed or it's not in your PATH. See README file for more information.
f6644ae09eb9acfc6a71f01115f917f9_jpg.rf.f174018d1bb4ef0c39b483923cf993b1.jpg,/kaggle/input/datasets/nagendra048/aadhar-dataset/train/images,Error: C:\Program Files\Tesseract-OCR\tesseract.exe is not installed or it's not in your PATH. See README file for more information.
2b923b9c9b526e45022e18d0493946ba-1-_jpg.rf.6f54b296dc22b0e0399e5a2c2f0f9c16.jpg,/kaggle/input/datasets/nagendra048/aadhar-dataset/train/images,Error: C:\Program Files\Tesseract-OCR\tesseract.exe is not installed or it's not in your PATH. See README file for more information.
78ebbaace416b45c0b552a5a3de7b1a7_jpg.rf.de27e95dcf7cba887a5531cc51384e6b.jpg,/kaggle/input/datasets/nagendra048/aadhar-dataset/train/images,Error: C:\Program Files\Tesseract-OCR\tesseract.exe is not installed or it's not in your PATH. See README file for more information.
f99b3efadece9bde10e251760cc71b1c_jpg.rf.6531ec701a37a9a5bd948cea52568fb5.jpg,/kaggle/input/datasets/nagendra048/aadhar-dataset/train/images,Error: C:\Program Files\Tesseract-OCR\tesseract.exe is not installed or it's not in your PATH. See README file for more information.
EWlRgN0UMAEhp1u_jpg.rf.bae2408b49174bc2edd26a5463ca5f69.jpg,/kaggle/input/datasets/nagendra048/aadhar-dataset/train/images,Error: C:\Program Files\Tesseract-OCR\tesseract.exe is not installed or it's not in your PATH. See README file for more information.
73a8158ee961472799e57e72b1868f54_jpg.rf.e56e3e0dddc2784b5458338aff104854.jpg,/kaggle/input/datasets/nagendra048/aadhar-dataset/train/images,Error: C:\Program Files\Tesseract-OCR\tesseract.exe is not installed or it's not in your PATH. See README file for more information.
images-15-_jpg.rf.6fb82b2ce67559ab9ba2738ddbff94a5.jpg,/kaggle/input/datasets/nagendra048/aadhar-dataset/train/images,Error: C:\Program Files\Tesseract-OCR\tesseract.exe is not installed or it's not in your PATH. See README file for more information.
23752a535ecca255d677464b5a7a24f4_jpg.rf.f9b88b23a29e0aea3cc34591afe64df2.jpg,/kaggle/input/datasets/nagendra048/aadhar-dataset/train/images,Error: C:\Program Files\Tesseract-OCR\tesseract.exe is not installed or it's not in your PATH. See README file for more information.
6b6ad42e38094e11a2260c2694582da5_jpg.rf.8fe4679f88b9175c039edba7203696aa.jpg,/kaggle/input/datasets/nagendra048/aadhar-dataset/train/images,Error: C:\Program Files\Tesseract-OCR\tesseract.exe is not installed or it's not in your PATH. See README file for more information.
ac6c7da416cbf07230d588741cbb2d99_jpg.rf.02aa489cc3db4ef78c930409d84dfb2a.jpg,/kaggle/input/datasets/nagendra048/aadhar-dataset/train/images,Error: C:\Program Files\Tesseract-OCR\tesseract.exe is not installed or it's not in your PATH. See README file for more information.
7e65eb61f2d964e4e46a9ee5e1330c28_jpg.rf.36121d4bd196f8a53e4a133b057e33e8.jpg,/kaggle/input/datasets/nagendra048/aadhar-dataset/train/images,Error: C:\Program Files\Tesseract-OCR\tesseract.exe is not installed or it's not in your PATH. See README file for more information.
images-18-_jpg.rf.d467befda0a79f06db70e897f8fcf59d.jpg,/kaggle/input/datasets/nagendra048/aadhar-dataset/train/images,Error: C:\Program Files\Tesseract-OCR\tesseract.exe is not installed or it's not in your PATH. See README file for more information.
25305fe9d4d92e3899f5fbcab86fb2c7_jpg.rf.c4e77a71228b5a8b74456c1bcaa11c04.jpg,/kaggle/input/datasets/nagendra048/aadhar-dataset/train/images,Error: C:\Program Files\Tesseract-OCR\tesseract.exe is not installed or it's not in your PATH. See README file for more information.
meerut-news_1591527061_jpg.rf.de5ac6e03c568a1de8f390ac50e65f43.jpg,/kaggle/input/datasets/nagendra048/aadhar-dataset/train/images,Error: C:\Program Files\Tesseract-OCR\tesseract.exe is not installed or it's not in your PATH. See README file for more information.
2017_7image_01_34_3344908890_jpg.rf.f2ba668581e8a8dda41418ce555b8784.jpg,/kaggle/input/datasets/nagendra048/aadhar-dataset/train/images,Error: C:\Program Files\Tesseract-OCR\tesseract.exe is not installed or it's not in your PATH. See README file for more information.
Aadhar-Card-678x381_jpg.rf.772e4f50668b2ffa6eef59e20ec35de3.jpg,/kaggle/input/datasets/nagendra048/aadhar-dataset/train/images,Error: C:\Program Files\Tesseract-OCR\tesseract.exe is not installed or it's not in your PATH. See README file for more information.
94eb12c96f2d79889f4856eb47ae25a4_jpg.rf.995b881ea3a16e6af64b26156c42edf3.jpg,/kaggle/input/datasets/nagendra048/aadhar-dataset/train/images,Error: C:\Program Files\Tesseract-OCR\tesseract.exe is not installed or it's not in your PATH. See README file for more information.
b9cc3312597d27a7d53152d949674eec_jpg.rf.7e0225dd7a4bab0e6c6e5d1cb2aa7dee.jpg,/kaggle/input/datasets/nagendra048/aadhar-dataset/train/images,Error: C:\Program Files\Tesseract-OCR\tesseract.exe is not installed or it's not in your PATH. See README file for more information.
06a0686f91bed47d1f4873e4d104442c_jpg.rf.d6ba1f9fcd47aa7d5ef2c47202540f0f.jpg,/kaggle/input/datasets/nagendra048/aadhar-dataset/train/images,Error: C:\Program Files\Tesseract-OCR\tesseract.exe is not installed or it's not in your PATH. See README file for more information.
06_01_2022_03_14_57_png_jpg.rf.599b245c3eaf65b6780d2e1291333737.jpg,/kaggle/input/datasets/nagendra048/aadhar-dataset/train/images,Error: C:\Program Files\Tesseract-OCR\tesseract.exe is not installed or it's not in your PATH. See README file for more information.
images-14-_jpg.rf.aaf86392b7d8dc02ef05bbc263552fa3.jpg,/kaggle/input/datasets/nagendra048/aadhar-dataset/train/images,Error: C:\Program Files\Tesseract-OCR\tesseract.exe is not installed or it's not in your PATH. See README file for more information.
c7d12dabedb1da10342b91dea665a917_jpg.rf.17ea02f7c5ea7a06a99c0e55718d15de.jpg,/kaggle/input/datasets/nagendra048/aadhar-dataset/train/images,Error: C:\Program Files\Tesseract-OCR\tesseract.exe is not installed or it's not in your PATH. See README file for more information.
7e65eb61f2d964e4e46a9ee5e1330c28_jpg.rf.acd6a6013304f5beb1e1fbc801debc18.jpg,/kaggle/input/datasets/nagendra048/aadhar-dataset/train/images,Error: C:\Program Files\Tesseract-OCR\tesseract.exe is not installed or it's not in your PATH. See README file for more information.
b0d100d4275f891c2fbc6d9d56dbd123_jpg.rf.bc93e0bf20fb59d3b2c42ceae2416240.jpg,/kaggle/input/datasets/nagendra048/aadhar-dataset/train/images,Error: C:\Program Files\Tesseract-OCR\tesseract.exe is not installed or it's not in your PATH. See README file for more information.
17e77ff746a7f6995dcbe80f0b107701_jpg.rf.17feb356c64e0db83d75d10954d5f728.jpg,/kaggle/input/datasets/nagendra048/aadhar-dataset/train/images,Error: C:\Program Files\Tesseract-OCR\tesseract.exe is not installed or it's not in your PATH. See README file for more information.
10071_jpg.rf.7905495ffc30a3d5c9f108c5caab488b.jpg,/kaggle/input/datasets/nagendra048/aadhar-dataset/train/images,Error: C:\Program Files\Tesseract-OCR\tesseract.exe is not installed or it's not in your PATH. See README file for more information.
images-16-_jpg.rf.726cc20c4770511e7b285e07257de19d.jpg,/kaggle/input/datasets/nagendra048/aadhar-dataset/train/images,Error: C:\Program Files\Tesseract-OCR\tesseract.exe is not installed or it's not in your PATH. See README file for more information.
15702284b04c27864e819ad89483b80d_jpg.rf.c2af08c487e24267655cf4ff06a2a59c.jpg,/kaggle/input/datasets/nagendra048/aadhar-dataset/train/images,Error: C:\Program Files\Tesseract-OCR\tesseract.exe is not installed or it's not in your PATH. See README file for more information.
5a9f2c8658426f9b1b17bfa65ef0d62c_jpg.rf.165e49fc7060a91800e3e245ddcd2b1f.jpg,/kaggle/input/datasets/nagendra048/aadhar-dataset/train/images,Error: C:\Program Files\Tesseract-OCR\tesseract.exe is not installed or it's not in your PATH. See README file for more information.
06_01_2022_03_14_28_png_jpg.rf.8ad8cda021c7c8d4ee36dc857e482364.jpg,/kaggle/input/datasets/nagendra048/aadhar-dataset/train/images,Error: C:\Program Files\Tesseract-OCR\tesseract.exe is not installed or it's not in your PATH. See README file for more information.
images_jpg.rf.996d74c1eee63700d30a2f60c0e6f3a6.jpg,/kaggle/input/datasets/nagendra048/aadhar-dataset/train/images,Error: C:\Program Files\Tesseract-OCR\tesseract.exe is not installed or it's not in your PATH. See README file for more information.
b71fb182905bbdeea99549bff81f9c22_jpg.rf.e6c89f2275e06915cde416f0466c0a0c.jpg,/kaggle/input/datasets/nagendra048/aadhar-dataset/train/images,Error: C:\Program Files\Tesseract-OCR\tesseract.exe is not installed or it's not in your PATH. See README file for more information.
ac6c7da416cbf07230d588741cbb2d99_jpg.rf.d5a3db2827dbb25b6193fae20c9b5eaf.jpg,/kaggle/input/datasets/nagendra048/aadhar-dataset/train/images,Error: C:\Program Files\Tesseract-OCR\tesseract.exe is not installed or it's not in your PATH. See README file for more information.
a1e3125efaa4eebd8efc907ae48b69a1-1-_jpg.rf.2dc69394b255e8313618652794c9624c.jpg,/kaggle/input/datasets/nagendra048/aadhar-dataset/train/images,Error: C:\Program Files\Tesseract-OCR\tesseract.exe is not installed or it's not in your PATH. See README file for more information.
368a4dd1224bf4d35aa30fc7b61d32d2-1-_jpg.rf.23ce5578e46e4475a13b6033fe25376d.jpg,/kaggle/input/datasets/nagendra048/aadhar-dataset/train/images,Error: C:\Program Files\Tesseract-OCR\tesseract.exe is not installed or it's not in your PATH. See README file for more information.
c5bc89c6e9cede0ff4d07085c5ce2488-1-_jpg.rf.84a7e66a6fb675533f00c928961b442e.jpg,/kaggle/input/datasets/nagendra048/aadhar-dataset/train/images,Error: C:\Program Files\Tesseract-OCR\tesseract.exe is not installed or it's not in your PATH. See README file for more information.
086d820550f34066764f4047ddc263ca_jpg.rf.540fc7a5137bad9f6ac098f29d350c0f.jpg,/kaggle/input/datasets/nagendra048/aadhar-dataset/train/images,Error: C:\Program Files\Tesseract-OCR\tesseract.exe is not installed or it's not in your PATH. See README file for more information.
8455878ee3f6d5bf35580169888b3fb6_jpg.rf.3b4a4820ad37e0662e0e02233bbb67c2.jpg,/kaggle/input/datasets/nagendra048/aadhar-dataset/train/images,Error: C:\Program Files\Tesseract-OCR\tesseract.exe is not installed or it's not in your PATH. See README file for more information.
447675edf75967ed3047d0ff28f280ac_jpg.rf.e33c84c1417a0df515aeb6d2137e6189.jpg,/kaggle/input/datasets/nagendra048/aadhar-dataset/train/images,Error: C:\Program Files\Tesseract-OCR\tesseract.exe is not installed or it's not in your PATH. See README file for more information.
2b923b9c9b526e45022e18d0493946ba-1-_jpg.rf.791e5d998f7ece5c15fc3b9c6bef51bf.jpg,/kaggle/input/datasets/nagendra048/aadhar-dataset/train/images,Error: C:\Program Files\Tesseract-OCR\tesseract.exe is not installed or it's not in your PATH. See README file for more information.
73a8158ee961472799e57e72b1868f54_jpg.rf.46a89f02f3fb3b1aba5972858b40421c.jpg,/kaggle/input/datasets/nagendra048/aadhar-dataset/train/images,Error: C:\Program Files\Tesseract-OCR\tesseract.exe is not installed or it's not in your PATH. See README file for more information.
46804894d63fe5b3fea2582cfa7657c7-1-_jpg.rf.4da814d186d5e3a9ca43013366e15318.jpg,/kaggle/input/datasets/nagendra048/aadhar-dataset/train/images,Error: C:\Program Files\Tesseract-OCR\tesseract.exe is not installed or it's not in your PATH. See README file for more information.
46804894d63fe5b3fea2582cfa7657c7-2-_jpg.rf.68a1d5c2031dd80488f46a87426ef481.jpg,/kaggle/input/datasets/nagendra048/aadhar-dataset/train/images,Error: C:\Program Files\Tesseract-OCR\tesseract.exe is not installed or it's not in your PATH. See README file for more information.
images-15-_jpg.rf.86f9ff17e92422e803ecfdc9441a3d6e.jpg,/kaggle/input/datasets/nagendra048/aadhar-dataset/train/images,Error: C:\Program Files\Tesseract-OCR\tesseract.exe is not installed or it's not in your PATH. See README file for more information.
2bfd2f150b31581bac34445b5c49dd26_jpg.rf.5894afe1205e2879edb0afc12e130047.jpg,/kaggle/input/datasets/nagendra048/aadhar-dataset/train/images,Error: C:\Program Files\Tesseract-OCR\tesseract.exe is not installed or it's not in your PATH. See README file for more information.
images-5-_jpg.rf.5cbbc3096b2a2aac471eb47aab18c8fa.jpg,/kaggle/input/datasets/nagendra048/aadhar-dataset/train/images,Error: C:\Program Files\Tesseract-OCR\tesseract.exe is not installed or it's not in your PATH. See README file for more information.
aad43_jpg.rf.f5721a0bd26f92f62c51cffb2f451290.jpg,/kaggle/input/datasets/nagendra048/aadhar-dataset/train/images,Error: C:\Program Files\Tesseract-OCR\tesseract.exe is not installed or it's not in your PATH. See README file for more information.
images-5-_jpg.rf.cf57c9bb5590fc5d75481a3851bcc49f.jpg,/kaggle/input/datasets/nagendra048/aadhar-dataset/train/images,Error: C:\Program Files\Tesseract-OCR\tesseract.exe is not installed or it's not in your PATH. See README file for more information.
c709629e7d00468f6c112daa8ca6c9e8_jpg.rf.4655d765900150f5f7b6b8def1d91eca.jpg,/kaggle/input/datasets/nagendra048/aadhar-dataset/train/images,Error: C:\Program Files\Tesseract-OCR\tesseract.exe is not installed or it's not in your PATH. See README file for more information.
17e77ff746a7f6995dcbe80f0b107701_jpg.rf.5270ff519376dfe8f948f954bdb5ade8.jpg,/kaggle/input/datasets/nagendra048/aadhar-dataset/train/images,Error: C:\Program Files\Tesseract-OCR\tesseract.exe is not installed or it's not in your PATH. See README file for more information.
images-8-_jpg.rf.2568308f3f3147c141741522e9a9ea80.jpg,/kaggle/input/datasets/nagendra048/aadhar-dataset/train/images,Error: C:\Program Files\Tesseract-OCR\tesseract.exe is not installed or it's not in your PATH. See README file for more information.
0521_adhar_jpg.rf.41addd0d272d74b0263af94242aa56c1.jpg,/kaggle/input/datasets/nagendra048/aadhar-dataset/train/images,Error: C:\Program Files\Tesseract-OCR\tesseract.exe is not installed or it's not in your PATH. See README file for more information.
adhar_card_6402313_835x547-m_jpg.rf.8ce741779e3a595935d4a50b58278ebb.jpg,/kaggle/input/datasets/nagendra048/aadhar-dataset/train/images,Error: C:\Program Files\Tesseract-OCR\tesseract.exe is not installed or it's not in your PATH. See README file for more information.
b4ec339af5996addce61a9c73b7162f3_jpg.rf.11003bb1a9ca131f4ad1ae8413d727a9.jpg,/kaggle/input/datasets/nagendra048/aadhar-dataset/train/images,Error: C:\Program Files\Tesseract-OCR\tesseract.exe is not installed or it's not in your PATH. See README file for more information.
35c4f8abcda3c0e3fe13b2435deaaff4_jpg.rf.443759bf856c06c9a954fbb6e4afee60.jpg,/kaggle/input/datasets/nagendra048/aadhar-dataset/train/images,Error: C:\Program Files\Tesseract-OCR\tesseract.exe is not installed or it's not in your PATH. See README file for more information.
Adhar_Card_jpg.rf.04ca583a3d1781e03889799538886ebb.jpg,/kaggle/input/datasets/nagendra048/aadhar-dataset/train/images,Error: C:\Program Files\Tesseract-OCR\tesseract.exe is not installed or it's not in your PATH. See README file for more information.
73a8158ee961472799e57e72b1868f54_jpg.rf.9a6d978be82bd9358e2381e5474b124b.jpg,/kaggle/input/datasets/nagendra048/aadhar-dataset/train/images,Error: C:\Program Files\Tesseract-OCR\tesseract.exe is not installed or it's not in your PATH. See README file for more information.
25305fe9d4d92e3899f5fbcab86fb2c7-1-_jpg.rf.fe67ad01033715028e22890e698cdf55.jpg,/kaggle/input/datasets/nagendra048/aadhar-dataset/train/images,Error: C:\Program Files\Tesseract-OCR\tesseract.exe is not installed or it's not in your PATH. See README file for more information.
images_jpg.rf.df94dac66276d63cbdc9e482d959d8fc.jpg,/kaggle/input/datasets/nagendra048/aadhar-dataset/train/images,Error: C:\Program Files\Tesseract-OCR\tesseract.exe is not installed or it's not in your PATH. See README file for more information.
ershad-adhar-centre-dinajpur-aadhaar-card-agents-gqwff0s4do_jpg.rf.3ddb421f1714871fd14c6533f1094bf3.jpg,/kaggle/input/datasets/nagendra048/aadhar-dataset/train/images,Error: C:\Program Files\Tesseract-OCR\tesseract.exe is not installed or it's not in your PATH. See README file for more information.
81eadb49cb7736c4e7460f318ebd5d29_jpg.rf.05ea67e71451773165c14227178f1270.jpg,/kaggle/input/datasets/nagendra048/aadhar-dataset/train/images,Error: C:\Program Files\Tesseract-OCR\tesseract.exe is not installed or it's not in your PATH. See README file for more information.
35c4f8abcda3c0e3fe13b2435deaaff4_jpg.rf.3a72dfda9a5d4c17589684eae7e1851f.jpg,/kaggle/input/datasets/nagendra048/aadhar-dataset/train/images,Error: C:\Program Files\Tesseract-OCR\tesseract.exe is not installed or it's not in your PATH. See README file for more information.
110_504886170_jpg.rf.65e33b8ac0ec3e6af2b7502664a27019.jpg,/kaggle/input/datasets/nagendra048/aadhar-dataset/train/images,Error: C:\Program Files\Tesseract-OCR\tesseract.exe is not installed or it's not in your PATH. See README file for more information.
dwRqcW6_jpg.rf.e313bdd5c32d24e5a378b07c442135e5.jpg,/kaggle/input/datasets/nagendra048/aadhar-dataset/train/images,Error: C:\Program Files\Tesseract-OCR\tesseract.exe is not installed or it's not in your PATH. See README file for more information.
b7becd5c330f22d135ef4ffa3b26e65e_jpg.rf.05eb9b8d92b53012594a8e0c07ba8488.jpg,/kaggle/input/datasets/nagendra048/aadhar-dataset/train/images,Error: C:\Program Files\Tesseract-OCR\tesseract.exe is not installed or it's not in your PATH. See README file for more information.
e731587b225d7bad435c4cfb7cbec669_jpg.rf.9ca89d80da52599a87db9456353425b4.jpg,/kaggle/input/datasets/nagendra048/aadhar-dataset/train/images,Error: C:\Program Files\Tesseract-OCR\tesseract.exe is not installed or it's not in your PATH. See README file for more information.
Adhar_Card_jpg.rf.7651ca1aa3500077a12a857d23e0d31e.jpg,/kaggle/input/datasets/nagendra048/aadhar-dataset/train/images,Error: C:\Program Files\Tesseract-OCR\tesseract.exe is not installed or it's not in your PATH. See README file for more information.
amb-022_1636178548_jpg.rf.a474b70b2743f002afa7d464bda4120a.jpg,/kaggle/input/datasets/nagendra048/aadhar-dataset/train/images,Error: C:\Program Files\Tesseract-OCR\tesseract.exe is not installed or it's not in your PATH. See README file for more information.
img_1628671278092_474_jpg.rf.c88157f15bd316530c258d46f356a282.jpg,/kaggle/input/datasets/nagendra048/aadhar-dataset/train/images,Error: C:\Program Files\Tesseract-OCR\tesseract.exe is not installed or it's not in your PATH. See README file for more information.
e731587b225d7bad435c4cfb7cbec669_jpg.rf.4045652d9f48e2956bccac590abce2ce.jpg,/kaggle/input/datasets/nagendra048/aadhar-dataset/train/images,Error: C:\Program Files\Tesseract-OCR\tesseract.exe is not installed or it's not in your PATH. See README file for more information.
meerut-news_1591527061_jpg.rf.fe18468dfbda9562e31faed96056b883.jpg,/kaggle/input/datasets/nagendra048/aadhar-dataset/train/images,Error: C:\Program Files\Tesseract-OCR\tesseract.exe is not installed or it's not in your PATH. See README file for more information.
6cc303eb6be78797fd871ec8cad3a65d_jpg.rf.414442c3565448f06e11aedcb8634be1.jpg,/kaggle/input/datasets/nagendra048/aadhar-dataset/train/images,Error: C:\Program Files\Tesseract-OCR\tesseract.exe is not installed or it's not in your PATH. See README file for more information.
aadhar_jpg.rf.95a147201edb43ff67596270fcdc7a6a.jpg,/kaggle/input/datasets/nagendra048/aadhar-dataset/train/images,Error: C:\Program Files\Tesseract-OCR\tesseract.exe is not installed or it's not in your PATH. See README file for more information.
447675edf75967ed3047d0ff28f280ac-1-_jpg.rf.f6bbc0ed858175b50f4c4dff9784d113.jpg,/kaggle/input/datasets/nagendra048/aadhar-dataset/train/images,Error: C:\Program Files\Tesseract-OCR\tesseract.exe is not installed or it's not in your PATH. See README file for more information.
94eb12c96f2d79889f4856eb47ae25a4_jpg.rf.6ee60a3efcd3ca2f6ab7442e3eeb0022.jpg,/kaggle/input/datasets/nagendra048/aadhar-dataset/train/images,Error: C:\Program Files\Tesseract-OCR\tesseract.exe is not installed or it's not in your PATH. See README file for more information.
images-4-_jpg.rf.b52ce62dc25952778796266e0f2d2b11.jpg,/kaggle/input/datasets/nagendra048/aadhar-dataset/train/images,Error: C:\Program Files\Tesseract-OCR\tesseract.exe is not installed or it's not in your PATH. See README file for more information.
c69b7f40144bf1cd4051251754af93ed-1-_jpg.rf.ad1a7f082b77691554f97e04ab694c3c.jpg,/kaggle/input/datasets/nagendra048/aadhar-dataset/train/images,Error: C:\Program Files\Tesseract-OCR\tesseract.exe is not installed or it's not in your PATH. See README file for more information.
1b26b406ad9485c98cd496bc371db57f_jpg.rf.0f39a4029d6ececca7f18e777657966f.jpg,/kaggle/input/datasets/nagendra048/aadhar-dataset/train/images,Error: C:\Program Files\Tesseract-OCR\tesseract.exe is not installed or it's not in your PATH. See README file for more information.
images-8-_jpg.rf.8fc847b27e5576ba084899130e666e52.jpg,/kaggle/input/datasets/nagendra048/aadhar-dataset/train/images,Error: C:\Program Files\Tesseract-OCR\tesseract.exe is not installed or it's not in your PATH. See README file for more information.
15702284b04c27864e819ad89483b80d_jpg.rf.d76c6e81db9c5fd7c5c2e50a9c2516fe.jpg,/kaggle/input/datasets/nagendra048/aadhar-dataset/train/images,Error: C:\Program Files\Tesseract-OCR\tesseract.exe is not installed or it's not in your PATH. See README file for more information.
images-4-_jpg.rf.daf5be9d683ee859ced0c53089fe6f64.jpg,/kaggle/input/datasets/nagendra048/aadhar-dataset/train/images,Error: C:\Program Files\Tesseract-OCR\tesseract.exe is not installed or it's not in your PATH. See README file for more information.
c5bc89c6e9cede0ff4d07085c5ce2488_jpg.rf.af43aa7b5e231e3945867a51b186bd6b.jpg,/kaggle/input/datasets/nagendra048/aadhar-dataset/train/images,Error: C:\Program Files\Tesseract-OCR\tesseract.exe is not installed or it's not in your PATH. See README file for more information.
card_jpg.rf.4325601b3d7a5b91b1580635df9b5412.jpg,/kaggle/input/datasets/nagendra048/aadhar-dataset/train/images,Error: C:\Program Files\Tesseract-OCR\tesseract.exe is not installed or it's not in your PATH. See README file for more information.
ce1ea2dcb0a8e8dac1e26793ad3d5ecb_jpg.rf.ac2d2e86ab0d3885b6995c3304729280.jpg,/kaggle/input/datasets/nagendra048/aadhar-dataset/train/images,Error: C:\Program Files\Tesseract-OCR\tesseract.exe is not installed or it's not in your PATH. See README file for more information.
e383ea165dd6f41b69ef72df10c4c473-1-_jpg.rf.fd720c1eb75cdb5a0d033bc3ca13d831.jpg,/kaggle/input/datasets/nagendra048/aadhar-dataset/train/images,Error: C:\Program Files\Tesseract-OCR\tesseract.exe is not installed or it's not in your PATH. See README file for more information.
b4ec339af5996addce61a9c73b7162f3-1-_jpg.rf.5efb42cb893751fd105a39ea4740c2a2.jpg,/kaggle/input/datasets/nagendra048/aadhar-dataset/train/images,Error: C:\Program Files\Tesseract-OCR\tesseract.exe is not installed or it's not in your PATH. See README file for more information.
6cc303eb6be78797fd871ec8cad3a65d_jpg.rf.4f309606108ef9d1c59d15330cbebf87.jpg,/kaggle/input/datasets/nagendra048/aadhar-dataset/train/images,Error: C:\Program Files\Tesseract-OCR\tesseract.exe is not installed or it's not in your PATH. See README file for more information.
b7becd5c330f22d135ef4ffa3b26e65e_jpg.rf.8c8e8e67e6d40a85e8ca21092d576ca6.jpg,/kaggle/input/datasets/nagendra048/aadhar-dataset/train/images,Error: C:\Program Files\Tesseract-OCR\tesseract.exe is not installed or it's not in your PATH. See README file for more information.
10125_jpg.rf.9d7b04349dd54f1ebcfbdeca3f7801e8.jpg,/kaggle/input/datasets/nagendra048/aadhar-dataset/train/images,Error: C:\Program Files\Tesseract-OCR\tesseract.exe is not installed or it's not in your PATH. See README file for more information.
97d297f8384d0e9b857e3ebc0bd31dcd_jpg.rf.dff2cc2114bd51bb8aaf0f93e59f725d.jpg,/kaggle/input/datasets/nagendra048/aadhar-dataset/train/images,Error: C:\Program Files\Tesseract-OCR\tesseract.exe is not installed or it's not in your PATH. See README file for more information.
8455878ee3f6d5bf35580169888b3fb6_jpg.rf.701fd0ed349ac590f646715a7dcc69dd.jpg,/kaggle/input/datasets/nagendra048/aadhar-dataset/train/images,Error: C:\Program Files\Tesseract-OCR\tesseract.exe is not installed or it's not in your PATH. See README file for more information.
dwRqcW6_jpg.rf.cc939a1b04c26beb82b4989d611c8017.jpg,/kaggle/input/datasets/nagendra048/aadhar-dataset/train/images,Error: C:\Program Files\Tesseract-OCR\tesseract.exe is not installed or it's not in your PATH. See README file for more information.
images-7-_jpg.rf.3de34c7e309edfe8e3e90c42e88e05b7.jpg,/kaggle/input/datasets/nagendra048/aadhar-dataset/train/images,Error: C:\Program Files\Tesseract-OCR\tesseract.exe is not installed or it's not in your PATH. See README file for more information.
10097_jpg.rf.1af6bf50822ea2ee0ce8288d5ea26c73.jpg,/kaggle/input/datasets/nagendra048/aadhar-dataset/train/images,Error: C:\Program Files\Tesseract-OCR\tesseract.exe is not installed or it's not in your PATH. See README file for more information.
images-7-_jpg.rf.abcf9ea89d924c43efd05c73603fd966.jpg,/kaggle/input/datasets/nagendra048/aadhar-dataset/train/images,Error: C:\Program Files\Tesseract-OCR\tesseract.exe is not installed or it's not in your PATH. See README file for more information.
46bad340b458a566dc6e2fd9cd2b1b33_jpg.rf.532f7a51fe44b7990dfdc98566317647.jpg,/kaggle/input/datasets/nagendra048/aadhar-dataset/train/images,Error: C:\Program Files\Tesseract-OCR\tesseract.exe is not installed or it's not in your PATH. See README file for more information.
images-4-_jpg.rf.69b613d5bda2b236321d3fe4c4f637ab.jpg,/kaggle/input/datasets/nagendra048/aadhar-dataset/train/images,Error: C:\Program Files\Tesseract-OCR\tesseract.exe is not installed or it's not in your PATH. See README file for more information.
10134_jpg.rf.428039c93073db0e92660c0a964a4979.jpg,/kaggle/input/datasets/nagendra048/aadhar-dataset/train/images,Error: C:\Program Files\Tesseract-OCR\tesseract.exe is not installed or it's not in your PATH. See README file for more information.
0521_adhar_jpg.rf.0188ba6593c38a70e56de2509a244a4d.jpg,/kaggle/input/datasets/nagendra048/aadhar-dataset/train/images,Error: C:\Program Files\Tesseract-OCR\tesseract.exe is not installed or it's not in your PATH. See README file for more information.
06a0686f91bed47d1f4873e4d104442c_jpg.rf.d9842a93567b378e0845371ab21cfae4.jpg,/kaggle/input/datasets/nagendra048/aadhar-dataset/train/images,Error: C:\Program Files\Tesseract-OCR\tesseract.exe is not installed or it's not in your PATH. See README file for more information.
b71fb182905bbdeea99549bff81f9c22_jpg.rf.8be58f986c031772c599464bc9f059ef.jpg,/kaggle/input/datasets/nagendra048/aadhar-dataset/train/images,Error: C:\Program Files\Tesseract-OCR\tesseract.exe is not installed or it's not in your PATH. See README file for more information.
a1e3125efaa4eebd8efc907ae48b69a1-2-_jpg.rf.d09dac2bda64fae9d01c109be76d405d.jpg,/kaggle/input/datasets/nagendra048/aadhar-dataset/train/images,Error: C:\Program Files\Tesseract-OCR\tesseract.exe is not installed or it's not in your PATH. See README file for more information.
img_1628671278092_474_jpg.rf.6b7985121866f06e71c7480889a24c84.jpg,/kaggle/input/datasets/nagendra048/aadhar-dataset/train/images,Error: C:\Program Files\Tesseract-OCR\tesseract.exe is not installed or it's not in your PATH. See README file for more information.
IMG_20180723_120159_jpg.rf.46b2f1268be2fb085c6566a9bf7c83c8.jpg,/kaggle/input/datasets/nagendra048/aadhar-dataset/train/images,Error: C:\Program Files\Tesseract-OCR\tesseract.exe is not installed or it's not in your PATH. See README file for more information.
2b923b9c9b526e45022e18d0493946ba_jpg.rf.6aa55d09d9ef80f67d9a5d1ba3b3eb3e.jpg,/kaggle/input/datasets/nagendra048/aadhar-dataset/train/images,Error: C:\Program Files\Tesseract-OCR\tesseract.exe is not installed or it's not in your PATH. See README file for more information.
49fa3bcf36cda2851f2d12adc5f9f6db-2-_jpg.rf.b79802b41a48e8e892e719015c39c7aa.jpg,/kaggle/input/datasets/nagendra048/aadhar-dataset/train/images,Error: C:\Program Files\Tesseract-OCR\tesseract.exe is not installed or it's not in your PATH. See README file for more information.
images-12-_jpg.rf.eb48683ca81b48fc85c7a9a9e988fa71.jpg,/kaggle/input/datasets/nagendra048/aadhar-dataset/train/images,Error: C:\Program Files\Tesseract-OCR\tesseract.exe is not installed or it's not in your PATH. See README file for more information.
0c0584201ff552c4bdcbe160315aa432_jpg.rf.947500e1486b3d8691fb0f9ef5820c10.jpg,/kaggle/input/datasets/nagendra048/aadhar-dataset/train/images,Error: C:\Program Files\Tesseract-OCR\tesseract.exe is not installed or it's not in your PATH. See README file for more information.
images-14-_jpg.rf.1d761d627ff7af25db626f70ac6fec7b.jpg,/kaggle/input/datasets/nagendra048/aadhar-dataset/train/images,Error: C:\Program Files\Tesseract-OCR\tesseract.exe is not installed or it's not in your PATH. See README file for more information.
766ad22cd5a05c1a9d21c658bb1e925c_jpg.rf.d9a06ff81016f92a95039faa8ff757ae.jpg,/kaggle/input/datasets/nagendra048/aadhar-dataset/train/images,Error: C:\Program Files\Tesseract-OCR\tesseract.exe is not installed or it's not in your PATH. See README file for more information.
d9c5c2aa49da5daf5ab4a18dd030726c_jpg.rf.9245fbc91a434f7982d303bcf192f9ba.jpg,/kaggle/input/datasets/nagendra048/aadhar-dataset/train/images,Error: C:\Program Files\Tesseract-OCR\tesseract.exe is not installed or it's not in your PATH. See README file for more information.
ffa5e80e5c547686632c7bc9746fee87_jpg.rf.56e01513d92a1ae15a5f62de7e5b41d5.jpg,/kaggle/input/datasets/nagendra048/aadhar-dataset/train/images,Error: C:\Program Files\Tesseract-OCR\tesseract.exe is not installed or it's not in your PATH. See README file for more information.
aad43_jpg.rf.c4595921ba9b26489e39294ea57edfd4.jpg,/kaggle/input/datasets/nagendra048/aadhar-dataset/train/images,Error: C:\Program Files\Tesseract-OCR\tesseract.exe is not installed or it's not in your PATH. See README file for more information.
10110_jpg.rf.4e05c58c355fc44c403bacf278211aa3.jpg,/kaggle/input/datasets/nagendra048/aadhar-dataset/train/images,Error: C:\Program Files\Tesseract-OCR\tesseract.exe is not installed or it's not in your PATH. See README file for more information.
8988c5603729dd48f76f59d6f3c6148e_jpg.rf.ee6716304dc705abf9f6a662e0a2efdb.jpg,/kaggle/input/datasets/nagendra048/aadhar-dataset/train/images,Error: C:\Program Files\Tesseract-OCR\tesseract.exe is not installed or it's not in your PATH. See README file for more information.
c7d12dabedb1da10342b91dea665a917_jpg.rf.3001672e19420dd4cbb6f08cef7df747.jpg,/kaggle/input/datasets/nagendra048/aadhar-dataset/train/images,Error: C:\Program Files\Tesseract-OCR\tesseract.exe is not installed or it's not in your PATH. See README file for more information.
10122_jpg.rf.0477d9cb153d5f5566e6ec9a090d80a5.jpg,/kaggle/input/datasets/nagendra048/aadhar-dataset/train/images,Error: C:\Program Files\Tesseract-OCR\tesseract.exe is not installed or it's not in your PATH. See README file for more information.
images-13-_jpg.rf.4ddc4f97f39a5a5f96040d97e0caf55c.jpg,/kaggle/input/datasets/nagendra048/aadhar-dataset/train/images,Error: C:\Program Files\Tesseract-OCR\tesseract.exe is not installed or it's not in your PATH. See README file for more information.
15702284b04c27864e819ad89483b80d_jpg.rf.f7affd2c1a1116da77452c72c4b43c71.jpg,/kaggle/input/datasets/nagendra048/aadhar-dataset/train/images,Error: C:\Program Files\Tesseract-OCR\tesseract.exe is not installed or it's not in your PATH. See README file for more information.
3564191365d6dd7bff705c3252860029_jpg.rf.a88eea03cd7af755db570b27293c90c1.jpg,/kaggle/input/datasets/nagendra048/aadhar-dataset/train/images,Error: C:\Program Files\Tesseract-OCR\tesseract.exe is not installed or it's not in your PATH. See README file for more information.
c7d12dabedb1da10342b91dea665a917-1-_jpg.rf.70552dbfdc2cc2e5ad2d77e4ae2d69ff.jpg,/kaggle/input/datasets/nagendra048/aadhar-dataset/train/images,Error: C:\Program Files\Tesseract-OCR\tesseract.exe is not installed or it's not in your PATH. See README file for more information.
46804894d63fe5b3fea2582cfa7657c7-2-_jpg.rf.19d9ca084f4a518bcc50949dbf402e58.jpg,/kaggle/input/datasets/nagendra048/aadhar-dataset/train/images,Error: C:\Program Files\Tesseract-OCR\tesseract.exe is not installed or it's not in your PATH. See README file for more information.
94eb12c96f2d79889f4856eb47ae25a4_jpg.rf.7111b6841ffbb7e3e840088e87164b94.jpg,/kaggle/input/datasets/nagendra048/aadhar-dataset/train/images,Error: C:\Program Files\Tesseract-OCR\tesseract.exe is not installed or it's not in your PATH. See README file for more information.
EodP1JyUUAAQ_o2_jpg.rf.ab63771eaac1dd0eb85baad5d31fefc5.jpg,/kaggle/input/datasets/nagendra048/aadhar-dataset/train/images,Error: C:\Program Files\Tesseract-OCR\tesseract.exe is not installed or it's not in your PATH. See README file for more information.
adhar_card_6402313_835x547-m_jpg.rf.538e542552afd2c3ce67518f66438f9a.jpg,/kaggle/input/datasets/nagendra048/aadhar-dataset/train/images,Error: C:\Program Files\Tesseract-OCR\tesseract.exe is not installed or it's not in your PATH. See README file for more information.
e46c99152bf3cfd347cc7ba27eb6ecd2_jpg.rf.ca00cd5b68d6e40c1cacc435bd5f69ba.jpg,/kaggle/input/datasets/nagendra048/aadhar-dataset/train/images,Error: C:\Program Files\Tesseract-OCR\tesseract.exe is not installed or it's not in your PATH. See README file for more information.
2b923b9c9b526e45022e18d0493946ba_jpg.rf.7591e048281079bbbb44bd3e5479ad22.jpg,/kaggle/input/datasets/nagendra048/aadhar-dataset/train/images,Error: C:\Program Files\Tesseract-OCR\tesseract.exe is not installed or it's not in your PATH. See README file for more information.
c7d12dabedb1da10342b91dea665a917-1-_jpg.rf.1769c4cedaf9fd894b30309bca6e1bbc.jpg,/kaggle/input/datasets/nagendra048/aadhar-dataset/train/images,Error: C:\Program Files\Tesseract-OCR\tesseract.exe is not installed or it's not in your PATH. See README file for more information.
6d8e67208737a556302565d3c61dc373_jpg.rf.ec4471afc6a2cc263ab3f89048db37bd.jpg,/kaggle/input/datasets/nagendra048/aadhar-dataset/train/images,Error: C:\Program Files\Tesseract-OCR\tesseract.exe is not installed or it's not in your PATH. See README file for more information.
6b6ad42e38094e11a2260c2694582da5_jpg.rf.848aad08badd53c6fad0a34b48a505b6.jpg,/kaggle/input/datasets/nagendra048/aadhar-dataset/train/images,Error: C:\Program Files\Tesseract-OCR\tesseract.exe is not installed or it's not in your PATH. See README file for more information.
maxresdefault-1_jpg.rf.e2864dac0630be565d43dd5cd8ca8c4a.jpg,/kaggle/input/datasets/nagendra048/aadhar-dataset/train/images,Error: C:\Program Files\Tesseract-OCR\tesseract.exe is not installed or it's not in your PATH. See README file for more information.
49fa3bcf36cda2851f2d12adc5f9f6db-2-_jpg.rf.e75db3f98eff1a9c6f3e75d1e4cdf220.jpg,/kaggle/input/datasets/nagendra048/aadhar-dataset/train/images,Error: C:\Program Files\Tesseract-OCR\tesseract.exe is not installed or it's not in your PATH. See README file for more information.
aa-Cover-k9ll0etrgjri1nlb9pgj8k12q2-20170526111344_jpg.rf.dcb23be490c69e12323ebaae1bd0030d.jpg,/kaggle/input/datasets/nagendra048/aadhar-dataset/train/images,Error: C:\Program Files\Tesseract-OCR\tesseract.exe is not installed or it's not in your PATH. See README file for more information.
b4047be5f6a409a7ac20777d25d5a058_jpg.rf.0a97db0e9c8481883813f3306060e287.jpg,/kaggle/input/datasets/nagendra048/aadhar-dataset/train/images,Error: C:\Program Files\Tesseract-OCR\tesseract.exe is not installed or it's not in your PATH. See README file for more information.
unnamed_jpg.rf.d736f305f2925d2ca8ce6c0154049109.jpg,/kaggle/input/datasets/nagendra048/aadhar-dataset/train/images,Error: C:\Program Files\Tesseract-OCR\tesseract.exe is not installed or it's not in your PATH. See README file for more information.
c69b7f40144bf1cd4051251754af93ed-1-_jpg.rf.1fc0a32f1e25b0fdf732fa27b85018a9.jpg,/kaggle/input/datasets/nagendra048/aadhar-dataset/train/images,Error: C:\Program Files\Tesseract-OCR\tesseract.exe is not installed or it's not in your PATH. See README file for more information.
b0d100d4275f891c2fbc6d9d56dbd123_jpg.rf.0851020da16190995c23e9963533783d.jpg,/kaggle/input/datasets/nagendra048/aadhar-dataset/train/images,Error: C:\Program Files\Tesseract-OCR\tesseract.exe is not installed or it's not in your PATH. See README file for more information.
8988c5603729dd48f76f59d6f3c6148e_jpg.rf.f62ee1e4d5a47c4c1ae1c75ed06ac5e0.jpg,/kaggle/input/datasets/nagendra048/aadhar-dataset/train/images,Error: C:\Program Files\Tesseract-OCR\tesseract.exe is not installed or it's not in your PATH. See README file for more information.
unnamed_jpg.rf.8ad651250d13748cb372be66f07bc905.jpg,/kaggle/input/datasets/nagendra048/aadhar-dataset/train/images,Error: C:\Program Files\Tesseract-OCR\tesseract.exe is not installed or it's not in your PATH. See README file for more information.
download_jpg.rf.912366d421b2af1117f4a3d3da034f74.jpg,/kaggle/input/datasets/nagendra048/aadhar-dataset/train/images,Error: C:\Program Files\Tesseract-OCR\tesseract.exe is not installed or it's not in your PATH. See README file for more information.
b4047be5f6a409a7ac20777d25d5a058_jpg.rf.a1a32f1f98a9e0cfcd6df30b27d96259.jpg,/kaggle/input/datasets/nagendra048/aadhar-dataset/train/images,Error: C:\Program Files\Tesseract-OCR\tesseract.exe is not installed or it's not in your PATH. See README file for more information.
8988c5603729dd48f76f59d6f3c6148e_jpg.rf.ab0522f712f12acda9b08d726ba8d04a.jpg,/kaggle/input/datasets/nagendra048/aadhar-dataset/train/images,Error: C:\Program Files\Tesseract-OCR\tesseract.exe is not installed or it's not in your PATH. See README file for more information.
1c89969c27b6f7ea57d47a74f579b5cc-2-_jpg.rf.cbafcd17d6c5771f4fc90ebcc72ddddb.jpg,/kaggle/input/datasets/nagendra048/aadhar-dataset/train/images,Error: C:\Program Files\Tesseract-OCR\tesseract.exe is not installed or it's not in your PATH. See README file for more information.
8c7dab60c3bdf9f210aaaca1a87c78de_jpg.rf.02474438c12f41cfe215ebd3bf50dc3a.jpg,/kaggle/input/datasets/nagendra048/aadhar-dataset/train/images,Error: C:\Program Files\Tesseract-OCR\tesseract.exe is not installed or it's not in your PATH. See README file for more information.
EL-ezv8UEAMzzu4_jpg.rf.9393bdcbc72baf874c1b4b79f1c30145.jpg,/kaggle/input/datasets/nagendra048/aadhar-dataset/train/images,Error: C:\Program Files\Tesseract-OCR\tesseract.exe is not installed or it's not in your PATH. See README file for more information.
bc2af9550a06aee72c9aa22a3c73f0fa_jpg.rf.741200df1b890ddfcf82d73db9cfec10.jpg,/kaggle/input/datasets/nagendra048/aadhar-dataset/train/images,Error: C:\Program Files\Tesseract-OCR\tesseract.exe is not installed or it's not in your PATH. See README file for more information.
102_509409293_jpg.rf.b8347c43ad436b3a3edca436819b2395.jpg,/kaggle/input/datasets/nagendra048/aadhar-dataset/train/images,Error: C:\Program Files\Tesseract-OCR\tesseract.exe is not installed or it's not in your PATH. See README file for more information.
46bad340b458a566dc6e2fd9cd2b1b33_jpg.rf.2f87b1bef637a08abb0ec4f290a82ebd.jpg,/kaggle/input/datasets/nagendra048/aadhar-dataset/train/images,Error: C:\Program Files\Tesseract-OCR\tesseract.exe is not installed or it's not in your PATH. See README file for more information.
EL-ezv8UEAMzzu4_jpg.rf.cf5d40c4f56aa61d5e7750d49adf9df4.jpg,/kaggle/input/datasets/nagendra048/aadhar-dataset/train/images,Error: C:\Program Files\Tesseract-OCR\tesseract.exe is not installed or it's not in your PATH. See README file for more information.
d9c5c2aa49da5daf5ab4a18dd030726c_jpg.rf.b430250e870f0239d9d8a31e24df3da0.jpg,/kaggle/input/datasets/nagendra048/aadhar-dataset/train/images,Error: C:\Program Files\Tesseract-OCR\tesseract.exe is not installed or it's not in your PATH. See README file for more information.
b71fb182905bbdeea99549bff81f9c22_jpg.rf.5ce188183bd08ee438583880342b7b97.jpg,/kaggle/input/datasets/nagendra048/aadhar-dataset/train/images,Error: C:\Program Files\Tesseract-OCR\tesseract.exe is not installed or it's not in your PATH. See README file for more information.
f99b3efadece9bde10e251760cc71b1c_jpg.rf.3a7bf2cc26ce9436a850425198ac19d0.jpg,/kaggle/input/datasets/nagendra048/aadhar-dataset/train/images,Error: C:\Program Files\Tesseract-OCR\tesseract.exe is not installed or it's not in your PATH. See README file for more information.
c7d12dabedb1da10342b91dea665a917-1-_jpg.rf.5916aa14c7ddb1a1fb7208966fc59211.jpg,/kaggle/input/datasets/nagendra048/aadhar-dataset/train/images,Error: C:\Program Files\Tesseract-OCR\tesseract.exe is not installed or it's not in your PATH. See README file for more information.
c69b7f40144bf1cd4051251754af93ed-1-_jpg.rf.11c9022630d510bde0a356292bc1c0e2.jpg,/kaggle/input/datasets/nagendra048/aadhar-dataset/train/images,Error: C:\Program Files\Tesseract-OCR\tesseract.exe is not installed or it's not in your PATH. See README file for more information.
bc2af9550a06aee72c9aa22a3c73f0fa_jpg.rf.4e5f1b923b0965dbcc774d545e51d747.jpg,/kaggle/input/datasets/nagendra048/aadhar-dataset/train/images,Error: C:\Program Files\Tesseract-OCR\tesseract.exe is not installed or it's not in your PATH. See README file for more information.
IMG-20180722-WA0038_jpg.rf.6575aec5f4fa278ebcc2cf88c0ba8e28.jpg,/kaggle/input/datasets/nagendra048/aadhar-dataset/train/images,Error: C:\Program Files\Tesseract-OCR\tesseract.exe is not installed or it's not in your PATH. See README file for more information.
0e0a5204f238d9c743ae456a8dc6529a_jpg.rf.281dfd62186b28541a98eb34b4a6b24c.jpg,/kaggle/input/datasets/nagendra048/aadhar-dataset/train/images,Error: C:\Program Files\Tesseract-OCR\tesseract.exe is not installed or it's not in your PATH. See README file for more information.
JAI_AADHAR_jpg.rf.c70c0e2fd5021f574b33f66254429319.jpg,/kaggle/input/datasets/nagendra048/aadhar-dataset/train/images,Error: C:\Program Files\Tesseract-OCR\tesseract.exe is not installed or it's not in your PATH. See README file for more information.
2bfd2f150b31581bac34445b5c49dd26_jpg.rf.3ec602dd5402365425fcae0bf595584d.jpg,/kaggle/input/datasets/nagendra048/aadhar-dataset/train/images,Error: C:\Program Files\Tesseract-OCR\tesseract.exe is not installed or it's not in your PATH. See README file for more information.
e46c99152bf3cfd347cc7ba27eb6ecd2_jpg.rf.5d93f0e6a649f128dbe899839758e831.jpg,/kaggle/input/datasets/nagendra048/aadhar-dataset/train/images,Error: C:\Program Files\Tesseract-OCR\tesseract.exe is not installed or it's not in your PATH. See README file for more information.
